group,object,norad,seed_utc,configuration,hours,error_m
SLR,lageos1,8820,2026-08-02T00:00:00.000000,E-a,1,8423.9806
SLR,lageos1,8820,2026-08-02T00:00:00.000000,E-a,6,106587.8081
SLR,lageos1,8820,2026-08-02T00:00:00.000000,E-a,12,193500.6076
SLR,lageos1,8820,2026-08-02T00:00:00.000000,E-a,24,395797.8404
SLR,lageos1,8820,2026-08-02T00:00:00.000000,E-a,48,825956.0929
SLR,lageos1,8820,2026-08-02T00:00:00.000000,E-a,72,1213015.1156
SLR,lageos1,8820,2026-08-02T00:00:00.000000,E-b,1,56.5481
SLR,lageos1,8820,2026-08-02T00:00:00.000000,E-b,6,86.4931
SLR,lageos1,8820,2026-08-02T00:00:00.000000,E-b,12,69.2518
SLR,lageos1,8820,2026-08-02T00:00:00.000000,E-b,24,118.3582
SLR,lageos1,8820,2026-08-02T00:00:00.000000,E-b,48,52.9259
SLR,lageos1,8820,2026-08-02T00:00:00.000000,E-b,72,279.7512
SLR,lageos1,8820,2026-08-02T00:00:00.000000,E-c,1,61.3348
SLR,lageos1,8820,2026-08-02T00:00:00.000000,E-c,6,164.4006
SLR,lageos1,8820,2026-08-02T00:00:00.000000,E-c,12,152.5102
SLR,lageos1,8820,2026-08-02T00:00:00.000000,E-c,24,467.9000
SLR,lageos1,8820,2026-08-02T00:00:00.000000,E-c,48,962.0957
SLR,lageos1,8820,2026-08-02T00:00:00.000000,E-c,72,1561.7793
SLR,lageos1,8820,2026-08-02T00:00:00.000000,E-d,1,61.3314
SLR,lageos1,8820,2026-08-02T00:00:00.000000,E-d,6,164.7126
SLR,lageos1,8820,2026-08-02T00:00:00.000000,E-d,12,152.6289
SLR,lageos1,8820,2026-08-02T00:00:00.000000,E-d,24,467.4804
SLR,lageos1,8820,2026-08-02T00:00:00.000000,E-d,48,966.3761
SLR,lageos1,8820,2026-08-02T00:00:00.000000,E-d,72,1563.3520
SLR,lageos1,8820,2026-08-02T00:00:00.000000,E-e,1,0.2020
SLR,lageos1,8820,2026-08-02T00:00:00.000000,E-e,6,2.3179
SLR,lageos1,8820,2026-08-02T00:00:00.000000,E-e,12,4.0731
SLR,lageos1,8820,2026-08-02T00:00:00.000000,E-e,24,8.0240
SLR,lageos1,8820,2026-08-02T00:00:00.000000,E-e,48,15.9939
SLR,lageos1,8820,2026-08-02T00:00:00.000000,E-e,72,22.3677
SLR,lageos1,8820,2026-08-02T00:00:00.000000,E-f,1,0.0833
SLR,lageos1,8820,2026-08-02T00:00:00.000000,E-f,6,1.0628
SLR,lageos1,8820,2026-08-02T00:00:00.000000,E-f,12,2.0069
SLR,lageos1,8820,2026-08-02T00:00:00.000000,E-f,24,3.9912
SLR,lageos1,8820,2026-08-02T00:00:00.000000,E-f,48,8.6377
SLR,lageos1,8820,2026-08-02T00:00:00.000000,E-f,72,12.4209
SLR,lageos1,8820,2026-08-05T00:00:00.000000,E-a,1,4843.3359
SLR,lageos1,8820,2026-08-05T00:00:00.000000,E-a,6,25835.1949
SLR,lageos1,8820,2026-08-05T00:00:00.000000,E-a,12,37005.0411
SLR,lageos1,8820,2026-08-05T00:00:00.000000,E-a,24,69565.4863
SLR,lageos1,8820,2026-08-05T00:00:00.000000,E-a,48,124286.5271
SLR,lageos1,8820,2026-08-05T00:00:00.000000,E-a,72,245074.3107
SLR,lageos1,8820,2026-08-05T00:00:00.000000,E-b,1,102.1825
SLR,lageos1,8820,2026-08-05T00:00:00.000000,E-b,6,339.5239
SLR,lageos1,8820,2026-08-05T00:00:00.000000,E-b,12,785.7511
SLR,lageos1,8820,2026-08-05T00:00:00.000000,E-b,24,1619.5666
SLR,lageos1,8820,2026-08-05T00:00:00.000000,E-b,48,3241.9131
SLR,lageos1,8820,2026-08-05T00:00:00.000000,E-b,72,4607.4986
SLR,lageos1,8820,2026-08-05T00:00:00.000000,E-c,1,91.2734
SLR,lageos1,8820,2026-08-05T00:00:00.000000,E-c,6,399.5852
SLR,lageos1,8820,2026-08-05T00:00:00.000000,E-c,12,889.6210
SLR,lageos1,8820,2026-08-05T00:00:00.000000,E-c,24,1816.7412
SLR,lageos1,8820,2026-08-05T00:00:00.000000,E-c,48,3750.3020
SLR,lageos1,8820,2026-08-05T00:00:00.000000,E-c,72,5435.2407
SLR,lageos1,8820,2026-08-05T00:00:00.000000,E-d,1,91.2492
SLR,lageos1,8820,2026-08-05T00:00:00.000000,E-d,6,399.3183
SLR,lageos1,8820,2026-08-05T00:00:00.000000,E-d,12,890.4781
SLR,lageos1,8820,2026-08-05T00:00:00.000000,E-d,24,1817.5651
SLR,lageos1,8820,2026-08-05T00:00:00.000000,E-d,48,3748.6161
SLR,lageos1,8820,2026-08-05T00:00:00.000000,E-d,72,5440.5709
SLR,lageos1,8820,2026-08-05T00:00:00.000000,E-e,1,0.0854
SLR,lageos1,8820,2026-08-05T00:00:00.000000,E-e,6,0.1603
SLR,lageos1,8820,2026-08-05T00:00:00.000000,E-e,12,0.3712
SLR,lageos1,8820,2026-08-05T00:00:00.000000,E-e,24,0.7934
SLR,lageos1,8820,2026-08-05T00:00:00.000000,E-e,48,1.1442
SLR,lageos1,8820,2026-08-05T00:00:00.000000,E-e,72,3.4625
SLR,lageos1,8820,2026-08-05T00:00:00.000000,E-f,1,0.0907
SLR,lageos1,8820,2026-08-05T00:00:00.000000,E-f,6,1.5140
SLR,lageos1,8820,2026-08-05T00:00:00.000000,E-f,12,2.4541
SLR,lageos1,8820,2026-08-05T00:00:00.000000,E-f,24,4.9054
SLR,lageos1,8820,2026-08-05T00:00:00.000000,E-f,48,10.2479
SLR,lageos1,8820,2026-08-05T00:00:00.000000,E-f,72,14.4441
SLR,lageos1,8820,2026-08-09T00:00:00.000000,E-a,1,5124.4772
SLR,lageos1,8820,2026-08-09T00:00:00.000000,E-a,6,41867.9422
SLR,lageos1,8820,2026-08-09T00:00:00.000000,E-a,12,67907.4432
SLR,lageos1,8820,2026-08-09T00:00:00.000000,E-a,24,145213.8169
SLR,lageos1,8820,2026-08-09T00:00:00.000000,E-a,48,287352.6362
SLR,lageos1,8820,2026-08-09T00:00:00.000000,E-a,72,436593.5690
SLR,lageos1,8820,2026-08-09T00:00:00.000000,E-b,1,44.8699
SLR,lageos1,8820,2026-08-09T00:00:00.000000,E-b,6,47.7917
SLR,lageos1,8820,2026-08-09T00:00:00.000000,E-b,12,304.8643
SLR,lageos1,8820,2026-08-09T00:00:00.000000,E-b,24,414.2836
SLR,lageos1,8820,2026-08-09T00:00:00.000000,E-b,48,840.0544
SLR,lageos1,8820,2026-08-09T00:00:00.000000,E-b,72,1143.2237
SLR,lageos1,8820,2026-08-09T00:00:00.000000,E-c,1,50.3677
SLR,lageos1,8820,2026-08-09T00:00:00.000000,E-c,6,75.8036
SLR,lageos1,8820,2026-08-09T00:00:00.000000,E-c,12,266.0220
SLR,lageos1,8820,2026-08-09T00:00:00.000000,E-c,24,325.3441
SLR,lageos1,8820,2026-08-09T00:00:00.000000,E-c,48,755.5961
SLR,lageos1,8820,2026-08-09T00:00:00.000000,E-c,72,972.5545
SLR,lageos1,8820,2026-08-09T00:00:00.000000,E-d,1,50.3941
SLR,lageos1,8820,2026-08-09T00:00:00.000000,E-d,6,75.8297
SLR,lageos1,8820,2026-08-09T00:00:00.000000,E-d,12,265.0516
SLR,lageos1,8820,2026-08-09T00:00:00.000000,E-d,24,324.6372
SLR,lageos1,8820,2026-08-09T00:00:00.000000,E-d,48,755.8317
SLR,lageos1,8820,2026-08-09T00:00:00.000000,E-d,72,965.7908
SLR,lageos1,8820,2026-08-09T00:00:00.000000,E-e,1,0.2400
SLR,lageos1,8820,2026-08-09T00:00:00.000000,E-e,6,3.0711
SLR,lageos1,8820,2026-08-09T00:00:00.000000,E-e,12,5.7258
SLR,lageos1,8820,2026-08-09T00:00:00.000000,E-e,24,12.2174
SLR,lageos1,8820,2026-08-09T00:00:00.000000,E-e,48,25.5717
SLR,lageos1,8820,2026-08-09T00:00:00.000000,E-e,72,37.9890
SLR,lageos1,8820,2026-08-09T00:00:00.000000,E-f,1,0.1208
SLR,lageos1,8820,2026-08-09T00:00:00.000000,E-f,6,1.8230
SLR,lageos1,8820,2026-08-09T00:00:00.000000,E-f,12,3.5053
SLR,lageos1,8820,2026-08-09T00:00:00.000000,E-f,24,7.3096
SLR,lageos1,8820,2026-08-09T00:00:00.000000,E-f,48,14.8755
SLR,lageos1,8820,2026-08-09T00:00:00.000000,E-f,72,21.7590
SLR,lageos1,8820,2026-08-12T00:00:00.000000,E-a,1,9477.9624
SLR,lageos1,8820,2026-08-12T00:00:00.000000,E-a,6,59143.6491
SLR,lageos1,8820,2026-08-12T00:00:00.000000,E-a,12,100232.6136
SLR,lageos1,8820,2026-08-12T00:00:00.000000,E-a,24,214715.9577
SLR,lageos1,8820,2026-08-12T00:00:00.000000,E-a,48,428296.2901
SLR,lageos1,8820,2026-08-12T00:00:00.000000,E-a,72,604457.4785
SLR,lageos1,8820,2026-08-12T00:00:00.000000,E-b,1,36.1454
SLR,lageos1,8820,2026-08-12T00:00:00.000000,E-b,6,291.9955
SLR,lageos1,8820,2026-08-12T00:00:00.000000,E-b,12,159.5020
SLR,lageos1,8820,2026-08-12T00:00:00.000000,E-b,24,483.2270
SLR,lageos1,8820,2026-08-12T00:00:00.000000,E-b,48,949.4054
SLR,lageos1,8820,2026-08-12T00:00:00.000000,E-b,72,1380.6499
SLR,lageos1,8820,2026-08-12T00:00:00.000000,E-c,1,32.5749
SLR,lageos1,8820,2026-08-12T00:00:00.000000,E-c,6,152.5250
SLR,lageos1,8820,2026-08-12T00:00:00.000000,E-c,12,117.8217
SLR,lageos1,8820,2026-08-12T00:00:00.000000,E-c,24,42.5758
SLR,lageos1,8820,2026-08-12T00:00:00.000000,E-c,48,69.4632
SLR,lageos1,8820,2026-08-12T00:00:00.000000,E-c,72,48.5986
SLR,lageos1,8820,2026-08-12T00:00:00.000000,E-d,1,32.5894
SLR,lageos1,8820,2026-08-12T00:00:00.000000,E-d,6,152.6420
SLR,lageos1,8820,2026-08-12T00:00:00.000000,E-d,12,117.0670
SLR,lageos1,8820,2026-08-12T00:00:00.000000,E-d,24,42.9348
SLR,lageos1,8820,2026-08-12T00:00:00.000000,E-d,48,65.5813
SLR,lageos1,8820,2026-08-12T00:00:00.000000,E-d,72,54.8816
SLR,lageos1,8820,2026-08-12T00:00:00.000000,E-e,1,0.1384
SLR,lageos1,8820,2026-08-12T00:00:00.000000,E-e,6,1.2023
SLR,lageos1,8820,2026-08-12T00:00:00.000000,E-e,12,2.3314
SLR,lageos1,8820,2026-08-12T00:00:00.000000,E-e,24,4.0541
SLR,lageos1,8820,2026-08-12T00:00:00.000000,E-e,48,8.1438
SLR,lageos1,8820,2026-08-12T00:00:00.000000,E-e,72,9.8385
SLR,lageos1,8820,2026-08-12T00:00:00.000000,E-f,1,0.1281
SLR,lageos1,8820,2026-08-12T00:00:00.000000,E-f,6,1.3333
SLR,lageos1,8820,2026-08-12T00:00:00.000000,E-f,12,2.3787
SLR,lageos1,8820,2026-08-12T00:00:00.000000,E-f,24,4.7487
SLR,lageos1,8820,2026-08-12T00:00:00.000000,E-f,48,9.9556
SLR,lageos1,8820,2026-08-12T00:00:00.000000,E-f,72,14.0691
SLR,lageos2,22195,2026-08-02T00:00:00.000000,E-a,1,3019.9569
SLR,lageos2,22195,2026-08-02T00:00:00.000000,E-a,6,25475.4532
SLR,lageos2,22195,2026-08-02T00:00:00.000000,E-a,12,47335.6513
SLR,lageos2,22195,2026-08-02T00:00:00.000000,E-a,24,54353.3542
SLR,lageos2,22195,2026-08-02T00:00:00.000000,E-a,48,99245.1273
SLR,lageos2,22195,2026-08-02T00:00:00.000000,E-a,72,109539.6511
SLR,lageos2,22195,2026-08-02T00:00:00.000000,E-b,1,28.7037
SLR,lageos2,22195,2026-08-02T00:00:00.000000,E-b,6,259.3832
SLR,lageos2,22195,2026-08-02T00:00:00.000000,E-b,12,139.9518
SLR,lageos2,22195,2026-08-02T00:00:00.000000,E-b,24,160.8065
SLR,lageos2,22195,2026-08-02T00:00:00.000000,E-b,48,591.7364
SLR,lageos2,22195,2026-08-02T00:00:00.000000,E-b,72,1032.6286
SLR,lageos2,22195,2026-08-02T00:00:00.000000,E-c,1,35.5563
SLR,lageos2,22195,2026-08-02T00:00:00.000000,E-c,6,368.4664
SLR,lageos2,22195,2026-08-02T00:00:00.000000,E-c,12,303.2487
SLR,lageos2,22195,2026-08-02T00:00:00.000000,E-c,24,509.8568
SLR,lageos2,22195,2026-08-02T00:00:00.000000,E-c,48,1239.9191
SLR,lageos2,22195,2026-08-02T00:00:00.000000,E-c,72,1719.0277
SLR,lageos2,22195,2026-08-02T00:00:00.000000,E-d,1,35.5427
SLR,lageos2,22195,2026-08-02T00:00:00.000000,E-d,6,368.2703
SLR,lageos2,22195,2026-08-02T00:00:00.000000,E-d,12,303.4815
SLR,lageos2,22195,2026-08-02T00:00:00.000000,E-d,24,509.9242
SLR,lageos2,22195,2026-08-02T00:00:00.000000,E-d,48,1238.5623
SLR,lageos2,22195,2026-08-02T00:00:00.000000,E-d,72,1720.0664
SLR,lageos2,22195,2026-08-02T00:00:00.000000,E-e,1,0.1739
SLR,lageos2,22195,2026-08-02T00:00:00.000000,E-e,6,2.2104
SLR,lageos2,22195,2026-08-02T00:00:00.000000,E-e,12,3.8412
SLR,lageos2,22195,2026-08-02T00:00:00.000000,E-e,24,7.2048
SLR,lageos2,22195,2026-08-02T00:00:00.000000,E-e,48,13.0902
SLR,lageos2,22195,2026-08-02T00:00:00.000000,E-e,72,17.1775
SLR,lageos2,22195,2026-08-02T00:00:00.000000,E-f,1,0.0750
SLR,lageos2,22195,2026-08-02T00:00:00.000000,E-f,6,1.1084
SLR,lageos2,22195,2026-08-02T00:00:00.000000,E-f,12,1.9237
SLR,lageos2,22195,2026-08-02T00:00:00.000000,E-f,24,3.9433
SLR,lageos2,22195,2026-08-02T00:00:00.000000,E-f,48,8.4308
SLR,lageos2,22195,2026-08-02T00:00:00.000000,E-f,72,12.9698
SLR,lageos2,22195,2026-08-05T00:00:00.000000,E-a,1,5774.5518
SLR,lageos2,22195,2026-08-05T00:00:00.000000,E-a,6,51906.9663
SLR,lageos2,22195,2026-08-05T00:00:00.000000,E-a,12,99632.7431
SLR,lageos2,22195,2026-08-05T00:00:00.000000,E-a,24,177594.1057
SLR,lageos2,22195,2026-08-05T00:00:00.000000,E-a,48,356109.8901
SLR,lageos2,22195,2026-08-05T00:00:00.000000,E-a,72,545854.3539
SLR,lageos2,22195,2026-08-05T00:00:00.000000,E-b,1,23.5919
SLR,lageos2,22195,2026-08-05T00:00:00.000000,E-b,6,180.2261
SLR,lageos2,22195,2026-08-05T00:00:00.000000,E-b,12,779.2419
SLR,lageos2,22195,2026-08-05T00:00:00.000000,E-b,24,1515.6369
SLR,lageos2,22195,2026-08-05T00:00:00.000000,E-b,48,3126.1888
SLR,lageos2,22195,2026-08-05T00:00:00.000000,E-b,72,4846.8185
SLR,lageos2,22195,2026-08-05T00:00:00.000000,E-c,1,23.1516
SLR,lageos2,22195,2026-08-05T00:00:00.000000,E-c,6,248.4584
SLR,lageos2,22195,2026-08-05T00:00:00.000000,E-c,12,855.5714
SLR,lageos2,22195,2026-08-05T00:00:00.000000,E-c,24,1710.4620
SLR,lageos2,22195,2026-08-05T00:00:00.000000,E-c,48,3503.7805
SLR,lageos2,22195,2026-08-05T00:00:00.000000,E-c,72,5292.5641
SLR,lageos2,22195,2026-08-05T00:00:00.000000,E-d,1,23.1451
SLR,lageos2,22195,2026-08-05T00:00:00.000000,E-d,6,248.2930
SLR,lageos2,22195,2026-08-05T00:00:00.000000,E-d,12,855.4663
SLR,lageos2,22195,2026-08-05T00:00:00.000000,E-d,24,1710.4979
SLR,lageos2,22195,2026-08-05T00:00:00.000000,E-d,48,3501.1751
SLR,lageos2,22195,2026-08-05T00:00:00.000000,E-d,72,5292.9029
SLR,lageos2,22195,2026-08-05T00:00:00.000000,E-e,1,0.1159
SLR,lageos2,22195,2026-08-05T00:00:00.000000,E-e,6,0.8621
SLR,lageos2,22195,2026-08-05T00:00:00.000000,E-e,12,1.3770
SLR,lageos2,22195,2026-08-05T00:00:00.000000,E-e,24,2.2461
SLR,lageos2,22195,2026-08-05T00:00:00.000000,E-e,48,5.0064
SLR,lageos2,22195,2026-08-05T00:00:00.000000,E-e,72,8.7104
SLR,lageos2,22195,2026-08-05T00:00:00.000000,E-f,1,0.0675
SLR,lageos2,22195,2026-08-05T00:00:00.000000,E-f,6,0.6149
SLR,lageos2,22195,2026-08-05T00:00:00.000000,E-f,12,0.8141
SLR,lageos2,22195,2026-08-05T00:00:00.000000,E-f,24,1.3972
SLR,lageos2,22195,2026-08-05T00:00:00.000000,E-f,48,3.3351
SLR,lageos2,22195,2026-08-05T00:00:00.000000,E-f,72,5.0700
SLR,lageos2,22195,2026-08-09T00:00:00.000000,E-a,1,7003.5860
SLR,lageos2,22195,2026-08-09T00:00:00.000000,E-a,6,24386.3715
SLR,lageos2,22195,2026-08-09T00:00:00.000000,E-a,12,57143.1797
SLR,lageos2,22195,2026-08-09T00:00:00.000000,E-a,24,100801.9507
SLR,lageos2,22195,2026-08-09T00:00:00.000000,E-a,48,215642.4004
SLR,lageos2,22195,2026-08-09T00:00:00.000000,E-a,72,346994.4516
SLR,lageos2,22195,2026-08-09T00:00:00.000000,E-b,1,78.8229
SLR,lageos2,22195,2026-08-09T00:00:00.000000,E-b,6,502.6137
SLR,lageos2,22195,2026-08-09T00:00:00.000000,E-b,12,1102.4652
SLR,lageos2,22195,2026-08-09T00:00:00.000000,E-b,24,2233.2826
SLR,lageos2,22195,2026-08-09T00:00:00.000000,E-b,48,4355.7881
SLR,lageos2,22195,2026-08-09T00:00:00.000000,E-b,72,6902.6396
SLR,lageos2,22195,2026-08-09T00:00:00.000000,E-c,1,67.2497
SLR,lageos2,22195,2026-08-09T00:00:00.000000,E-c,6,485.4203
SLR,lageos2,22195,2026-08-09T00:00:00.000000,E-c,12,1072.7828
SLR,lageos2,22195,2026-08-09T00:00:00.000000,E-c,24,2112.8982
SLR,lageos2,22195,2026-08-09T00:00:00.000000,E-c,48,3983.9923
SLR,lageos2,22195,2026-08-09T00:00:00.000000,E-c,72,6218.1650
SLR,lageos2,22195,2026-08-09T00:00:00.000000,E-d,1,67.2547
SLR,lageos2,22195,2026-08-09T00:00:00.000000,E-d,6,485.4025
SLR,lageos2,22195,2026-08-09T00:00:00.000000,E-d,12,1072.3478
SLR,lageos2,22195,2026-08-09T00:00:00.000000,E-d,24,2112.8708
SLR,lageos2,22195,2026-08-09T00:00:00.000000,E-d,48,3981.6065
SLR,lageos2,22195,2026-08-09T00:00:00.000000,E-d,72,6217.4685
SLR,lageos2,22195,2026-08-09T00:00:00.000000,E-e,1,0.2825
SLR,lageos2,22195,2026-08-09T00:00:00.000000,E-e,6,3.8010
SLR,lageos2,22195,2026-08-09T00:00:00.000000,E-e,12,6.8231
SLR,lageos2,22195,2026-08-09T00:00:00.000000,E-e,24,14.9899
SLR,lageos2,22195,2026-08-09T00:00:00.000000,E-e,48,32.0844
SLR,lageos2,22195,2026-08-09T00:00:00.000000,E-e,72,51.0458
SLR,lageos2,22195,2026-08-09T00:00:00.000000,E-f,1,0.1299
SLR,lageos2,22195,2026-08-09T00:00:00.000000,E-f,6,2.0358
SLR,lageos2,22195,2026-08-09T00:00:00.000000,E-f,12,3.5781
SLR,lageos2,22195,2026-08-09T00:00:00.000000,E-f,24,7.5886
SLR,lageos2,22195,2026-08-09T00:00:00.000000,E-f,48,15.1462
SLR,lageos2,22195,2026-08-09T00:00:00.000000,E-f,72,22.9378
SLR,lageos2,22195,2026-08-12T00:00:00.000000,E-a,1,5470.4604
SLR,lageos2,22195,2026-08-12T00:00:00.000000,E-a,6,28664.7151
SLR,lageos2,22195,2026-08-12T00:00:00.000000,E-a,12,60664.2707
SLR,lageos2,22195,2026-08-12T00:00:00.000000,E-a,24,151074.9339
SLR,lageos2,22195,2026-08-12T00:00:00.000000,E-a,48,317624.2170
SLR,lageos2,22195,2026-08-12T00:00:00.000000,E-a,72,475382.0484
SLR,lageos2,22195,2026-08-12T00:00:00.000000,E-b,1,55.0233
SLR,lageos2,22195,2026-08-12T00:00:00.000000,E-b,6,150.3858
SLR,lageos2,22195,2026-08-12T00:00:00.000000,E-b,12,191.2341
SLR,lageos2,22195,2026-08-12T00:00:00.000000,E-b,24,388.1051
SLR,lageos2,22195,2026-08-12T00:00:00.000000,E-b,48,762.7278
SLR,lageos2,22195,2026-08-12T00:00:00.000000,E-b,72,907.0622
SLR,lageos2,22195,2026-08-12T00:00:00.000000,E-c,1,57.0984
SLR,lageos2,22195,2026-08-12T00:00:00.000000,E-c,6,266.1999
SLR,lageos2,22195,2026-08-12T00:00:00.000000,E-c,12,60.4953
SLR,lageos2,22195,2026-08-12T00:00:00.000000,E-c,24,137.0747
SLR,lageos2,22195,2026-08-12T00:00:00.000000,E-c,48,293.3640
SLR,lageos2,22195,2026-08-12T00:00:00.000000,E-c,72,411.4932
SLR,lageos2,22195,2026-08-12T00:00:00.000000,E-d,1,57.1181
SLR,lageos2,22195,2026-08-12T00:00:00.000000,E-d,6,266.3133
SLR,lageos2,22195,2026-08-12T00:00:00.000000,E-d,12,60.1281
SLR,lageos2,22195,2026-08-12T00:00:00.000000,E-d,24,137.1088
SLR,lageos2,22195,2026-08-12T00:00:00.000000,E-d,48,292.3761
SLR,lageos2,22195,2026-08-12T00:00:00.000000,E-d,72,410.4174
SLR,lageos2,22195,2026-08-12T00:00:00.000000,E-e,1,0.3123
SLR,lageos2,22195,2026-08-12T00:00:00.000000,E-e,6,3.7499
SLR,lageos2,22195,2026-08-12T00:00:00.000000,E-e,12,6.4852
SLR,lageos2,22195,2026-08-12T00:00:00.000000,E-e,24,13.3654
SLR,lageos2,22195,2026-08-12T00:00:00.000000,E-e,48,26.5054
SLR,lageos2,22195,2026-08-12T00:00:00.000000,E-e,72,36.1056
SLR,lageos2,22195,2026-08-12T00:00:00.000000,E-f,1,0.1045
SLR,lageos2,22195,2026-08-12T00:00:00.000000,E-f,6,1.1623
SLR,lageos2,22195,2026-08-12T00:00:00.000000,E-f,12,1.8508
SLR,lageos2,22195,2026-08-12T00:00:00.000000,E-f,24,3.7839
SLR,lageos2,22195,2026-08-12T00:00:00.000000,E-f,48,8.3952
SLR,lageos2,22195,2026-08-12T00:00:00.000000,E-f,72,12.2343
SLR,etalon1,19751,2026-08-02T00:00:00.000000,E-a,1,344.0129
SLR,etalon1,19751,2026-08-02T00:00:00.000000,E-a,6,4575.1643
SLR,etalon1,19751,2026-08-02T00:00:00.000000,E-a,12,9961.7893
SLR,etalon1,19751,2026-08-02T00:00:00.000000,E-a,24,17926.1234
SLR,etalon1,19751,2026-08-02T00:00:00.000000,E-a,48,36276.5103
SLR,etalon1,19751,2026-08-02T00:00:00.000000,E-a,72,65722.7041
SLR,etalon1,19751,2026-08-02T00:00:00.000000,E-b,1,17.5891
SLR,etalon1,19751,2026-08-02T00:00:00.000000,E-b,6,318.0316
SLR,etalon1,19751,2026-08-02T00:00:00.000000,E-b,12,845.1209
SLR,etalon1,19751,2026-08-02T00:00:00.000000,E-b,24,1543.4111
SLR,etalon1,19751,2026-08-02T00:00:00.000000,E-b,48,2641.4445
SLR,etalon1,19751,2026-08-02T00:00:00.000000,E-b,72,3835.9153
SLR,etalon1,19751,2026-08-02T00:00:00.000000,E-c,1,1.6842
SLR,etalon1,19751,2026-08-02T00:00:00.000000,E-c,6,17.5552
SLR,etalon1,19751,2026-08-02T00:00:00.000000,E-c,12,173.4296
SLR,etalon1,19751,2026-08-02T00:00:00.000000,E-c,24,327.0813
SLR,etalon1,19751,2026-08-02T00:00:00.000000,E-c,48,606.4143
SLR,etalon1,19751,2026-08-02T00:00:00.000000,E-c,72,738.9463
SLR,etalon1,19751,2026-08-02T00:00:00.000000,E-d,1,1.6695
SLR,etalon1,19751,2026-08-02T00:00:00.000000,E-d,6,17.1471
SLR,etalon1,19751,2026-08-02T00:00:00.000000,E-d,12,168.1316
SLR,etalon1,19751,2026-08-02T00:00:00.000000,E-d,24,316.5430
SLR,etalon1,19751,2026-08-02T00:00:00.000000,E-d,48,591.0536
SLR,etalon1,19751,2026-08-02T00:00:00.000000,E-d,72,730.0849
SLR,etalon1,19751,2026-08-02T00:00:00.000000,E-e,1,0.0525
SLR,etalon1,19751,2026-08-02T00:00:00.000000,E-e,6,0.9635
SLR,etalon1,19751,2026-08-02T00:00:00.000000,E-e,12,1.7689
SLR,etalon1,19751,2026-08-02T00:00:00.000000,E-e,24,3.6179
SLR,etalon1,19751,2026-08-02T00:00:00.000000,E-e,48,7.0107
SLR,etalon1,19751,2026-08-02T00:00:00.000000,E-e,72,10.3186
SLR,etalon1,19751,2026-08-02T00:00:00.000000,E-f,1,0.0532
SLR,etalon1,19751,2026-08-02T00:00:00.000000,E-f,6,1.2942
SLR,etalon1,19751,2026-08-02T00:00:00.000000,E-f,12,2.3573
SLR,etalon1,19751,2026-08-02T00:00:00.000000,E-f,24,4.8076
SLR,etalon1,19751,2026-08-02T00:00:00.000000,E-f,48,9.3964
SLR,etalon1,19751,2026-08-02T00:00:00.000000,E-f,72,13.7790
SLR,etalon1,19751,2026-08-05T00:00:00.000000,E-a,1,379.4847
SLR,etalon1,19751,2026-08-05T00:00:00.000000,E-a,6,7665.5457
SLR,etalon1,19751,2026-08-05T00:00:00.000000,E-a,12,11184.8820
SLR,etalon1,19751,2026-08-05T00:00:00.000000,E-a,24,21835.0256
SLR,etalon1,19751,2026-08-05T00:00:00.000000,E-a,48,38146.4258
SLR,etalon1,19751,2026-08-05T00:00:00.000000,E-a,72,60601.7678
SLR,etalon1,19751,2026-08-05T00:00:00.000000,E-b,1,17.7420
SLR,etalon1,19751,2026-08-05T00:00:00.000000,E-b,6,194.9719
SLR,etalon1,19751,2026-08-05T00:00:00.000000,E-b,12,452.9437
SLR,etalon1,19751,2026-08-05T00:00:00.000000,E-b,24,1056.0830
SLR,etalon1,19751,2026-08-05T00:00:00.000000,E-b,48,1978.8110
SLR,etalon1,19751,2026-08-05T00:00:00.000000,E-b,72,1515.6514
SLR,etalon1,19751,2026-08-05T00:00:00.000000,E-c,1,3.4410
SLR,etalon1,19751,2026-08-05T00:00:00.000000,E-c,6,140.7935
SLR,etalon1,19751,2026-08-05T00:00:00.000000,E-c,12,161.2365
SLR,etalon1,19751,2026-08-05T00:00:00.000000,E-c,24,178.0145
SLR,etalon1,19751,2026-08-05T00:00:00.000000,E-c,48,206.0174
SLR,etalon1,19751,2026-08-05T00:00:00.000000,E-c,72,319.9902
SLR,etalon1,19751,2026-08-05T00:00:00.000000,E-d,1,3.4708
SLR,etalon1,19751,2026-08-05T00:00:00.000000,E-d,6,142.5901
SLR,etalon1,19751,2026-08-05T00:00:00.000000,E-d,12,159.0500
SLR,etalon1,19751,2026-08-05T00:00:00.000000,E-d,24,172.6685
SLR,etalon1,19751,2026-08-05T00:00:00.000000,E-d,48,192.3068
SLR,etalon1,19751,2026-08-05T00:00:00.000000,E-d,72,309.9774
SLR,etalon1,19751,2026-08-05T00:00:00.000000,E-e,1,0.0357
SLR,etalon1,19751,2026-08-05T00:00:00.000000,E-e,6,1.1015
SLR,etalon1,19751,2026-08-05T00:00:00.000000,E-e,12,2.0380
SLR,etalon1,19751,2026-08-05T00:00:00.000000,E-e,24,3.8689
SLR,etalon1,19751,2026-08-05T00:00:00.000000,E-e,48,7.2473
SLR,etalon1,19751,2026-08-05T00:00:00.000000,E-e,72,9.9601
SLR,etalon1,19751,2026-08-05T00:00:00.000000,E-f,1,0.0346
SLR,etalon1,19751,2026-08-05T00:00:00.000000,E-f,6,0.9688
SLR,etalon1,19751,2026-08-05T00:00:00.000000,E-f,12,1.8109
SLR,etalon1,19751,2026-08-05T00:00:00.000000,E-f,24,3.4884
SLR,etalon1,19751,2026-08-05T00:00:00.000000,E-f,48,6.7802
SLR,etalon1,19751,2026-08-05T00:00:00.000000,E-f,72,9.6621
SLR,etalon1,19751,2026-08-09T00:00:00.000000,E-a,1,374.7849
SLR,etalon1,19751,2026-08-09T00:00:00.000000,E-a,6,7418.5476
SLR,etalon1,19751,2026-08-09T00:00:00.000000,E-a,12,12706.4581
SLR,etalon1,19751,2026-08-09T00:00:00.000000,E-a,24,24418.9230
SLR,etalon1,19751,2026-08-09T00:00:00.000000,E-a,48,46051.8787
SLR,etalon1,19751,2026-08-09T00:00:00.000000,E-a,72,77830.6716
SLR,etalon1,19751,2026-08-09T00:00:00.000000,E-b,1,30.9669
SLR,etalon1,19751,2026-08-09T00:00:00.000000,E-b,6,1218.8618
SLR,etalon1,19751,2026-08-09T00:00:00.000000,E-b,12,628.6204
SLR,etalon1,19751,2026-08-09T00:00:00.000000,E-b,24,1238.9890
SLR,etalon1,19751,2026-08-09T00:00:00.000000,E-b,48,2255.8820
SLR,etalon1,19751,2026-08-09T00:00:00.000000,E-b,72,3780.3973
SLR,etalon1,19751,2026-08-09T00:00:00.000000,E-c,1,2.2680
SLR,etalon1,19751,2026-08-09T00:00:00.000000,E-c,6,79.1656
SLR,etalon1,19751,2026-08-09T00:00:00.000000,E-c,12,43.8440
SLR,etalon1,19751,2026-08-09T00:00:00.000000,E-c,24,67.4207
SLR,etalon1,19751,2026-08-09T00:00:00.000000,E-c,48,32.3913
SLR,etalon1,19751,2026-08-09T00:00:00.000000,E-c,72,168.3624
SLR,etalon1,19751,2026-08-09T00:00:00.000000,E-d,1,2.2383
SLR,etalon1,19751,2026-08-09T00:00:00.000000,E-d,6,77.5365
SLR,etalon1,19751,2026-08-09T00:00:00.000000,E-d,12,42.2359
SLR,etalon1,19751,2026-08-09T00:00:00.000000,E-d,24,69.4205
SLR,etalon1,19751,2026-08-09T00:00:00.000000,E-d,48,26.2503
SLR,etalon1,19751,2026-08-09T00:00:00.000000,E-d,72,173.9176
SLR,etalon1,19751,2026-08-09T00:00:00.000000,E-e,1,0.1105
SLR,etalon1,19751,2026-08-09T00:00:00.000000,E-e,6,2.1813
SLR,etalon1,19751,2026-08-09T00:00:00.000000,E-e,12,3.8198
SLR,etalon1,19751,2026-08-09T00:00:00.000000,E-e,24,7.8381
SLR,etalon1,19751,2026-08-09T00:00:00.000000,E-e,48,15.3678
SLR,etalon1,19751,2026-08-09T00:00:00.000000,E-e,72,22.5039
SLR,etalon1,19751,2026-08-09T00:00:00.000000,E-f,1,0.1123
SLR,etalon1,19751,2026-08-09T00:00:00.000000,E-f,6,2.0634
SLR,etalon1,19751,2026-08-09T00:00:00.000000,E-f,12,3.7200
SLR,etalon1,19751,2026-08-09T00:00:00.000000,E-f,24,7.6578
SLR,etalon1,19751,2026-08-09T00:00:00.000000,E-f,48,15.1676
SLR,etalon1,19751,2026-08-09T00:00:00.000000,E-f,72,22.5967
SLR,etalon1,19751,2026-08-12T00:00:00.000000,E-a,1,331.5784
SLR,etalon1,19751,2026-08-12T00:00:00.000000,E-a,6,4223.1648
SLR,etalon1,19751,2026-08-12T00:00:00.000000,E-a,12,11287.8665
SLR,etalon1,19751,2026-08-12T00:00:00.000000,E-a,24,22736.3040
SLR,etalon1,19751,2026-08-12T00:00:00.000000,E-a,48,39511.6632
SLR,etalon1,19751,2026-08-12T00:00:00.000000,E-a,72,53787.8310
SLR,etalon1,19751,2026-08-12T00:00:00.000000,E-b,1,21.3594
SLR,etalon1,19751,2026-08-12T00:00:00.000000,E-b,6,594.2650
SLR,etalon1,19751,2026-08-12T00:00:00.000000,E-b,12,1087.5033
SLR,etalon1,19751,2026-08-12T00:00:00.000000,E-b,24,1851.9987
SLR,etalon1,19751,2026-08-12T00:00:00.000000,E-b,48,2304.9665
SLR,etalon1,19751,2026-08-12T00:00:00.000000,E-b,72,2972.0879
SLR,etalon1,19751,2026-08-12T00:00:00.000000,E-c,1,3.2044
SLR,etalon1,19751,2026-08-12T00:00:00.000000,E-c,6,147.0756
SLR,etalon1,19751,2026-08-12T00:00:00.000000,E-c,12,138.2500
SLR,etalon1,19751,2026-08-12T00:00:00.000000,E-c,24,162.7317
SLR,etalon1,19751,2026-08-12T00:00:00.000000,E-c,48,232.2152
SLR,etalon1,19751,2026-08-12T00:00:00.000000,E-c,72,329.1466
SLR,etalon1,19751,2026-08-12T00:00:00.000000,E-d,1,3.2054
SLR,etalon1,19751,2026-08-12T00:00:00.000000,E-d,6,148.9466
SLR,etalon1,19751,2026-08-12T00:00:00.000000,E-d,12,139.3592
SLR,etalon1,19751,2026-08-12T00:00:00.000000,E-d,24,163.0933
SLR,etalon1,19751,2026-08-12T00:00:00.000000,E-d,48,226.4545
SLR,etalon1,19751,2026-08-12T00:00:00.000000,E-d,72,322.0433
SLR,etalon1,19751,2026-08-12T00:00:00.000000,E-e,1,0.1653
SLR,etalon1,19751,2026-08-12T00:00:00.000000,E-e,6,2.6811
SLR,etalon1,19751,2026-08-12T00:00:00.000000,E-e,12,4.1297
SLR,etalon1,19751,2026-08-12T00:00:00.000000,E-e,24,8.3525
SLR,etalon1,19751,2026-08-12T00:00:00.000000,E-e,48,16.4940
SLR,etalon1,19751,2026-08-12T00:00:00.000000,E-e,72,25.8650
SLR,etalon1,19751,2026-08-12T00:00:00.000000,E-f,1,0.1667
SLR,etalon1,19751,2026-08-12T00:00:00.000000,E-f,6,3.0385
SLR,etalon1,19751,2026-08-12T00:00:00.000000,E-f,12,4.7270
SLR,etalon1,19751,2026-08-12T00:00:00.000000,E-f,24,9.6588
SLR,etalon1,19751,2026-08-12T00:00:00.000000,E-f,48,19.4656
SLR,etalon1,19751,2026-08-12T00:00:00.000000,E-f,72,30.7292
SLR,etalon2,20026,2026-08-02T00:00:00.000000,E-a,1,360.8703
SLR,etalon2,20026,2026-08-02T00:00:00.000000,E-a,6,8320.2245
SLR,etalon2,20026,2026-08-02T00:00:00.000000,E-a,12,14049.4368
SLR,etalon2,20026,2026-08-02T00:00:00.000000,E-a,24,27038.6879
SLR,etalon2,20026,2026-08-02T00:00:00.000000,E-a,48,54064.6988
SLR,etalon2,20026,2026-08-02T00:00:00.000000,E-a,72,91381.8046
SLR,etalon2,20026,2026-08-02T00:00:00.000000,E-b,1,29.4957
SLR,etalon2,20026,2026-08-02T00:00:00.000000,E-b,6,925.9165
SLR,etalon2,20026,2026-08-02T00:00:00.000000,E-b,12,1000.9645
SLR,etalon2,20026,2026-08-02T00:00:00.000000,E-b,24,2192.0489
SLR,etalon2,20026,2026-08-02T00:00:00.000000,E-b,48,5085.6053
SLR,etalon2,20026,2026-08-02T00:00:00.000000,E-b,72,8657.4577
SLR,etalon2,20026,2026-08-02T00:00:00.000000,E-c,1,3.5793
SLR,etalon2,20026,2026-08-02T00:00:00.000000,E-c,6,136.5993
SLR,etalon2,20026,2026-08-02T00:00:00.000000,E-c,12,33.3526
SLR,etalon2,20026,2026-08-02T00:00:00.000000,E-c,24,92.3244
SLR,etalon2,20026,2026-08-02T00:00:00.000000,E-c,48,176.8723
SLR,etalon2,20026,2026-08-02T00:00:00.000000,E-c,72,512.3004
SLR,etalon2,20026,2026-08-02T00:00:00.000000,E-d,1,3.6065
SLR,etalon2,20026,2026-08-02T00:00:00.000000,E-d,6,135.2068
SLR,etalon2,20026,2026-08-02T00:00:00.000000,E-d,12,28.7514
SLR,etalon2,20026,2026-08-02T00:00:00.000000,E-d,24,81.8668
SLR,etalon2,20026,2026-08-02T00:00:00.000000,E-d,48,172.1407
SLR,etalon2,20026,2026-08-02T00:00:00.000000,E-d,72,512.4190
SLR,etalon2,20026,2026-08-02T00:00:00.000000,E-e,1,0.0271
SLR,etalon2,20026,2026-08-02T00:00:00.000000,E-e,6,0.1124
SLR,etalon2,20026,2026-08-02T00:00:00.000000,E-e,12,0.2483
SLR,etalon2,20026,2026-08-02T00:00:00.000000,E-e,24,0.3555
SLR,etalon2,20026,2026-08-02T00:00:00.000000,E-e,48,1.3414
SLR,etalon2,20026,2026-08-02T00:00:00.000000,E-e,72,2.8998
SLR,etalon2,20026,2026-08-02T00:00:00.000000,E-f,1,0.0320
SLR,etalon2,20026,2026-08-02T00:00:00.000000,E-f,6,0.2534
SLR,etalon2,20026,2026-08-02T00:00:00.000000,E-f,12,0.1057
SLR,etalon2,20026,2026-08-02T00:00:00.000000,E-f,24,0.3883
SLR,etalon2,20026,2026-08-02T00:00:00.000000,E-f,48,1.8632
SLR,etalon2,20026,2026-08-02T00:00:00.000000,E-f,72,3.7309
SLR,etalon2,20026,2026-08-05T00:00:00.000000,E-a,1,347.8138
SLR,etalon2,20026,2026-08-05T00:00:00.000000,E-a,6,4574.0573
SLR,etalon2,20026,2026-08-05T00:00:00.000000,E-a,12,6848.5260
SLR,etalon2,20026,2026-08-05T00:00:00.000000,E-a,24,13313.5458
SLR,etalon2,20026,2026-08-05T00:00:00.000000,E-a,48,13245.2697
SLR,etalon2,20026,2026-08-05T00:00:00.000000,E-a,72,18169.0938
SLR,etalon2,20026,2026-08-05T00:00:00.000000,E-b,1,9.9057
SLR,etalon2,20026,2026-08-05T00:00:00.000000,E-b,6,231.7346
SLR,etalon2,20026,2026-08-05T00:00:00.000000,E-b,12,469.3834
SLR,etalon2,20026,2026-08-05T00:00:00.000000,E-b,24,771.0313
SLR,etalon2,20026,2026-08-05T00:00:00.000000,E-b,48,445.6882
SLR,etalon2,20026,2026-08-05T00:00:00.000000,E-b,72,1425.5906
SLR,etalon2,20026,2026-08-05T00:00:00.000000,E-c,1,4.6453
SLR,etalon2,20026,2026-08-05T00:00:00.000000,E-c,6,138.5666
SLR,etalon2,20026,2026-08-05T00:00:00.000000,E-c,12,101.5125
SLR,etalon2,20026,2026-08-05T00:00:00.000000,E-c,24,96.1377
SLR,etalon2,20026,2026-08-05T00:00:00.000000,E-c,48,133.6931
SLR,etalon2,20026,2026-08-05T00:00:00.000000,E-c,72,300.9849
SLR,etalon2,20026,2026-08-05T00:00:00.000000,E-d,1,4.6136
SLR,etalon2,20026,2026-08-05T00:00:00.000000,E-d,6,138.2307
SLR,etalon2,20026,2026-08-05T00:00:00.000000,E-d,12,108.6506
SLR,etalon2,20026,2026-08-05T00:00:00.000000,E-d,24,109.5801
SLR,etalon2,20026,2026-08-05T00:00:00.000000,E-d,48,148.9167
SLR,etalon2,20026,2026-08-05T00:00:00.000000,E-d,72,303.7037
SLR,etalon2,20026,2026-08-05T00:00:00.000000,E-e,1,0.1196
SLR,etalon2,20026,2026-08-05T00:00:00.000000,E-e,6,2.0986
SLR,etalon2,20026,2026-08-05T00:00:00.000000,E-e,12,2.4631
SLR,etalon2,20026,2026-08-05T00:00:00.000000,E-e,24,5.2464
SLR,etalon2,20026,2026-08-05T00:00:00.000000,E-e,48,11.7355
SLR,etalon2,20026,2026-08-05T00:00:00.000000,E-e,72,20.0031
SLR,etalon2,20026,2026-08-05T00:00:00.000000,E-f,1,0.1223
SLR,etalon2,20026,2026-08-05T00:00:00.000000,E-f,6,2.2781
SLR,etalon2,20026,2026-08-05T00:00:00.000000,E-f,12,2.7706
SLR,etalon2,20026,2026-08-05T00:00:00.000000,E-f,24,5.8518
SLR,etalon2,20026,2026-08-05T00:00:00.000000,E-f,48,12.8473
SLR,etalon2,20026,2026-08-05T00:00:00.000000,E-f,72,21.4376
SLR,etalon2,20026,2026-08-09T00:00:00.000000,E-a,1,345.2197
SLR,etalon2,20026,2026-08-09T00:00:00.000000,E-a,6,7881.9224
SLR,etalon2,20026,2026-08-09T00:00:00.000000,E-a,12,10100.9036
SLR,etalon2,20026,2026-08-09T00:00:00.000000,E-a,24,19609.2034
SLR,etalon2,20026,2026-08-09T00:00:00.000000,E-a,48,32885.1296
SLR,etalon2,20026,2026-08-09T00:00:00.000000,E-a,72,54033.3592
SLR,etalon2,20026,2026-08-09T00:00:00.000000,E-b,1,28.5843
SLR,etalon2,20026,2026-08-09T00:00:00.000000,E-b,6,1092.4675
SLR,etalon2,20026,2026-08-09T00:00:00.000000,E-b,12,660.9807
SLR,etalon2,20026,2026-08-09T00:00:00.000000,E-b,24,1322.2785
SLR,etalon2,20026,2026-08-09T00:00:00.000000,E-b,48,2380.7529
SLR,etalon2,20026,2026-08-09T00:00:00.000000,E-b,72,4058.5269
SLR,etalon2,20026,2026-08-09T00:00:00.000000,E-c,1,2.7539
SLR,etalon2,20026,2026-08-09T00:00:00.000000,E-c,6,92.0036
SLR,etalon2,20026,2026-08-09T00:00:00.000000,E-c,12,38.8609
SLR,etalon2,20026,2026-08-09T00:00:00.000000,E-c,24,187.6911
SLR,etalon2,20026,2026-08-09T00:00:00.000000,E-c,48,351.1420
SLR,etalon2,20026,2026-08-09T00:00:00.000000,E-c,72,615.0081
SLR,etalon2,20026,2026-08-09T00:00:00.000000,E-d,1,2.7839
SLR,etalon2,20026,2026-08-09T00:00:00.000000,E-d,6,91.9958
SLR,etalon2,20026,2026-08-09T00:00:00.000000,E-d,12,31.7056
SLR,etalon2,20026,2026-08-09T00:00:00.000000,E-d,24,174.6223
SLR,etalon2,20026,2026-08-09T00:00:00.000000,E-d,48,336.7066
SLR,etalon2,20026,2026-08-09T00:00:00.000000,E-d,72,610.7910
SLR,etalon2,20026,2026-08-09T00:00:00.000000,E-e,1,0.1670
SLR,etalon2,20026,2026-08-09T00:00:00.000000,E-e,6,3.1006
SLR,etalon2,20026,2026-08-09T00:00:00.000000,E-e,12,5.4875
SLR,etalon2,20026,2026-08-09T00:00:00.000000,E-e,24,11.2034
SLR,etalon2,20026,2026-08-09T00:00:00.000000,E-e,48,21.9900
SLR,etalon2,20026,2026-08-09T00:00:00.000000,E-e,72,32.7517
SLR,etalon2,20026,2026-08-09T00:00:00.000000,E-f,1,0.1604
SLR,etalon2,20026,2026-08-09T00:00:00.000000,E-f,6,2.8406
SLR,etalon2,20026,2026-08-09T00:00:00.000000,E-f,12,4.9862
SLR,etalon2,20026,2026-08-09T00:00:00.000000,E-f,24,10.1567
SLR,etalon2,20026,2026-08-09T00:00:00.000000,E-f,48,19.7499
SLR,etalon2,20026,2026-08-09T00:00:00.000000,E-f,72,29.2787
SLR,etalon2,20026,2026-08-12T00:00:00.000000,E-a,1,435.9593
SLR,etalon2,20026,2026-08-12T00:00:00.000000,E-a,6,9813.7002
SLR,etalon2,20026,2026-08-12T00:00:00.000000,E-a,12,18789.9764
SLR,etalon2,20026,2026-08-12T00:00:00.000000,E-a,24,38064.6115
SLR,etalon2,20026,2026-08-12T00:00:00.000000,E-a,48,74994.1700
SLR,etalon2,20026,2026-08-12T00:00:00.000000,E-a,72,110875.9627
SLR,etalon2,20026,2026-08-12T00:00:00.000000,E-b,1,42.0212
SLR,etalon2,20026,2026-08-12T00:00:00.000000,E-b,6,1616.6874
SLR,etalon2,20026,2026-08-12T00:00:00.000000,E-b,12,905.6881
SLR,etalon2,20026,2026-08-12T00:00:00.000000,E-b,24,1751.3478
SLR,etalon2,20026,2026-08-12T00:00:00.000000,E-b,48,3564.0375
SLR,etalon2,20026,2026-08-12T00:00:00.000000,E-b,72,5613.7345
SLR,etalon2,20026,2026-08-12T00:00:00.000000,E-c,1,2.3559
SLR,etalon2,20026,2026-08-12T00:00:00.000000,E-c,6,32.9978
SLR,etalon2,20026,2026-08-12T00:00:00.000000,E-c,12,172.4557
SLR,etalon2,20026,2026-08-12T00:00:00.000000,E-c,24,375.7206
SLR,etalon2,20026,2026-08-12T00:00:00.000000,E-c,48,695.0606
SLR,etalon2,20026,2026-08-12T00:00:00.000000,E-c,72,1062.5168
SLR,etalon2,20026,2026-08-12T00:00:00.000000,E-d,1,2.3594
SLR,etalon2,20026,2026-08-12T00:00:00.000000,E-d,6,32.3505
SLR,etalon2,20026,2026-08-12T00:00:00.000000,E-d,12,166.8765
SLR,etalon2,20026,2026-08-12T00:00:00.000000,E-d,24,363.7671
SLR,etalon2,20026,2026-08-12T00:00:00.000000,E-d,48,674.9841
SLR,etalon2,20026,2026-08-12T00:00:00.000000,E-d,72,1048.8995
SLR,etalon2,20026,2026-08-12T00:00:00.000000,E-e,1,0.1488
SLR,etalon2,20026,2026-08-12T00:00:00.000000,E-e,6,0.3629
SLR,etalon2,20026,2026-08-12T00:00:00.000000,E-e,12,0.3285
SLR,etalon2,20026,2026-08-12T00:00:00.000000,E-e,24,0.2698
SLR,etalon2,20026,2026-08-12T00:00:00.000000,E-e,48,0.4051
SLR,etalon2,20026,2026-08-12T00:00:00.000000,E-e,72,1.7222
SLR,etalon2,20026,2026-08-12T00:00:00.000000,E-f,1,0.1555
SLR,etalon2,20026,2026-08-12T00:00:00.000000,E-f,6,0.2556
SLR,etalon2,20026,2026-08-12T00:00:00.000000,E-f,12,0.3163
SLR,etalon2,20026,2026-08-12T00:00:00.000000,E-f,24,0.3249
SLR,etalon2,20026,2026-08-12T00:00:00.000000,E-f,48,0.5676
SLR,etalon2,20026,2026-08-12T00:00:00.000000,E-f,72,1.6318
GPS,gps-26407,26407,2026-08-02T00:14:42.000000,E-a,1,452.5801
GPS,gps-26407,26407,2026-08-02T00:14:42.000000,E-a,6,8284.2554
GPS,gps-26407,26407,2026-08-02T00:14:42.000000,E-a,12,12519.5945
GPS,gps-26407,26407,2026-08-02T00:14:42.000000,E-a,24,25088.3923
GPS,gps-26407,26407,2026-08-02T00:14:42.000000,E-a,48,50579.6782
GPS,gps-26407,26407,2026-08-02T00:14:42.000000,E-a,72,76200.5432
GPS,gps-26407,26407,2026-08-02T00:14:42.000000,E-b,1,22.2058
GPS,gps-26407,26407,2026-08-02T00:14:42.000000,E-b,6,531.1034
GPS,gps-26407,26407,2026-08-02T00:14:42.000000,E-b,12,638.2098
GPS,gps-26407,26407,2026-08-02T00:14:42.000000,E-b,24,1290.2311
GPS,gps-26407,26407,2026-08-02T00:14:42.000000,E-b,48,2838.9107
GPS,gps-26407,26407,2026-08-02T00:14:42.000000,E-b,72,4537.7385
GPS,gps-26407,26407,2026-08-02T00:14:42.000000,E-c,1,0.5543
GPS,gps-26407,26407,2026-08-02T00:14:42.000000,E-c,6,30.3675
GPS,gps-26407,26407,2026-08-02T00:14:42.000000,E-c,12,151.6540
GPS,gps-26407,26407,2026-08-02T00:14:42.000000,E-c,24,380.3286
GPS,gps-26407,26407,2026-08-02T00:14:42.000000,E-c,48,775.5951
GPS,gps-26407,26407,2026-08-02T00:14:42.000000,E-c,72,1185.3262
GPS,gps-26407,26407,2026-08-02T00:14:42.000000,E-d,1,0.9988
GPS,gps-26407,26407,2026-08-02T00:14:42.000000,E-d,6,30.5438
GPS,gps-26407,26407,2026-08-02T00:14:42.000000,E-d,12,182.7767
GPS,gps-26407,26407,2026-08-02T00:14:42.000000,E-d,24,442.8360
GPS,gps-26407,26407,2026-08-02T00:14:42.000000,E-d,48,902.4202
GPS,gps-26407,26407,2026-08-02T00:14:42.000000,E-d,72,1378.3918
GPS,gps-26407,26407,2026-08-02T00:14:42.000000,E-e,1,0.2325
GPS,gps-26407,26407,2026-08-02T00:14:42.000000,E-e,6,2.2996
GPS,gps-26407,26407,2026-08-02T00:14:42.000000,E-e,12,14.4593
GPS,gps-26407,26407,2026-08-02T00:14:42.000000,E-e,24,29.5953
GPS,gps-26407,26407,2026-08-02T00:14:42.000000,E-e,48,62.1927
GPS,gps-26407,26407,2026-08-02T00:14:42.000000,E-e,72,97.6405
GPS,gps-26407,26407,2026-08-02T00:14:42.000000,E-f,1,0.2329
GPS,gps-26407,26407,2026-08-02T00:14:42.000000,E-f,6,2.1956
GPS,gps-26407,26407,2026-08-02T00:14:42.000000,E-f,12,13.9433
GPS,gps-26407,26407,2026-08-02T00:14:42.000000,E-f,24,28.6338
GPS,gps-26407,26407,2026-08-02T00:14:42.000000,E-f,48,60.5113
GPS,gps-26407,26407,2026-08-02T00:14:42.000000,E-f,72,95.3782
GPS,gps-26407,26407,2026-08-06T00:14:42.000000,E-a,1,465.3655
GPS,gps-26407,26407,2026-08-06T00:14:42.000000,E-a,6,9621.1523
GPS,gps-26407,26407,2026-08-06T00:14:42.000000,E-a,12,15951.0196
GPS,gps-26407,26407,2026-08-06T00:14:42.000000,E-a,24,31615.5348
GPS,gps-26407,26407,2026-08-06T00:14:42.000000,E-a,48,62240.0588
GPS,gps-26407,26407,2026-08-06T00:14:42.000000,E-a,72,91755.0847
GPS,gps-26407,26407,2026-08-06T00:14:42.000000,E-b,1,22.0161
GPS,gps-26407,26407,2026-08-06T00:14:42.000000,E-b,6,1001.3338
GPS,gps-26407,26407,2026-08-06T00:14:42.000000,E-b,12,1373.8521
GPS,gps-26407,26407,2026-08-06T00:14:42.000000,E-b,24,2510.7831
GPS,gps-26407,26407,2026-08-06T00:14:42.000000,E-b,48,4212.9313
GPS,gps-26407,26407,2026-08-06T00:14:42.000000,E-b,72,4974.5719
GPS,gps-26407,26407,2026-08-06T00:14:42.000000,E-c,1,0.9651
GPS,gps-26407,26407,2026-08-06T00:14:42.000000,E-c,6,39.3271
GPS,gps-26407,26407,2026-08-06T00:14:42.000000,E-c,12,158.2979
GPS,gps-26407,26407,2026-08-06T00:14:42.000000,E-c,24,392.0006
GPS,gps-26407,26407,2026-08-06T00:14:42.000000,E-c,48,796.3109
GPS,gps-26407,26407,2026-08-06T00:14:42.000000,E-c,72,1211.8778
GPS,gps-26407,26407,2026-08-06T00:14:42.000000,E-d,1,1.4156
GPS,gps-26407,26407,2026-08-06T00:14:42.000000,E-d,6,36.5056
GPS,gps-26407,26407,2026-08-06T00:14:42.000000,E-d,12,193.0699
GPS,gps-26407,26407,2026-08-06T00:14:42.000000,E-d,24,461.9404
GPS,gps-26407,26407,2026-08-06T00:14:42.000000,E-d,48,938.5676
GPS,gps-26407,26407,2026-08-06T00:14:42.000000,E-d,72,1428.9298
GPS,gps-26407,26407,2026-08-06T00:14:42.000000,E-e,1,0.2725
GPS,gps-26407,26407,2026-08-06T00:14:42.000000,E-e,6,2.0710
GPS,gps-26407,26407,2026-08-06T00:14:42.000000,E-e,12,15.0949
GPS,gps-26407,26407,2026-08-06T00:14:42.000000,E-e,24,31.1676
GPS,gps-26407,26407,2026-08-06T00:14:42.000000,E-e,48,65.9817
GPS,gps-26407,26407,2026-08-06T00:14:42.000000,E-e,72,104.8474
GPS,gps-26407,26407,2026-08-06T00:14:42.000000,E-f,1,0.2703
GPS,gps-26407,26407,2026-08-06T00:14:42.000000,E-f,6,1.9630
GPS,gps-26407,26407,2026-08-06T00:14:42.000000,E-f,12,14.5986
GPS,gps-26407,26407,2026-08-06T00:14:42.000000,E-f,24,30.1101
GPS,gps-26407,26407,2026-08-06T00:14:42.000000,E-f,48,63.5455
GPS,gps-26407,26407,2026-08-06T00:14:42.000000,E-f,72,100.6377
GPS,gps-26407,26407,2026-08-10T00:14:42.000000,E-a,1,468.0496
GPS,gps-26407,26407,2026-08-10T00:14:42.000000,E-a,6,8003.8327
GPS,gps-26407,26407,2026-08-10T00:14:42.000000,E-a,12,14302.7926
GPS,gps-26407,26407,2026-08-10T00:14:42.000000,E-a,24,28471.1955
GPS,gps-26407,26407,2026-08-10T00:14:42.000000,E-a,48,56995.0043
GPS,gps-26407,26407,2026-08-10T00:14:42.000000,E-a,72,86122.4669
GPS,gps-26407,26407,2026-08-10T00:14:42.000000,E-b,1,24.1726
GPS,gps-26407,26407,2026-08-10T00:14:42.000000,E-b,6,833.5781
GPS,gps-26407,26407,2026-08-10T00:14:42.000000,E-b,12,1784.5950
GPS,gps-26407,26407,2026-08-10T00:14:42.000000,E-b,24,3694.0733
GPS,gps-26407,26407,2026-08-10T00:14:42.000000,E-b,48,7329.4497
GPS,gps-26407,26407,2026-08-10T00:14:42.000000,E-b,72,10417.4134
GPS,gps-26407,26407,2026-08-10T00:14:42.000000,E-c,1,0.8861
GPS,gps-26407,26407,2026-08-10T00:14:42.000000,E-c,6,41.2027
GPS,gps-26407,26407,2026-08-10T00:14:42.000000,E-c,12,144.2735
GPS,gps-26407,26407,2026-08-10T00:14:42.000000,E-c,24,362.2433
GPS,gps-26407,26407,2026-08-10T00:14:42.000000,E-c,48,734.6940
GPS,gps-26407,26407,2026-08-10T00:14:42.000000,E-c,72,1117.0654
GPS,gps-26407,26407,2026-08-10T00:14:42.000000,E-d,1,1.3366
GPS,gps-26407,26407,2026-08-10T00:14:42.000000,E-d,6,37.5574
GPS,gps-26407,26407,2026-08-10T00:14:42.000000,E-d,12,184.3445
GPS,gps-26407,26407,2026-08-10T00:14:42.000000,E-d,24,442.8954
GPS,gps-26407,26407,2026-08-10T00:14:42.000000,E-d,48,898.8642
GPS,gps-26407,26407,2026-08-10T00:14:42.000000,E-d,72,1367.6971
GPS,gps-26407,26407,2026-08-10T00:14:42.000000,E-e,1,0.4349
GPS,gps-26407,26407,2026-08-10T00:14:42.000000,E-e,6,7.8809
GPS,gps-26407,26407,2026-08-10T00:14:42.000000,E-e,12,29.9464
GPS,gps-26407,26407,2026-08-10T00:14:42.000000,E-e,24,60.6354
GPS,gps-26407,26407,2026-08-10T00:14:42.000000,E-e,48,125.1190
GPS,gps-26407,26407,2026-08-10T00:14:42.000000,E-e,72,193.1107
GPS,gps-26407,26407,2026-08-10T00:14:42.000000,E-f,1,0.4330
GPS,gps-26407,26407,2026-08-10T00:14:42.000000,E-f,6,7.4600
GPS,gps-26407,26407,2026-08-10T00:14:42.000000,E-f,12,29.1152
GPS,gps-26407,26407,2026-08-10T00:14:42.000000,E-f,24,58.9421
GPS,gps-26407,26407,2026-08-10T00:14:42.000000,E-f,48,121.7217
GPS,gps-26407,26407,2026-08-10T00:14:42.000000,E-f,72,188.2115
GPS,gps-27663,27663,2026-08-02T00:14:42.000000,E-a,1,314.4168
GPS,gps-27663,27663,2026-08-02T00:14:42.000000,E-a,6,5687.7083
GPS,gps-27663,27663,2026-08-02T00:14:42.000000,E-a,12,12831.5612
GPS,gps-27663,27663,2026-08-02T00:14:42.000000,E-a,24,25365.4640
GPS,gps-27663,27663,2026-08-02T00:14:42.000000,E-a,48,49615.7860
GPS,gps-27663,27663,2026-08-02T00:14:42.000000,E-a,72,72931.1017
GPS,gps-27663,27663,2026-08-02T00:14:42.000000,E-b,1,16.7630
GPS,gps-27663,27663,2026-08-02T00:14:42.000000,E-b,6,611.6407
GPS,gps-27663,27663,2026-08-02T00:14:42.000000,E-b,12,524.9542
GPS,gps-27663,27663,2026-08-02T00:14:42.000000,E-b,24,957.8232
GPS,gps-27663,27663,2026-08-02T00:14:42.000000,E-b,48,1798.6263
GPS,gps-27663,27663,2026-08-02T00:14:42.000000,E-b,72,2872.0599
GPS,gps-27663,27663,2026-08-02T00:14:42.000000,E-c,1,2.9666
GPS,gps-27663,27663,2026-08-02T00:14:42.000000,E-c,6,96.6751
GPS,gps-27663,27663,2026-08-02T00:14:42.000000,E-c,12,108.7787
GPS,gps-27663,27663,2026-08-02T00:14:42.000000,E-c,24,264.9556
GPS,gps-27663,27663,2026-08-02T00:14:42.000000,E-c,48,611.4652
GPS,gps-27663,27663,2026-08-02T00:14:42.000000,E-c,72,1040.2685
GPS,gps-27663,27663,2026-08-02T00:14:42.000000,E-d,1,2.7216
GPS,gps-27663,27663,2026-08-02T00:14:42.000000,E-d,6,82.6786
GPS,gps-27663,27663,2026-08-02T00:14:42.000000,E-d,12,106.2208
GPS,gps-27663,27663,2026-08-02T00:14:42.000000,E-d,24,259.4302
GPS,gps-27663,27663,2026-08-02T00:14:42.000000,E-d,48,602.9712
GPS,gps-27663,27663,2026-08-02T00:14:42.000000,E-d,72,1031.1317
GPS,gps-27663,27663,2026-08-02T00:14:42.000000,E-e,1,0.2160
GPS,gps-27663,27663,2026-08-02T00:14:42.000000,E-e,6,7.4495
GPS,gps-27663,27663,2026-08-02T00:14:42.000000,E-e,12,8.0769
GPS,gps-27663,27663,2026-08-02T00:14:42.000000,E-e,24,15.4327
GPS,gps-27663,27663,2026-08-02T00:14:42.000000,E-e,48,28.4209
GPS,gps-27663,27663,2026-08-02T00:14:42.000000,E-e,72,38.8825
GPS,gps-27663,27663,2026-08-02T00:14:42.000000,E-f,1,0.2178
GPS,gps-27663,27663,2026-08-02T00:14:42.000000,E-f,6,7.2040
GPS,gps-27663,27663,2026-08-02T00:14:42.000000,E-f,12,7.7180
GPS,gps-27663,27663,2026-08-02T00:14:42.000000,E-f,24,14.7877
GPS,gps-27663,27663,2026-08-02T00:14:42.000000,E-f,48,27.3782
GPS,gps-27663,27663,2026-08-02T00:14:42.000000,E-f,72,37.5955
GPS,gps-27663,27663,2026-08-06T00:14:42.000000,E-a,1,335.2393
GPS,gps-27663,27663,2026-08-06T00:14:42.000000,E-a,6,3620.4033
GPS,gps-27663,27663,2026-08-06T00:14:42.000000,E-a,12,8525.1914
GPS,gps-27663,27663,2026-08-06T00:14:42.000000,E-a,24,17031.4794
GPS,gps-27663,27663,2026-08-06T00:14:42.000000,E-a,48,34219.4876
GPS,gps-27663,27663,2026-08-06T00:14:42.000000,E-a,72,51893.7382
GPS,gps-27663,27663,2026-08-06T00:14:42.000000,E-b,1,20.1114
GPS,gps-27663,27663,2026-08-06T00:14:42.000000,E-b,6,613.5160
GPS,gps-27663,27663,2026-08-06T00:14:42.000000,E-b,12,332.5610
GPS,gps-27663,27663,2026-08-06T00:14:42.000000,E-b,24,546.5708
GPS,gps-27663,27663,2026-08-06T00:14:42.000000,E-b,48,825.1591
GPS,gps-27663,27663,2026-08-06T00:14:42.000000,E-b,72,2180.1269
GPS,gps-27663,27663,2026-08-06T00:14:42.000000,E-c,1,2.9715
GPS,gps-27663,27663,2026-08-06T00:14:42.000000,E-c,6,84.5592
GPS,gps-27663,27663,2026-08-06T00:14:42.000000,E-c,12,86.2560
GPS,gps-27663,27663,2026-08-06T00:14:42.000000,E-c,24,215.8803
GPS,gps-27663,27663,2026-08-06T00:14:42.000000,E-c,48,512.5504
GPS,gps-27663,27663,2026-08-06T00:14:42.000000,E-c,72,891.7299
GPS,gps-27663,27663,2026-08-06T00:14:42.000000,E-d,1,2.6682
GPS,gps-27663,27663,2026-08-06T00:14:42.000000,E-d,6,68.7342
GPS,gps-27663,27663,2026-08-06T00:14:42.000000,E-d,12,82.8633
GPS,gps-27663,27663,2026-08-06T00:14:42.000000,E-d,24,208.5915
GPS,gps-27663,27663,2026-08-06T00:14:42.000000,E-d,48,501.8335
GPS,gps-27663,27663,2026-08-06T00:14:42.000000,E-d,72,880.9406
GPS,gps-27663,27663,2026-08-06T00:14:42.000000,E-e,1,0.3697
GPS,gps-27663,27663,2026-08-06T00:14:42.000000,E-e,6,7.2539
GPS,gps-27663,27663,2026-08-06T00:14:42.000000,E-e,12,6.8675
GPS,gps-27663,27663,2026-08-06T00:14:42.000000,E-e,24,13.2131
GPS,gps-27663,27663,2026-08-06T00:14:42.000000,E-e,48,24.1612
GPS,gps-27663,27663,2026-08-06T00:14:42.000000,E-e,72,33.3303
GPS,gps-27663,27663,2026-08-06T00:14:42.000000,E-f,1,0.3698
GPS,gps-27663,27663,2026-08-06T00:14:42.000000,E-f,6,7.1324
GPS,gps-27663,27663,2026-08-06T00:14:42.000000,E-f,12,6.7103
GPS,gps-27663,27663,2026-08-06T00:14:42.000000,E-f,24,12.8498
GPS,gps-27663,27663,2026-08-06T00:14:42.000000,E-f,48,23.2185
GPS,gps-27663,27663,2026-08-06T00:14:42.000000,E-f,72,31.6059
GPS,gps-27663,27663,2026-08-10T00:14:42.000000,E-a,1,354.9612
GPS,gps-27663,27663,2026-08-10T00:14:42.000000,E-a,6,2920.3268
GPS,gps-27663,27663,2026-08-10T00:14:42.000000,E-a,12,6649.7700
GPS,gps-27663,27663,2026-08-10T00:14:42.000000,E-a,24,13285.1562
GPS,gps-27663,27663,2026-08-10T00:14:42.000000,E-a,48,26290.4549
GPS,gps-27663,27663,2026-08-10T00:14:42.000000,E-a,72,38568.4194
GPS,gps-27663,27663,2026-08-10T00:14:42.000000,E-b,1,23.7861
GPS,gps-27663,27663,2026-08-10T00:14:42.000000,E-b,6,951.7584
GPS,gps-27663,27663,2026-08-10T00:14:42.000000,E-b,12,2077.4697
GPS,gps-27663,27663,2026-08-10T00:14:42.000000,E-b,24,4199.8468
GPS,gps-27663,27663,2026-08-10T00:14:42.000000,E-b,48,8323.8267
GPS,gps-27663,27663,2026-08-10T00:14:42.000000,E-b,72,11808.1076
GPS,gps-27663,27663,2026-08-10T00:14:42.000000,E-c,1,3.0353
GPS,gps-27663,27663,2026-08-10T00:14:42.000000,E-c,6,78.2549
GPS,gps-27663,27663,2026-08-10T00:14:42.000000,E-c,12,73.7595
GPS,gps-27663,27663,2026-08-10T00:14:42.000000,E-c,24,186.5141
GPS,gps-27663,27663,2026-08-10T00:14:42.000000,E-c,48,453.3426
GPS,gps-27663,27663,2026-08-10T00:14:42.000000,E-c,72,802.0641
GPS,gps-27663,27663,2026-08-10T00:14:42.000000,E-d,1,2.7399
GPS,gps-27663,27663,2026-08-10T00:14:42.000000,E-d,6,60.5414
GPS,gps-27663,27663,2026-08-10T00:14:42.000000,E-d,12,71.4544
GPS,gps-27663,27663,2026-08-10T00:14:42.000000,E-d,24,181.1819
GPS,gps-27663,27663,2026-08-10T00:14:42.000000,E-d,48,448.0115
GPS,gps-27663,27663,2026-08-10T00:14:42.000000,E-d,72,801.1274
GPS,gps-27663,27663,2026-08-10T00:14:42.000000,E-e,1,0.5743
GPS,gps-27663,27663,2026-08-10T00:14:42.000000,E-e,6,15.8448
GPS,gps-27663,27663,2026-08-10T00:14:42.000000,E-e,12,21.4396
GPS,gps-27663,27663,2026-08-10T00:14:42.000000,E-e,24,41.8534
GPS,gps-27663,27663,2026-08-10T00:14:42.000000,E-e,48,80.9029
GPS,gps-27663,27663,2026-08-10T00:14:42.000000,E-e,72,116.8822
GPS,gps-27663,27663,2026-08-10T00:14:42.000000,E-f,1,0.5726
GPS,gps-27663,27663,2026-08-10T00:14:42.000000,E-f,6,15.4357
GPS,gps-27663,27663,2026-08-10T00:14:42.000000,E-f,12,20.6516
GPS,gps-27663,27663,2026-08-10T00:14:42.000000,E-f,24,40.2494
GPS,gps-27663,27663,2026-08-10T00:14:42.000000,E-f,48,77.6928
GPS,gps-27663,27663,2026-08-10T00:14:42.000000,E-f,72,112.2739
GPS,gps-28190,28190,2026-08-02T00:14:42.000000,E-a,1,359.8988
GPS,gps-28190,28190,2026-08-02T00:14:42.000000,E-a,6,9664.3667
GPS,gps-28190,28190,2026-08-02T00:14:42.000000,E-a,12,18867.6726
GPS,gps-28190,28190,2026-08-02T00:14:42.000000,E-a,24,37687.7836
GPS,gps-28190,28190,2026-08-02T00:14:42.000000,E-a,48,75021.7966
GPS,gps-28190,28190,2026-08-02T00:14:42.000000,E-a,72,111744.6547
GPS,gps-28190,28190,2026-08-02T00:14:42.000000,E-b,1,24.5509
GPS,gps-28190,28190,2026-08-02T00:14:42.000000,E-b,6,293.2562
GPS,gps-28190,28190,2026-08-02T00:14:42.000000,E-b,12,999.3430
GPS,gps-28190,28190,2026-08-02T00:14:42.000000,E-b,24,1955.2813
GPS,gps-28190,28190,2026-08-02T00:14:42.000000,E-b,48,3599.1694
GPS,gps-28190,28190,2026-08-02T00:14:42.000000,E-b,72,4735.2842
GPS,gps-28190,28190,2026-08-02T00:14:42.000000,E-c,1,4.2224
GPS,gps-28190,28190,2026-08-02T00:14:42.000000,E-c,6,62.8172
GPS,gps-28190,28190,2026-08-02T00:14:42.000000,E-c,12,30.9139
GPS,gps-28190,28190,2026-08-02T00:14:42.000000,E-c,24,76.3204
GPS,gps-28190,28190,2026-08-02T00:14:42.000000,E-c,48,195.4153
GPS,gps-28190,28190,2026-08-02T00:14:42.000000,E-c,72,362.8940
GPS,gps-28190,28190,2026-08-02T00:14:42.000000,E-d,1,3.9921
GPS,gps-28190,28190,2026-08-02T00:14:42.000000,E-d,6,60.8221
GPS,gps-28190,28190,2026-08-02T00:14:42.000000,E-d,12,82.5819
GPS,gps-28190,28190,2026-08-02T00:14:42.000000,E-d,24,164.8904
GPS,gps-28190,28190,2026-08-02T00:14:42.000000,E-d,48,281.6079
GPS,gps-28190,28190,2026-08-02T00:14:42.000000,E-d,72,354.0284
GPS,gps-28190,28190,2026-08-02T00:14:42.000000,E-e,1,0.2356
GPS,gps-28190,28190,2026-08-02T00:14:42.000000,E-e,6,3.8390
GPS,gps-28190,28190,2026-08-02T00:14:42.000000,E-e,12,35.1033
GPS,gps-28190,28190,2026-08-02T00:14:42.000000,E-e,24,71.5907
GPS,gps-28190,28190,2026-08-02T00:14:42.000000,E-e,48,148.3424
GPS,gps-28190,28190,2026-08-02T00:14:42.000000,E-e,72,229.8802
GPS,gps-28190,28190,2026-08-02T00:14:42.000000,E-f,1,0.2401
GPS,gps-28190,28190,2026-08-02T00:14:42.000000,E-f,6,3.7655
GPS,gps-28190,28190,2026-08-02T00:14:42.000000,E-f,12,34.6631
GPS,gps-28190,28190,2026-08-02T00:14:42.000000,E-f,24,70.7267
GPS,gps-28190,28190,2026-08-02T00:14:42.000000,E-f,48,146.7254
GPS,gps-28190,28190,2026-08-02T00:14:42.000000,E-f,72,227.7014
GPS,gps-28190,28190,2026-08-06T00:14:42.000000,E-a,1,353.1727
GPS,gps-28190,28190,2026-08-06T00:14:42.000000,E-a,6,9034.9744
GPS,gps-28190,28190,2026-08-06T00:14:42.000000,E-a,12,17073.1639
GPS,gps-28190,28190,2026-08-06T00:14:42.000000,E-a,24,33968.0312
GPS,gps-28190,28190,2026-08-06T00:14:42.000000,E-a,48,67272.1845
GPS,gps-28190,28190,2026-08-06T00:14:42.000000,E-a,72,100158.8359
GPS,gps-28190,28190,2026-08-06T00:14:42.000000,E-b,1,18.8743
GPS,gps-28190,28190,2026-08-06T00:14:42.000000,E-b,6,453.5529
GPS,gps-28190,28190,2026-08-06T00:14:42.000000,E-b,12,747.1685
GPS,gps-28190,28190,2026-08-06T00:14:42.000000,E-b,24,1581.4025
GPS,gps-28190,28190,2026-08-06T00:14:42.000000,E-b,48,3502.5822
GPS,gps-28190,28190,2026-08-06T00:14:42.000000,E-b,72,5552.4218
GPS,gps-28190,28190,2026-08-06T00:14:42.000000,E-c,1,4.0693
GPS,gps-28190,28190,2026-08-06T00:14:42.000000,E-c,6,62.5297
GPS,gps-28190,28190,2026-08-06T00:14:42.000000,E-c,12,28.6421
GPS,gps-28190,28190,2026-08-06T00:14:42.000000,E-c,24,70.3965
GPS,gps-28190,28190,2026-08-06T00:14:42.000000,E-c,48,128.2865
GPS,gps-28190,28190,2026-08-06T00:14:42.000000,E-c,72,204.2696
GPS,gps-28190,28190,2026-08-06T00:14:42.000000,E-d,1,3.9071
GPS,gps-28190,28190,2026-08-06T00:14:42.000000,E-d,6,63.2091
GPS,gps-28190,28190,2026-08-06T00:14:42.000000,E-d,12,118.3606
GPS,gps-28190,28190,2026-08-06T00:14:42.000000,E-d,24,239.7876
GPS,gps-28190,28190,2026-08-06T00:14:42.000000,E-d,48,428.8751
GPS,gps-28190,28190,2026-08-06T00:14:42.000000,E-d,72,567.8928
GPS,gps-28190,28190,2026-08-06T00:14:42.000000,E-e,1,0.2855
GPS,gps-28190,28190,2026-08-06T00:14:42.000000,E-e,6,4.6220
GPS,gps-28190,28190,2026-08-06T00:14:42.000000,E-e,12,22.6425
GPS,gps-28190,28190,2026-08-06T00:14:42.000000,E-e,24,46.6071
GPS,gps-28190,28190,2026-08-06T00:14:42.000000,E-e,48,98.1128
GPS,gps-28190,28190,2026-08-06T00:14:42.000000,E-e,72,154.8902
GPS,gps-28190,28190,2026-08-06T00:14:42.000000,E-f,1,0.2865
GPS,gps-28190,28190,2026-08-06T00:14:42.000000,E-f,6,4.7349
GPS,gps-28190,28190,2026-08-06T00:14:42.000000,E-f,12,22.4879
GPS,gps-28190,28190,2026-08-06T00:14:42.000000,E-f,24,46.3490
GPS,gps-28190,28190,2026-08-06T00:14:42.000000,E-f,48,97.7544
GPS,gps-28190,28190,2026-08-06T00:14:42.000000,E-f,72,154.4670
GPS,gps-28190,28190,2026-08-10T00:14:42.000000,E-a,1,337.6055
GPS,gps-28190,28190,2026-08-10T00:14:42.000000,E-a,6,8422.2455
GPS,gps-28190,28190,2026-08-10T00:14:42.000000,E-a,12,16414.7718
GPS,gps-28190,28190,2026-08-10T00:14:42.000000,E-a,24,32946.0206
GPS,gps-28190,28190,2026-08-10T00:14:42.000000,E-a,48,66381.1930
GPS,gps-28190,28190,2026-08-10T00:14:42.000000,E-a,72,100346.9466
GPS,gps-28190,28190,2026-08-10T00:14:42.000000,E-b,1,34.8550
GPS,gps-28190,28190,2026-08-10T00:14:42.000000,E-b,6,1244.2730
GPS,gps-28190,28190,2026-08-10T00:14:42.000000,E-b,12,714.9263
GPS,gps-28190,28190,2026-08-10T00:14:42.000000,E-b,24,1597.3315
GPS,gps-28190,28190,2026-08-10T00:14:42.000000,E-b,48,3815.6633
GPS,gps-28190,28190,2026-08-10T00:14:42.000000,E-b,72,6631.4363
GPS,gps-28190,28190,2026-08-10T00:14:42.000000,E-c,1,3.5657
GPS,gps-28190,28190,2026-08-10T00:14:42.000000,E-c,6,48.1253
GPS,gps-28190,28190,2026-08-10T00:14:42.000000,E-c,12,35.9547
GPS,gps-28190,28190,2026-08-10T00:14:42.000000,E-c,24,87.1476
GPS,gps-28190,28190,2026-08-10T00:14:42.000000,E-c,48,147.5719
GPS,gps-28190,28190,2026-08-10T00:14:42.000000,E-c,72,205.0619
GPS,gps-28190,28190,2026-08-10T00:14:42.000000,E-d,1,3.4442
GPS,gps-28190,28190,2026-08-10T00:14:42.000000,E-d,6,50.9712
GPS,gps-28190,28190,2026-08-10T00:14:42.000000,E-d,12,123.5321
GPS,gps-28190,28190,2026-08-10T00:14:42.000000,E-d,24,255.2730
GPS,gps-28190,28190,2026-08-10T00:14:42.000000,E-d,48,458.7313
GPS,gps-28190,28190,2026-08-10T00:14:42.000000,E-d,72,611.2359
GPS,gps-28190,28190,2026-08-10T00:14:42.000000,E-e,1,0.1613
GPS,gps-28190,28190,2026-08-10T00:14:42.000000,E-e,6,5.1498
GPS,gps-28190,28190,2026-08-10T00:14:42.000000,E-e,12,34.2380
GPS,gps-28190,28190,2026-08-10T00:14:42.000000,E-e,24,69.4499
GPS,gps-28190,28190,2026-08-10T00:14:42.000000,E-e,48,144.5038
GPS,gps-28190,28190,2026-08-10T00:14:42.000000,E-e,72,224.9857
GPS,gps-28190,28190,2026-08-10T00:14:42.000000,E-f,1,0.1651
GPS,gps-28190,28190,2026-08-10T00:14:42.000000,E-f,6,5.1960
GPS,gps-28190,28190,2026-08-10T00:14:42.000000,E-f,12,34.4027
GPS,gps-28190,28190,2026-08-10T00:14:42.000000,E-f,24,69.7081
GPS,gps-28190,28190,2026-08-10T00:14:42.000000,E-f,48,144.7229
GPS,gps-28190,28190,2026-08-10T00:14:42.000000,E-f,72,224.8945
GPS,gps-28474,28474,2026-08-02T00:14:42.000000,E-a,1,435.8852
GPS,gps-28474,28474,2026-08-02T00:14:42.000000,E-a,6,6859.1633
GPS,gps-28474,28474,2026-08-02T00:14:42.000000,E-a,12,10958.6665
GPS,gps-28474,28474,2026-08-02T00:14:42.000000,E-a,24,21753.9626
GPS,gps-28474,28474,2026-08-02T00:14:42.000000,E-a,48,42994.8763
GPS,gps-28474,28474,2026-08-02T00:14:42.000000,E-a,72,63845.6960
GPS,gps-28474,28474,2026-08-02T00:14:42.000000,E-b,1,17.8435
GPS,gps-28474,28474,2026-08-02T00:14:42.000000,E-b,6,453.6931
GPS,gps-28474,28474,2026-08-02T00:14:42.000000,E-b,12,1553.7154
GPS,gps-28474,28474,2026-08-02T00:14:42.000000,E-b,24,3006.0784
GPS,gps-28474,28474,2026-08-02T00:14:42.000000,E-b,48,5707.9385
GPS,gps-28474,28474,2026-08-02T00:14:42.000000,E-b,72,8175.5191
GPS,gps-28474,28474,2026-08-02T00:14:42.000000,E-c,1,1.7518
GPS,gps-28474,28474,2026-08-02T00:14:42.000000,E-c,6,107.1006
GPS,gps-28474,28474,2026-08-02T00:14:42.000000,E-c,12,247.7513
GPS,gps-28474,28474,2026-08-02T00:14:42.000000,E-c,24,451.5788
GPS,gps-28474,28474,2026-08-02T00:14:42.000000,E-c,48,828.3961
GPS,gps-28474,28474,2026-08-02T00:14:42.000000,E-c,72,1129.7811
GPS,gps-28474,28474,2026-08-02T00:14:42.000000,E-d,1,1.5387
GPS,gps-28474,28474,2026-08-02T00:14:42.000000,E-d,6,70.9225
GPS,gps-28474,28474,2026-08-02T00:14:42.000000,E-d,12,235.6474
GPS,gps-28474,28474,2026-08-02T00:14:42.000000,E-d,24,431.4532
GPS,gps-28474,28474,2026-08-02T00:14:42.000000,E-d,48,795.0458
GPS,gps-28474,28474,2026-08-02T00:14:42.000000,E-d,72,1089.7637
GPS,gps-28474,28474,2026-08-02T00:14:42.000000,E-e,1,0.2439
GPS,gps-28474,28474,2026-08-02T00:14:42.000000,E-e,6,12.2156
GPS,gps-28474,28474,2026-08-02T00:14:42.000000,E-e,12,11.1861
GPS,gps-28474,28474,2026-08-02T00:14:42.000000,E-e,24,22.2336
GPS,gps-28474,28474,2026-08-02T00:14:42.000000,E-e,48,43.8720
GPS,gps-28474,28474,2026-08-02T00:14:42.000000,E-e,72,64.7884
GPS,gps-28474,28474,2026-08-02T00:14:42.000000,E-f,1,0.2456
GPS,gps-28474,28474,2026-08-02T00:14:42.000000,E-f,6,12.1056
GPS,gps-28474,28474,2026-08-02T00:14:42.000000,E-f,12,11.1297
GPS,gps-28474,28474,2026-08-02T00:14:42.000000,E-f,24,22.1148
GPS,gps-28474,28474,2026-08-02T00:14:42.000000,E-f,48,43.6184
GPS,gps-28474,28474,2026-08-02T00:14:42.000000,E-f,72,64.4092
GPS,gps-28474,28474,2026-08-06T00:14:42.000000,E-a,1,486.8238
GPS,gps-28474,28474,2026-08-06T00:14:42.000000,E-a,6,8212.5678
GPS,gps-28474,28474,2026-08-06T00:14:42.000000,E-a,12,12935.8076
GPS,gps-28474,28474,2026-08-06T00:14:42.000000,E-a,24,25871.4881
GPS,gps-28474,28474,2026-08-06T00:14:42.000000,E-a,48,51894.6701
GPS,gps-28474,28474,2026-08-06T00:14:42.000000,E-a,72,78159.8404
GPS,gps-28474,28474,2026-08-06T00:14:42.000000,E-b,1,22.1574
GPS,gps-28474,28474,2026-08-06T00:14:42.000000,E-b,6,127.0071
GPS,gps-28474,28474,2026-08-06T00:14:42.000000,E-b,12,164.6485
GPS,gps-28474,28474,2026-08-06T00:14:42.000000,E-b,24,366.0261
GPS,gps-28474,28474,2026-08-06T00:14:42.000000,E-b,48,1044.0903
GPS,gps-28474,28474,2026-08-06T00:14:42.000000,E-b,72,2085.0489
GPS,gps-28474,28474,2026-08-06T00:14:42.000000,E-c,1,1.6311
GPS,gps-28474,28474,2026-08-06T00:14:42.000000,E-c,6,101.7967
GPS,gps-28474,28474,2026-08-06T00:14:42.000000,E-c,12,225.4831
GPS,gps-28474,28474,2026-08-06T00:14:42.000000,E-c,24,411.2539
GPS,gps-28474,28474,2026-08-06T00:14:42.000000,E-c,48,745.9876
GPS,gps-28474,28474,2026-08-06T00:14:42.000000,E-c,72,1004.5684
GPS,gps-28474,28474,2026-08-06T00:14:42.000000,E-d,1,1.3832
GPS,gps-28474,28474,2026-08-06T00:14:42.000000,E-d,6,66.4934
GPS,gps-28474,28474,2026-08-06T00:14:42.000000,E-d,12,223.8966
GPS,gps-28474,28474,2026-08-06T00:14:42.000000,E-d,24,412.2555
GPS,gps-28474,28474,2026-08-06T00:14:42.000000,E-d,48,754.4248
GPS,gps-28474,28474,2026-08-06T00:14:42.000000,E-d,72,1026.3004
GPS,gps-28474,28474,2026-08-06T00:14:42.000000,E-e,1,0.1964
GPS,gps-28474,28474,2026-08-06T00:14:42.000000,E-e,6,6.1546
GPS,gps-28474,28474,2026-08-06T00:14:42.000000,E-e,12,14.0027
GPS,gps-28474,28474,2026-08-06T00:14:42.000000,E-e,24,28.4119
GPS,gps-28474,28474,2026-08-06T00:14:42.000000,E-e,48,58.7532
GPS,gps-28474,28474,2026-08-06T00:14:42.000000,E-e,72,90.8357
GPS,gps-28474,28474,2026-08-06T00:14:42.000000,E-f,1,0.1924
GPS,gps-28474,28474,2026-08-06T00:14:42.000000,E-f,6,6.1995
GPS,gps-28474,28474,2026-08-06T00:14:42.000000,E-f,12,13.9492
GPS,gps-28474,28474,2026-08-06T00:14:42.000000,E-f,24,28.2919
GPS,gps-28474,28474,2026-08-06T00:14:42.000000,E-f,48,58.4393
GPS,gps-28474,28474,2026-08-06T00:14:42.000000,E-f,72,90.2241
GPS,gps-28474,28474,2026-08-10T00:14:42.000000,E-a,1,491.1499
GPS,gps-28474,28474,2026-08-10T00:14:42.000000,E-a,6,11030.9074
GPS,gps-28474,28474,2026-08-10T00:14:42.000000,E-a,12,17796.1469
GPS,gps-28474,28474,2026-08-10T00:14:42.000000,E-a,24,35569.5399
GPS,gps-28474,28474,2026-08-10T00:14:42.000000,E-a,48,70992.8429
GPS,gps-28474,28474,2026-08-10T00:14:42.000000,E-a,72,106077.6501
GPS,gps-28474,28474,2026-08-10T00:14:42.000000,E-b,1,28.3946
GPS,gps-28474,28474,2026-08-10T00:14:42.000000,E-b,6,2105.2400
GPS,gps-28474,28474,2026-08-10T00:14:42.000000,E-b,12,2557.5776
GPS,gps-28474,28474,2026-08-10T00:14:42.000000,E-b,24,5109.4221
GPS,gps-28474,28474,2026-08-10T00:14:42.000000,E-b,48,10125.3268
GPS,gps-28474,28474,2026-08-10T00:14:42.000000,E-b,72,14831.3637
GPS,gps-28474,28474,2026-08-10T00:14:42.000000,E-c,1,1.5491
GPS,gps-28474,28474,2026-08-10T00:14:42.000000,E-c,6,100.9397
GPS,gps-28474,28474,2026-08-10T00:14:42.000000,E-c,12,209.6353
GPS,gps-28474,28474,2026-08-10T00:14:42.000000,E-c,24,382.9963
GPS,gps-28474,28474,2026-08-10T00:14:42.000000,E-c,48,689.2322
GPS,gps-28474,28474,2026-08-10T00:14:42.000000,E-c,72,919.0504
GPS,gps-28474,28474,2026-08-10T00:14:42.000000,E-d,1,1.1893
GPS,gps-28474,28474,2026-08-10T00:14:42.000000,E-d,6,66.6036
GPS,gps-28474,28474,2026-08-10T00:14:42.000000,E-d,12,218.3580
GPS,gps-28474,28474,2026-08-10T00:14:42.000000,E-d,24,404.6968
GPS,gps-28474,28474,2026-08-10T00:14:42.000000,E-d,48,738.4427
GPS,gps-28474,28474,2026-08-10T00:14:42.000000,E-d,72,1000.6806
GPS,gps-28474,28474,2026-08-10T00:14:42.000000,E-e,1,0.6212
GPS,gps-28474,28474,2026-08-10T00:14:42.000000,E-e,6,7.0329
GPS,gps-28474,28474,2026-08-10T00:14:42.000000,E-e,12,15.3185
GPS,gps-28474,28474,2026-08-10T00:14:42.000000,E-e,24,31.6419
GPS,gps-28474,28474,2026-08-10T00:14:42.000000,E-e,48,65.0811
GPS,gps-28474,28474,2026-08-10T00:14:42.000000,E-e,72,100.2836
GPS,gps-28474,28474,2026-08-10T00:14:42.000000,E-f,1,0.6209
GPS,gps-28474,28474,2026-08-10T00:14:42.000000,E-f,6,7.0083
GPS,gps-28474,28474,2026-08-10T00:14:42.000000,E-f,12,15.4292
GPS,gps-28474,28474,2026-08-10T00:14:42.000000,E-f,24,31.8552
GPS,gps-28474,28474,2026-08-10T00:14:42.000000,E-f,48,65.4894
GPS,gps-28474,28474,2026-08-10T00:14:42.000000,E-f,72,100.9259
GPS,gps-28874,28874,2026-08-02T00:14:42.000000,E-a,1,311.9993
GPS,gps-28874,28874,2026-08-02T00:14:42.000000,E-a,6,5067.4017
GPS,gps-28874,28874,2026-08-02T00:14:42.000000,E-a,12,12532.7651
GPS,gps-28874,28874,2026-08-02T00:14:42.000000,E-a,24,24935.7089
GPS,gps-28874,28874,2026-08-02T00:14:42.000000,E-a,48,49268.5788
GPS,gps-28874,28874,2026-08-02T00:14:42.000000,E-a,72,72738.3701
GPS,gps-28874,28874,2026-08-02T00:14:42.000000,E-b,1,25.9571
GPS,gps-28874,28874,2026-08-02T00:14:42.000000,E-b,6,494.3484
GPS,gps-28874,28874,2026-08-02T00:14:42.000000,E-b,12,1343.4567
GPS,gps-28874,28874,2026-08-02T00:14:42.000000,E-b,24,2588.1181
GPS,gps-28874,28874,2026-08-02T00:14:42.000000,E-b,48,4734.5124
GPS,gps-28874,28874,2026-08-02T00:14:42.000000,E-b,72,6236.1284
GPS,gps-28874,28874,2026-08-02T00:14:42.000000,E-c,1,3.0701
GPS,gps-28874,28874,2026-08-02T00:14:42.000000,E-c,6,47.4637
GPS,gps-28874,28874,2026-08-02T00:14:42.000000,E-c,12,48.1456
GPS,gps-28874,28874,2026-08-02T00:14:42.000000,E-c,24,70.3132
GPS,gps-28874,28874,2026-08-02T00:14:42.000000,E-c,48,123.6339
GPS,gps-28874,28874,2026-08-02T00:14:42.000000,E-c,72,271.5682
GPS,gps-28874,28874,2026-08-02T00:14:42.000000,E-d,1,2.9250
GPS,gps-28874,28874,2026-08-02T00:14:42.000000,E-d,6,60.5924
GPS,gps-28874,28874,2026-08-02T00:14:42.000000,E-d,12,136.5337
GPS,gps-28874,28874,2026-08-02T00:14:42.000000,E-d,24,227.2316
GPS,gps-28874,28874,2026-08-02T00:14:42.000000,E-d,48,349.0512
GPS,gps-28874,28874,2026-08-02T00:14:42.000000,E-d,72,368.6870
GPS,gps-28874,28874,2026-08-02T00:14:42.000000,E-e,1,0.2579
GPS,gps-28874,28874,2026-08-02T00:14:42.000000,E-e,6,6.9640
GPS,gps-28874,28874,2026-08-02T00:14:42.000000,E-e,12,29.7443
GPS,gps-28874,28874,2026-08-02T00:14:42.000000,E-e,24,58.7610
GPS,gps-28874,28874,2026-08-02T00:14:42.000000,E-e,48,114.4107
GPS,gps-28874,28874,2026-08-02T00:14:42.000000,E-e,72,166.6457
GPS,gps-28874,28874,2026-08-02T00:14:42.000000,E-f,1,0.2617
GPS,gps-28874,28874,2026-08-02T00:14:42.000000,E-f,6,6.8167
GPS,gps-28874,28874,2026-08-02T00:14:42.000000,E-f,12,29.4018
GPS,gps-28874,28874,2026-08-02T00:14:42.000000,E-f,24,58.0964
GPS,gps-28874,28874,2026-08-02T00:14:42.000000,E-f,48,113.2084
GPS,gps-28874,28874,2026-08-02T00:14:42.000000,E-f,72,165.1095
GPS,gps-28874,28874,2026-08-06T00:14:42.000000,E-a,1,317.0215
GPS,gps-28874,28874,2026-08-06T00:14:42.000000,E-a,6,3103.3594
GPS,gps-28874,28874,2026-08-06T00:14:42.000000,E-a,12,7382.1138
GPS,gps-28874,28874,2026-08-06T00:14:42.000000,E-a,24,14468.5679
GPS,gps-28874,28874,2026-08-06T00:14:42.000000,E-a,48,27778.9595
GPS,gps-28874,28874,2026-08-06T00:14:42.000000,E-a,72,40040.9599
GPS,gps-28874,28874,2026-08-06T00:14:42.000000,E-b,1,21.1957
GPS,gps-28874,28874,2026-08-06T00:14:42.000000,E-b,6,654.8040
GPS,gps-28874,28874,2026-08-06T00:14:42.000000,E-b,12,1389.0224
GPS,gps-28874,28874,2026-08-06T00:14:42.000000,E-b,24,2926.8665
GPS,gps-28874,28874,2026-08-06T00:14:42.000000,E-b,48,6252.0453
GPS,gps-28874,28874,2026-08-06T00:14:42.000000,E-b,72,9674.5456
GPS,gps-28874,28874,2026-08-06T00:14:42.000000,E-c,1,2.7592
GPS,gps-28874,28874,2026-08-06T00:14:42.000000,E-c,6,36.2858
GPS,gps-28874,28874,2026-08-06T00:14:42.000000,E-c,12,53.4674
GPS,gps-28874,28874,2026-08-06T00:14:42.000000,E-c,24,81.4284
GPS,gps-28874,28874,2026-08-06T00:14:42.000000,E-c,48,123.3496
GPS,gps-28874,28874,2026-08-06T00:14:42.000000,E-c,72,242.1556
GPS,gps-28874,28874,2026-08-06T00:14:42.000000,E-d,1,2.7664
GPS,gps-28874,28874,2026-08-06T00:14:42.000000,E-d,6,51.1162
GPS,gps-28874,28874,2026-08-06T00:14:42.000000,E-d,12,135.9242
GPS,gps-28874,28874,2026-08-06T00:14:42.000000,E-d,24,230.2664
GPS,gps-28874,28874,2026-08-06T00:14:42.000000,E-d,48,354.5910
GPS,gps-28874,28874,2026-08-06T00:14:42.000000,E-d,72,375.2451
GPS,gps-28874,28874,2026-08-06T00:14:42.000000,E-e,1,0.2754
GPS,gps-28874,28874,2026-08-06T00:14:42.000000,E-e,6,2.8084
GPS,gps-28874,28874,2026-08-06T00:14:42.000000,E-e,12,17.3963
GPS,gps-28874,28874,2026-08-06T00:14:42.000000,E-e,24,34.0952
GPS,gps-28874,28874,2026-08-06T00:14:42.000000,E-e,48,65.1095
GPS,gps-28874,28874,2026-08-06T00:14:42.000000,E-e,72,93.3900
GPS,gps-28874,28874,2026-08-06T00:14:42.000000,E-f,1,0.2767
GPS,gps-28874,28874,2026-08-06T00:14:42.000000,E-f,6,2.7897
GPS,gps-28874,28874,2026-08-06T00:14:42.000000,E-f,12,17.0805
GPS,gps-28874,28874,2026-08-06T00:14:42.000000,E-f,24,33.5135
GPS,gps-28874,28874,2026-08-06T00:14:42.000000,E-f,48,64.0940
GPS,gps-28874,28874,2026-08-06T00:14:42.000000,E-f,72,91.9599
GPS,gps-28874,28874,2026-08-10T00:14:42.000000,E-a,1,356.5399
GPS,gps-28874,28874,2026-08-10T00:14:42.000000,E-a,6,2703.5118
GPS,gps-28874,28874,2026-08-10T00:14:42.000000,E-a,12,4733.6489
GPS,gps-28874,28874,2026-08-10T00:14:42.000000,E-a,24,9256.1707
GPS,gps-28874,28874,2026-08-10T00:14:42.000000,E-a,48,17757.1925
GPS,gps-28874,28874,2026-08-10T00:14:42.000000,E-a,72,25709.2143
GPS,gps-28874,28874,2026-08-10T00:14:42.000000,E-b,1,28.1814
GPS,gps-28874,28874,2026-08-10T00:14:42.000000,E-b,6,538.2745
GPS,gps-28874,28874,2026-08-10T00:14:42.000000,E-b,12,891.5579
GPS,gps-28874,28874,2026-08-10T00:14:42.000000,E-b,24,1694.2085
GPS,gps-28874,28874,2026-08-10T00:14:42.000000,E-b,48,2976.4197
GPS,gps-28874,28874,2026-08-10T00:14:42.000000,E-b,72,3838.4473
GPS,gps-28874,28874,2026-08-10T00:14:42.000000,E-c,1,2.0743
GPS,gps-28874,28874,2026-08-10T00:14:42.000000,E-c,6,12.5670
GPS,gps-28874,28874,2026-08-10T00:14:42.000000,E-c,12,34.3091
GPS,gps-28874,28874,2026-08-10T00:14:42.000000,E-c,24,62.8489
GPS,gps-28874,28874,2026-08-10T00:14:42.000000,E-c,48,144.4498
GPS,gps-28874,28874,2026-08-10T00:14:42.000000,E-c,72,329.6969
GPS,gps-28874,28874,2026-08-10T00:14:42.000000,E-d,1,2.1731
GPS,gps-28874,28874,2026-08-10T00:14:42.000000,E-d,6,28.9739
GPS,gps-28874,28874,2026-08-10T00:14:42.000000,E-d,12,107.8690
GPS,gps-28874,28874,2026-08-10T00:14:42.000000,E-d,24,179.6763
GPS,gps-28874,28874,2026-08-10T00:14:42.000000,E-d,48,254.0609
GPS,gps-28874,28874,2026-08-10T00:14:42.000000,E-d,72,230.7952
GPS,gps-28874,28874,2026-08-10T00:14:42.000000,E-e,1,0.3487
GPS,gps-28874,28874,2026-08-10T00:14:42.000000,E-e,6,8.7934
GPS,gps-28874,28874,2026-08-10T00:14:42.000000,E-e,12,28.9873
GPS,gps-28874,28874,2026-08-10T00:14:42.000000,E-e,24,56.8605
GPS,gps-28874,28874,2026-08-10T00:14:42.000000,E-e,48,110.8863
GPS,gps-28874,28874,2026-08-10T00:14:42.000000,E-e,72,161.7567
GPS,gps-28874,28874,2026-08-10T00:14:42.000000,E-f,1,0.3498
GPS,gps-28874,28874,2026-08-10T00:14:42.000000,E-f,6,8.6375
GPS,gps-28874,28874,2026-08-10T00:14:42.000000,E-f,12,28.7493
GPS,gps-28874,28874,2026-08-10T00:14:42.000000,E-f,24,56.3096
GPS,gps-28874,28874,2026-08-10T00:14:42.000000,E-f,48,109.4781
GPS,gps-28874,28874,2026-08-10T00:14:42.000000,E-f,72,159.2229
GPS,gps-29486,29486,2026-08-02T00:14:42.000000,E-a,1,382.2596
GPS,gps-29486,29486,2026-08-02T00:14:42.000000,E-a,6,7289.9983
GPS,gps-29486,29486,2026-08-02T00:14:42.000000,E-a,12,15472.6921
GPS,gps-29486,29486,2026-08-02T00:14:42.000000,E-a,24,30820.7262
GPS,gps-29486,29486,2026-08-02T00:14:42.000000,E-a,48,61264.7439
GPS,gps-29486,29486,2026-08-02T00:14:42.000000,E-a,72,91120.6727
GPS,gps-29486,29486,2026-08-02T00:14:42.000000,E-b,1,24.7116
GPS,gps-29486,29486,2026-08-02T00:14:42.000000,E-b,6,1746.3701
GPS,gps-29486,29486,2026-08-02T00:14:42.000000,E-b,12,2468.1583
GPS,gps-29486,29486,2026-08-02T00:14:42.000000,E-b,24,4758.8461
GPS,gps-29486,29486,2026-08-02T00:14:42.000000,E-b,48,8926.4341
GPS,gps-29486,29486,2026-08-02T00:14:42.000000,E-b,72,12280.9408
GPS,gps-29486,29486,2026-08-02T00:14:42.000000,E-c,1,2.5664
GPS,gps-29486,29486,2026-08-02T00:14:42.000000,E-c,6,16.5440
GPS,gps-29486,29486,2026-08-02T00:14:42.000000,E-c,12,29.2365
GPS,gps-29486,29486,2026-08-02T00:14:42.000000,E-c,24,75.4519
GPS,gps-29486,29486,2026-08-02T00:14:42.000000,E-c,48,118.1510
GPS,gps-29486,29486,2026-08-02T00:14:42.000000,E-c,72,200.2552
GPS,gps-29486,29486,2026-08-02T00:14:42.000000,E-d,1,2.4504
GPS,gps-29486,29486,2026-08-02T00:14:42.000000,E-d,6,39.9231
GPS,gps-29486,29486,2026-08-02T00:14:42.000000,E-d,12,26.8639
GPS,gps-29486,29486,2026-08-02T00:14:42.000000,E-d,24,9.9860
GPS,gps-29486,29486,2026-08-02T00:14:42.000000,E-d,48,107.1094
GPS,gps-29486,29486,2026-08-02T00:14:42.000000,E-d,72,291.9611
GPS,gps-29486,29486,2026-08-02T00:14:42.000000,E-e,1,0.1522
GPS,gps-29486,29486,2026-08-02T00:14:42.000000,E-e,6,8.9491
GPS,gps-29486,29486,2026-08-02T00:14:42.000000,E-e,12,9.7319
GPS,gps-29486,29486,2026-08-02T00:14:42.000000,E-e,24,18.2823
GPS,gps-29486,29486,2026-08-02T00:14:42.000000,E-e,48,32.4487
GPS,gps-29486,29486,2026-08-02T00:14:42.000000,E-e,72,45.4607
GPS,gps-29486,29486,2026-08-02T00:14:42.000000,E-f,1,0.1489
GPS,gps-29486,29486,2026-08-02T00:14:42.000000,E-f,6,8.7857
GPS,gps-29486,29486,2026-08-02T00:14:42.000000,E-f,12,9.9610
GPS,gps-29486,29486,2026-08-02T00:14:42.000000,E-f,24,18.7239
GPS,gps-29486,29486,2026-08-02T00:14:42.000000,E-f,48,33.1493
GPS,gps-29486,29486,2026-08-02T00:14:42.000000,E-f,72,45.9530
GPS,gps-29486,29486,2026-08-06T00:14:42.000000,E-a,1,341.5240
GPS,gps-29486,29486,2026-08-06T00:14:42.000000,E-a,6,3705.0198
GPS,gps-29486,29486,2026-08-06T00:14:42.000000,E-a,12,9698.5800
GPS,gps-29486,29486,2026-08-06T00:14:42.000000,E-a,24,19260.1340
GPS,gps-29486,29486,2026-08-06T00:14:42.000000,E-a,48,38409.9022
GPS,gps-29486,29486,2026-08-06T00:14:42.000000,E-a,72,57939.2230
GPS,gps-29486,29486,2026-08-06T00:14:42.000000,E-b,1,22.7987
GPS,gps-29486,29486,2026-08-06T00:14:42.000000,E-b,6,141.7114
GPS,gps-29486,29486,2026-08-06T00:14:42.000000,E-b,12,488.7234
GPS,gps-29486,29486,2026-08-06T00:14:42.000000,E-b,24,1127.1399
GPS,gps-29486,29486,2026-08-06T00:14:42.000000,E-b,48,2467.1807
GPS,gps-29486,29486,2026-08-06T00:14:42.000000,E-b,72,3610.7136
GPS,gps-29486,29486,2026-08-06T00:14:42.000000,E-c,1,2.8180
GPS,gps-29486,29486,2026-08-06T00:14:42.000000,E-c,6,16.3515
GPS,gps-29486,29486,2026-08-06T00:14:42.000000,E-c,12,50.6559
GPS,gps-29486,29486,2026-08-06T00:14:42.000000,E-c,24,140.5252
GPS,gps-29486,29486,2026-08-06T00:14:42.000000,E-c,48,213.6036
GPS,gps-29486,29486,2026-08-06T00:14:42.000000,E-c,72,234.0717
GPS,gps-29486,29486,2026-08-06T00:14:42.000000,E-d,1,2.7489
GPS,gps-29486,29486,2026-08-06T00:14:42.000000,E-d,6,45.4998
GPS,gps-29486,29486,2026-08-06T00:14:42.000000,E-d,12,3.5690
GPS,gps-29486,29486,2026-08-06T00:14:42.000000,E-d,24,37.5551
GPS,gps-29486,29486,2026-08-06T00:14:42.000000,E-d,48,12.3896
GPS,gps-29486,29486,2026-08-06T00:14:42.000000,E-d,72,145.5059
GPS,gps-29486,29486,2026-08-06T00:14:42.000000,E-e,1,0.4498
GPS,gps-29486,29486,2026-08-06T00:14:42.000000,E-e,6,15.8160
GPS,gps-29486,29486,2026-08-06T00:14:42.000000,E-e,12,8.1123
GPS,gps-29486,29486,2026-08-06T00:14:42.000000,E-e,24,16.9099
GPS,gps-29486,29486,2026-08-06T00:14:42.000000,E-e,48,37.1819
GPS,gps-29486,29486,2026-08-06T00:14:42.000000,E-e,72,62.0589
GPS,gps-29486,29486,2026-08-06T00:14:42.000000,E-f,1,0.4462
GPS,gps-29486,29486,2026-08-06T00:14:42.000000,E-f,6,15.4911
GPS,gps-29486,29486,2026-08-06T00:14:42.000000,E-f,12,7.9142
GPS,gps-29486,29486,2026-08-06T00:14:42.000000,E-f,24,16.3523
GPS,gps-29486,29486,2026-08-06T00:14:42.000000,E-f,48,35.5609
GPS,gps-29486,29486,2026-08-06T00:14:42.000000,E-f,72,59.1255
GPS,gps-29486,29486,2026-08-10T00:14:42.000000,E-a,1,331.8636
GPS,gps-29486,29486,2026-08-10T00:14:42.000000,E-a,6,2377.6061
GPS,gps-29486,29486,2026-08-10T00:14:42.000000,E-a,12,6391.0655
GPS,gps-29486,29486,2026-08-10T00:14:42.000000,E-a,24,13127.4605
GPS,gps-29486,29486,2026-08-10T00:14:42.000000,E-a,48,27893.4750
GPS,gps-29486,29486,2026-08-10T00:14:42.000000,E-a,72,44178.4289
GPS,gps-29486,29486,2026-08-10T00:14:42.000000,E-b,1,29.1452
GPS,gps-29486,29486,2026-08-10T00:14:42.000000,E-b,6,806.4257
GPS,gps-29486,29486,2026-08-10T00:14:42.000000,E-b,12,600.3524
GPS,gps-29486,29486,2026-08-10T00:14:42.000000,E-b,24,1180.3691
GPS,gps-29486,29486,2026-08-10T00:14:42.000000,E-b,48,2645.5879
GPS,gps-29486,29486,2026-08-10T00:14:42.000000,E-b,72,4814.0680
GPS,gps-29486,29486,2026-08-10T00:14:42.000000,E-c,1,2.8835
GPS,gps-29486,29486,2026-08-10T00:14:42.000000,E-c,6,23.3413
GPS,gps-29486,29486,2026-08-10T00:14:42.000000,E-c,12,93.5077
GPS,gps-29486,29486,2026-08-10T00:14:42.000000,E-c,24,231.3596
GPS,gps-29486,29486,2026-08-10T00:14:42.000000,E-c,48,389.4365
GPS,gps-29486,29486,2026-08-10T00:14:42.000000,E-c,72,476.6304
GPS,gps-29486,29486,2026-08-10T00:14:42.000000,E-d,1,2.9380
GPS,gps-29486,29486,2026-08-10T00:14:42.000000,E-d,6,54.6704
GPS,gps-29486,29486,2026-08-10T00:14:42.000000,E-d,12,28.6413
GPS,gps-29486,29486,2026-08-10T00:14:42.000000,E-d,24,102.1368
GPS,gps-29486,29486,2026-08-10T00:14:42.000000,E-d,48,120.2291
GPS,gps-29486,29486,2026-08-10T00:14:42.000000,E-d,72,56.3575
GPS,gps-29486,29486,2026-08-10T00:14:42.000000,E-e,1,0.5194
GPS,gps-29486,29486,2026-08-10T00:14:42.000000,E-e,6,16.5321
GPS,gps-29486,29486,2026-08-10T00:14:42.000000,E-e,12,7.4020
GPS,gps-29486,29486,2026-08-10T00:14:42.000000,E-e,24,14.7415
GPS,gps-29486,29486,2026-08-10T00:14:42.000000,E-e,48,30.0608
GPS,gps-29486,29486,2026-08-10T00:14:42.000000,E-e,72,47.4357
GPS,gps-29486,29486,2026-08-10T00:14:42.000000,E-f,1,0.5170
GPS,gps-29486,29486,2026-08-10T00:14:42.000000,E-f,6,16.3441
GPS,gps-29486,29486,2026-08-10T00:14:42.000000,E-f,12,7.4009
GPS,gps-29486,29486,2026-08-10T00:14:42.000000,E-f,24,14.6753
GPS,gps-29486,29486,2026-08-10T00:14:42.000000,E-f,48,29.7731
GPS,gps-29486,29486,2026-08-10T00:14:42.000000,E-f,72,47.0099
GPS,gps-29601,29601,2026-08-02T00:14:42.000000,E-a,1,323.2384
GPS,gps-29601,29601,2026-08-02T00:14:42.000000,E-a,6,9426.1142
GPS,gps-29601,29601,2026-08-02T00:14:42.000000,E-a,12,15365.9951
GPS,gps-29601,29601,2026-08-02T00:14:42.000000,E-a,24,30607.4353
GPS,gps-29601,29601,2026-08-02T00:14:42.000000,E-a,48,60914.7223
GPS,gps-29601,29601,2026-08-02T00:14:42.000000,E-a,72,91126.6162
GPS,gps-29601,29601,2026-08-02T00:14:42.000000,E-b,1,29.3318
GPS,gps-29601,29601,2026-08-02T00:14:42.000000,E-b,6,923.5850
GPS,gps-29601,29601,2026-08-02T00:14:42.000000,E-b,12,1243.6836
GPS,gps-29601,29601,2026-08-02T00:14:42.000000,E-b,24,2309.4021
GPS,gps-29601,29601,2026-08-02T00:14:42.000000,E-b,48,4145.0413
GPS,gps-29601,29601,2026-08-02T00:14:42.000000,E-b,72,5763.2956
GPS,gps-29601,29601,2026-08-02T00:14:42.000000,E-c,1,4.6585
GPS,gps-29601,29601,2026-08-02T00:14:42.000000,E-c,6,120.3429
GPS,gps-29601,29601,2026-08-02T00:14:42.000000,E-c,12,90.4827
GPS,gps-29601,29601,2026-08-02T00:14:42.000000,E-c,24,196.4182
GPS,gps-29601,29601,2026-08-02T00:14:42.000000,E-c,48,305.1593
GPS,gps-29601,29601,2026-08-02T00:14:42.000000,E-c,72,328.5225
GPS,gps-29601,29601,2026-08-02T00:14:42.000000,E-d,1,4.4522
GPS,gps-29601,29601,2026-08-02T00:14:42.000000,E-d,6,128.9697
GPS,gps-29601,29601,2026-08-02T00:14:42.000000,E-d,12,124.8750
GPS,gps-29601,29601,2026-08-02T00:14:42.000000,E-d,24,263.9178
GPS,gps-29601,29601,2026-08-02T00:14:42.000000,E-d,48,438.7904
GPS,gps-29601,29601,2026-08-02T00:14:42.000000,E-d,72,524.9480
GPS,gps-29601,29601,2026-08-02T00:14:42.000000,E-e,1,0.1719
GPS,gps-29601,29601,2026-08-02T00:14:42.000000,E-e,6,1.9959
GPS,gps-29601,29601,2026-08-02T00:14:42.000000,E-e,12,2.2755
GPS,gps-29601,29601,2026-08-02T00:14:42.000000,E-e,24,4.4287
GPS,gps-29601,29601,2026-08-02T00:14:42.000000,E-e,48,18.3817
GPS,gps-29601,29601,2026-08-02T00:14:42.000000,E-e,72,46.3403
GPS,gps-29601,29601,2026-08-02T00:14:42.000000,E-f,1,0.1686
GPS,gps-29601,29601,2026-08-02T00:14:42.000000,E-f,6,1.9842
GPS,gps-29601,29601,2026-08-02T00:14:42.000000,E-f,12,2.3133
GPS,gps-29601,29601,2026-08-02T00:14:42.000000,E-f,24,4.4153
GPS,gps-29601,29601,2026-08-02T00:14:42.000000,E-f,48,18.4625
GPS,gps-29601,29601,2026-08-02T00:14:42.000000,E-f,72,46.7054
GPS,gps-29601,29601,2026-08-06T00:14:42.000000,E-a,1,309.5825
GPS,gps-29601,29601,2026-08-06T00:14:42.000000,E-a,6,10075.2113
GPS,gps-29601,29601,2026-08-06T00:14:42.000000,E-a,12,17704.1749
GPS,gps-29601,29601,2026-08-06T00:14:42.000000,E-a,24,35541.8452
GPS,gps-29601,29601,2026-08-06T00:14:42.000000,E-a,48,71905.9082
GPS,gps-29601,29601,2026-08-06T00:14:42.000000,E-a,72,109295.9260
GPS,gps-29601,29601,2026-08-06T00:14:42.000000,E-b,1,31.9988
GPS,gps-29601,29601,2026-08-06T00:14:42.000000,E-b,6,959.0230
GPS,gps-29601,29601,2026-08-06T00:14:42.000000,E-b,12,1560.0430
GPS,gps-29601,29601,2026-08-06T00:14:42.000000,E-b,24,3250.4416
GPS,gps-29601,29601,2026-08-06T00:14:42.000000,E-b,48,7345.2329
GPS,gps-29601,29601,2026-08-06T00:14:42.000000,E-b,72,12512.3793
GPS,gps-29601,29601,2026-08-06T00:14:42.000000,E-c,1,4.7324
GPS,gps-29601,29601,2026-08-06T00:14:42.000000,E-c,6,118.5038
GPS,gps-29601,29601,2026-08-06T00:14:42.000000,E-c,12,101.5107
GPS,gps-29601,29601,2026-08-06T00:14:42.000000,E-c,24,223.4361
GPS,gps-29601,29601,2026-08-06T00:14:42.000000,E-c,48,360.4671
GPS,gps-29601,29601,2026-08-06T00:14:42.000000,E-c,72,413.5646
GPS,gps-29601,29601,2026-08-06T00:14:42.000000,E-d,1,4.4970
GPS,gps-29601,29601,2026-08-06T00:14:42.000000,E-d,6,128.6112
GPS,gps-29601,29601,2026-08-06T00:14:42.000000,E-d,12,140.1461
GPS,gps-29601,29601,2026-08-06T00:14:42.000000,E-d,24,299.4286
GPS,gps-29601,29601,2026-08-06T00:14:42.000000,E-d,48,510.5996
GPS,gps-29601,29601,2026-08-06T00:14:42.000000,E-d,72,634.2266
GPS,gps-29601,29601,2026-08-06T00:14:42.000000,E-e,1,0.2821
GPS,gps-29601,29601,2026-08-06T00:14:42.000000,E-e,6,2.0366
GPS,gps-29601,29601,2026-08-06T00:14:42.000000,E-e,12,2.9456
GPS,gps-29601,29601,2026-08-06T00:14:42.000000,E-e,24,4.7998
GPS,gps-29601,29601,2026-08-06T00:14:42.000000,E-e,48,16.7935
GPS,gps-29601,29601,2026-08-06T00:14:42.000000,E-e,72,43.7836
GPS,gps-29601,29601,2026-08-06T00:14:42.000000,E-f,1,0.2857
GPS,gps-29601,29601,2026-08-06T00:14:42.000000,E-f,6,2.0849
GPS,gps-29601,29601,2026-08-06T00:14:42.000000,E-f,12,2.8166
GPS,gps-29601,29601,2026-08-06T00:14:42.000000,E-f,24,4.8052
GPS,gps-29601,29601,2026-08-06T00:14:42.000000,E-f,48,17.1197
GPS,gps-29601,29601,2026-08-06T00:14:42.000000,E-f,72,43.8325
GPS,gps-29601,29601,2026-08-10T00:14:42.000000,E-a,1,349.9948
GPS,gps-29601,29601,2026-08-10T00:14:42.000000,E-a,6,10108.1328
GPS,gps-29601,29601,2026-08-10T00:14:42.000000,E-a,12,18850.5660
GPS,gps-29601,29601,2026-08-10T00:14:42.000000,E-a,24,37806.9723
GPS,gps-29601,29601,2026-08-10T00:14:42.000000,E-a,48,75909.1153
GPS,gps-29601,29601,2026-08-10T00:14:42.000000,E-a,72,113685.7590
GPS,gps-29601,29601,2026-08-10T00:14:42.000000,E-b,1,17.3265
GPS,gps-29601,29601,2026-08-10T00:14:42.000000,E-b,6,962.0674
GPS,gps-29601,29601,2026-08-10T00:14:42.000000,E-b,12,1723.4714
GPS,gps-29601,29601,2026-08-10T00:14:42.000000,E-b,24,3551.8855
GPS,gps-29601,29601,2026-08-10T00:14:42.000000,E-b,48,7397.0567
GPS,gps-29601,29601,2026-08-10T00:14:42.000000,E-b,72,10904.4345
GPS,gps-29601,29601,2026-08-10T00:14:42.000000,E-c,1,4.7971
GPS,gps-29601,29601,2026-08-10T00:14:42.000000,E-c,6,119.0766
GPS,gps-29601,29601,2026-08-10T00:14:42.000000,E-c,12,120.6764
GPS,gps-29601,29601,2026-08-10T00:14:42.000000,E-c,24,265.4252
GPS,gps-29601,29601,2026-08-10T00:14:42.000000,E-c,48,444.9615
GPS,gps-29601,29601,2026-08-10T00:14:42.000000,E-c,72,540.7574
GPS,gps-29601,29601,2026-08-10T00:14:42.000000,E-d,1,4.5480
GPS,gps-29601,29601,2026-08-10T00:14:42.000000,E-d,6,131.2391
GPS,gps-29601,29601,2026-08-10T00:14:42.000000,E-d,12,162.7162
GPS,gps-29601,29601,2026-08-10T00:14:42.000000,E-d,24,348.2624
GPS,gps-29601,29601,2026-08-10T00:14:42.000000,E-d,48,608.2819
GPS,gps-29601,29601,2026-08-10T00:14:42.000000,E-d,72,780.8310
GPS,gps-29601,29601,2026-08-10T00:14:42.000000,E-e,1,0.6594
GPS,gps-29601,29601,2026-08-10T00:14:42.000000,E-e,6,8.2627
GPS,gps-29601,29601,2026-08-10T00:14:42.000000,E-e,12,12.1934
GPS,gps-29601,29601,2026-08-10T00:14:42.000000,E-e,24,27.3713
GPS,gps-29601,29601,2026-08-10T00:14:42.000000,E-e,48,67.6972
GPS,gps-29601,29601,2026-08-10T00:14:42.000000,E-e,72,121.4182
GPS,gps-29601,29601,2026-08-10T00:14:42.000000,E-f,1,0.6593
GPS,gps-29601,29601,2026-08-10T00:14:42.000000,E-f,6,7.8772
GPS,gps-29601,29601,2026-08-10T00:14:42.000000,E-f,12,11.4310
GPS,gps-29601,29601,2026-08-10T00:14:42.000000,E-f,24,25.8150
GPS,gps-29601,29601,2026-08-10T00:14:42.000000,E-f,48,64.5689
GPS,gps-29601,29601,2026-08-10T00:14:42.000000,E-f,72,116.9254
GPS,gps-32260,32260,2026-08-02T00:14:42.000000,E-a,1,313.5098
GPS,gps-32260,32260,2026-08-02T00:14:42.000000,E-a,6,2860.0997
GPS,gps-32260,32260,2026-08-02T00:14:42.000000,E-a,12,8296.4053
GPS,gps-32260,32260,2026-08-02T00:14:42.000000,E-a,24,16563.2943
GPS,gps-32260,32260,2026-08-02T00:14:42.000000,E-a,48,33369.4203
GPS,gps-32260,32260,2026-08-02T00:14:42.000000,E-a,72,50616.8091
GPS,gps-32260,32260,2026-08-02T00:14:42.000000,E-b,1,23.7033
GPS,gps-32260,32260,2026-08-02T00:14:42.000000,E-b,6,664.7084
GPS,gps-32260,32260,2026-08-02T00:14:42.000000,E-b,12,378.8547
GPS,gps-32260,32260,2026-08-02T00:14:42.000000,E-b,24,733.0358
GPS,gps-32260,32260,2026-08-02T00:14:42.000000,E-b,48,1244.1858
GPS,gps-32260,32260,2026-08-02T00:14:42.000000,E-b,72,1409.0296
GPS,gps-32260,32260,2026-08-02T00:14:42.000000,E-c,1,2.4381
GPS,gps-32260,32260,2026-08-02T00:14:42.000000,E-c,6,69.0654
GPS,gps-32260,32260,2026-08-02T00:14:42.000000,E-c,12,171.8808
GPS,gps-32260,32260,2026-08-02T00:14:42.000000,E-c,24,285.3485
GPS,gps-32260,32260,2026-08-02T00:14:42.000000,E-c,48,640.4952
GPS,gps-32260,32260,2026-08-02T00:14:42.000000,E-c,72,1064.9978
GPS,gps-32260,32260,2026-08-02T00:14:42.000000,E-d,1,2.2425
GPS,gps-32260,32260,2026-08-02T00:14:42.000000,E-d,6,104.6061
GPS,gps-32260,32260,2026-08-02T00:14:42.000000,E-d,12,215.2358
GPS,gps-32260,32260,2026-08-02T00:14:42.000000,E-d,24,368.3695
GPS,gps-32260,32260,2026-08-02T00:14:42.000000,E-d,48,800.6632
GPS,gps-32260,32260,2026-08-02T00:14:42.000000,E-d,72,1296.2118
GPS,gps-32260,32260,2026-08-02T00:14:42.000000,E-e,1,0.2531
GPS,gps-32260,32260,2026-08-02T00:14:42.000000,E-e,6,11.8555
GPS,gps-32260,32260,2026-08-02T00:14:42.000000,E-e,12,18.1446
GPS,gps-32260,32260,2026-08-02T00:14:42.000000,E-e,24,37.7622
GPS,gps-32260,32260,2026-08-02T00:14:42.000000,E-e,48,81.1191
GPS,gps-32260,32260,2026-08-02T00:14:42.000000,E-e,72,130.6183
GPS,gps-32260,32260,2026-08-02T00:14:42.000000,E-f,1,0.2509
GPS,gps-32260,32260,2026-08-02T00:14:42.000000,E-f,6,12.0389
GPS,gps-32260,32260,2026-08-02T00:14:42.000000,E-f,12,18.4274
GPS,gps-32260,32260,2026-08-02T00:14:42.000000,E-f,24,38.3599
GPS,gps-32260,32260,2026-08-02T00:14:42.000000,E-f,48,82.3959
GPS,gps-32260,32260,2026-08-02T00:14:42.000000,E-f,72,132.5555
GPS,gps-32260,32260,2026-08-06T00:14:42.000000,E-a,1,306.0349
GPS,gps-32260,32260,2026-08-06T00:14:42.000000,E-a,6,2481.2500
GPS,gps-32260,32260,2026-08-06T00:14:42.000000,E-a,12,6238.2998
GPS,gps-32260,32260,2026-08-06T00:14:42.000000,E-a,24,12681.7355
GPS,gps-32260,32260,2026-08-06T00:14:42.000000,E-a,48,26486.8050
GPS,gps-32260,32260,2026-08-06T00:14:42.000000,E-a,72,41492.9011
GPS,gps-32260,32260,2026-08-06T00:14:42.000000,E-b,1,22.5333
GPS,gps-32260,32260,2026-08-06T00:14:42.000000,E-b,6,592.5959
GPS,gps-32260,32260,2026-08-06T00:14:42.000000,E-b,12,794.0073
GPS,gps-32260,32260,2026-08-06T00:14:42.000000,E-b,24,1697.5243
GPS,gps-32260,32260,2026-08-06T00:14:42.000000,E-b,48,4099.0803
GPS,gps-32260,32260,2026-08-06T00:14:42.000000,E-b,72,7118.8056
GPS,gps-32260,32260,2026-08-06T00:14:42.000000,E-c,1,2.6667
GPS,gps-32260,32260,2026-08-06T00:14:42.000000,E-c,6,91.8166
GPS,gps-32260,32260,2026-08-06T00:14:42.000000,E-c,12,205.7550
GPS,gps-32260,32260,2026-08-06T00:14:42.000000,E-c,24,356.0813
GPS,gps-32260,32260,2026-08-06T00:14:42.000000,E-c,48,780.3552
GPS,gps-32260,32260,2026-08-06T00:14:42.000000,E-c,72,1273.0529
GPS,gps-32260,32260,2026-08-06T00:14:42.000000,E-d,1,2.6149
GPS,gps-32260,32260,2026-08-06T00:14:42.000000,E-d,6,127.1826
GPS,gps-32260,32260,2026-08-06T00:14:42.000000,E-d,12,239.0102
GPS,gps-32260,32260,2026-08-06T00:14:42.000000,E-d,24,419.2629
GPS,gps-32260,32260,2026-08-06T00:14:42.000000,E-d,48,900.6369
GPS,gps-32260,32260,2026-08-06T00:14:42.000000,E-d,72,1444.2680
GPS,gps-32260,32260,2026-08-06T00:14:42.000000,E-e,1,0.1649
GPS,gps-32260,32260,2026-08-06T00:14:42.000000,E-e,6,5.8655
GPS,gps-32260,32260,2026-08-06T00:14:42.000000,E-e,12,8.0583
GPS,gps-32260,32260,2026-08-06T00:14:42.000000,E-e,24,16.8401
GPS,gps-32260,32260,2026-08-06T00:14:42.000000,E-e,48,37.8850
GPS,gps-32260,32260,2026-08-06T00:14:42.000000,E-e,72,64.1707
GPS,gps-32260,32260,2026-08-06T00:14:42.000000,E-f,1,0.1665
GPS,gps-32260,32260,2026-08-06T00:14:42.000000,E-f,6,6.0061
GPS,gps-32260,32260,2026-08-06T00:14:42.000000,E-f,12,8.1912
GPS,gps-32260,32260,2026-08-06T00:14:42.000000,E-f,24,17.1148
GPS,gps-32260,32260,2026-08-06T00:14:42.000000,E-f,48,38.3992
GPS,gps-32260,32260,2026-08-06T00:14:42.000000,E-f,72,64.7746
GPS,gps-32260,32260,2026-08-10T00:14:42.000000,E-a,1,290.8879
GPS,gps-32260,32260,2026-08-10T00:14:42.000000,E-a,6,3084.2486
GPS,gps-32260,32260,2026-08-10T00:14:42.000000,E-a,12,6425.6996
GPS,gps-32260,32260,2026-08-10T00:14:42.000000,E-a,24,13059.0110
GPS,gps-32260,32260,2026-08-10T00:14:42.000000,E-a,48,26966.8896
GPS,gps-32260,32260,2026-08-10T00:14:42.000000,E-a,72,41445.7406
GPS,gps-32260,32260,2026-08-10T00:14:42.000000,E-b,1,22.5074
GPS,gps-32260,32260,2026-08-10T00:14:42.000000,E-b,6,2108.8950
GPS,gps-32260,32260,2026-08-10T00:14:42.000000,E-b,12,3300.1887
GPS,gps-32260,32260,2026-08-10T00:14:42.000000,E-b,24,6492.3180
GPS,gps-32260,32260,2026-08-10T00:14:42.000000,E-b,48,12638.4890
GPS,gps-32260,32260,2026-08-10T00:14:42.000000,E-b,72,18134.6517
GPS,gps-32260,32260,2026-08-10T00:14:42.000000,E-c,1,3.1124
GPS,gps-32260,32260,2026-08-10T00:14:42.000000,E-c,6,98.8739
GPS,gps-32260,32260,2026-08-10T00:14:42.000000,E-c,12,210.2456
GPS,gps-32260,32260,2026-08-10T00:14:42.000000,E-c,24,368.1533
GPS,gps-32260,32260,2026-08-10T00:14:42.000000,E-c,48,804.1884
GPS,gps-32260,32260,2026-08-10T00:14:42.000000,E-c,72,1307.9886
GPS,gps-32260,32260,2026-08-10T00:14:42.000000,E-d,1,3.1173
GPS,gps-32260,32260,2026-08-10T00:14:42.000000,E-d,6,133.6241
GPS,gps-32260,32260,2026-08-10T00:14:42.000000,E-d,12,233.9402
GPS,gps-32260,32260,2026-08-10T00:14:42.000000,E-d,24,412.2676
GPS,gps-32260,32260,2026-08-10T00:14:42.000000,E-d,48,886.3820
GPS,gps-32260,32260,2026-08-10T00:14:42.000000,E-d,72,1422.2041
GPS,gps-32260,32260,2026-08-10T00:14:42.000000,E-e,1,0.5891
GPS,gps-32260,32260,2026-08-10T00:14:42.000000,E-e,6,13.6396
GPS,gps-32260,32260,2026-08-10T00:14:42.000000,E-e,12,16.9107
GPS,gps-32260,32260,2026-08-10T00:14:42.000000,E-e,24,35.8402
GPS,gps-32260,32260,2026-08-10T00:14:42.000000,E-e,48,78.3164
GPS,gps-32260,32260,2026-08-10T00:14:42.000000,E-e,72,127.6452
GPS,gps-32260,32260,2026-08-10T00:14:42.000000,E-f,1,0.5912
GPS,gps-32260,32260,2026-08-10T00:14:42.000000,E-f,6,13.8118
GPS,gps-32260,32260,2026-08-10T00:14:42.000000,E-f,12,17.2096
GPS,gps-32260,32260,2026-08-10T00:14:42.000000,E-f,24,36.4687
GPS,gps-32260,32260,2026-08-10T00:14:42.000000,E-f,48,79.7520
GPS,gps-32260,32260,2026-08-10T00:14:42.000000,E-f,72,130.1614
GPS,gps-32384,32384,2026-08-02T00:14:42.000000,E-a,1,448.8672
GPS,gps-32384,32384,2026-08-02T00:14:42.000000,E-a,6,6563.6365
GPS,gps-32384,32384,2026-08-02T00:14:42.000000,E-a,12,10018.8649
GPS,gps-32384,32384,2026-08-02T00:14:42.000000,E-a,24,19950.6418
GPS,gps-32384,32384,2026-08-02T00:14:42.000000,E-a,48,39929.6963
GPS,gps-32384,32384,2026-08-02T00:14:42.000000,E-a,72,60109.6465
GPS,gps-32384,32384,2026-08-02T00:14:42.000000,E-b,1,26.4934
GPS,gps-32384,32384,2026-08-02T00:14:42.000000,E-b,6,866.7500
GPS,gps-32384,32384,2026-08-02T00:14:42.000000,E-b,12,1040.2521
GPS,gps-32384,32384,2026-08-02T00:14:42.000000,E-b,24,2114.0834
GPS,gps-32384,32384,2026-08-02T00:14:42.000000,E-b,48,3993.1432
GPS,gps-32384,32384,2026-08-02T00:14:42.000000,E-b,72,5479.1586
GPS,gps-32384,32384,2026-08-02T00:14:42.000000,E-c,1,2.4354
GPS,gps-32384,32384,2026-08-02T00:14:42.000000,E-c,6,66.5516
GPS,gps-32384,32384,2026-08-02T00:14:42.000000,E-c,12,122.7483
GPS,gps-32384,32384,2026-08-02T00:14:42.000000,E-c,24,335.8145
GPS,gps-32384,32384,2026-08-02T00:14:42.000000,E-c,48,755.2983
GPS,gps-32384,32384,2026-08-02T00:14:42.000000,E-c,72,1259.0738
GPS,gps-32384,32384,2026-08-02T00:14:42.000000,E-d,1,2.2504
GPS,gps-32384,32384,2026-08-02T00:14:42.000000,E-d,6,38.9764
GPS,gps-32384,32384,2026-08-02T00:14:42.000000,E-d,12,71.4000
GPS,gps-32384,32384,2026-08-02T00:14:42.000000,E-d,24,231.6323
GPS,gps-32384,32384,2026-08-02T00:14:42.000000,E-d,48,552.6696
GPS,gps-32384,32384,2026-08-02T00:14:42.000000,E-d,72,963.5787
GPS,gps-32384,32384,2026-08-02T00:14:42.000000,E-e,1,0.1648
GPS,gps-32384,32384,2026-08-02T00:14:42.000000,E-e,6,4.4659
GPS,gps-32384,32384,2026-08-02T00:14:42.000000,E-e,12,8.9359
GPS,gps-32384,32384,2026-08-02T00:14:42.000000,E-e,24,15.8150
GPS,gps-32384,32384,2026-08-02T00:14:42.000000,E-e,48,25.6458
GPS,gps-32384,32384,2026-08-02T00:14:42.000000,E-e,72,35.7610
GPS,gps-32384,32384,2026-08-02T00:14:42.000000,E-f,1,0.1590
GPS,gps-32384,32384,2026-08-02T00:14:42.000000,E-f,6,4.6369
GPS,gps-32384,32384,2026-08-02T00:14:42.000000,E-f,12,9.1996
GPS,gps-32384,32384,2026-08-02T00:14:42.000000,E-f,24,16.2737
GPS,gps-32384,32384,2026-08-02T00:14:42.000000,E-f,48,26.1515
GPS,gps-32384,32384,2026-08-02T00:14:42.000000,E-f,72,35.7375
GPS,gps-32384,32384,2026-08-06T00:14:42.000000,E-a,1,467.4134
GPS,gps-32384,32384,2026-08-06T00:14:42.000000,E-a,6,9460.6384
GPS,gps-32384,32384,2026-08-06T00:14:42.000000,E-a,12,14527.1267
GPS,gps-32384,32384,2026-08-06T00:14:42.000000,E-a,24,29047.9992
GPS,gps-32384,32384,2026-08-06T00:14:42.000000,E-a,48,58233.3061
GPS,gps-32384,32384,2026-08-06T00:14:42.000000,E-a,72,87283.7072
GPS,gps-32384,32384,2026-08-06T00:14:42.000000,E-b,1,23.3896
GPS,gps-32384,32384,2026-08-06T00:14:42.000000,E-b,6,1049.7834
GPS,gps-32384,32384,2026-08-06T00:14:42.000000,E-b,12,833.3712
GPS,gps-32384,32384,2026-08-06T00:14:42.000000,E-b,24,1692.7175
GPS,gps-32384,32384,2026-08-06T00:14:42.000000,E-b,48,3651.2847
GPS,gps-32384,32384,2026-08-06T00:14:42.000000,E-b,72,5621.8970
GPS,gps-32384,32384,2026-08-06T00:14:42.000000,E-c,1,2.5813
GPS,gps-32384,32384,2026-08-06T00:14:42.000000,E-c,6,49.3317
GPS,gps-32384,32384,2026-08-06T00:14:42.000000,E-c,12,95.9809
GPS,gps-32384,32384,2026-08-06T00:14:42.000000,E-c,24,279.8378
GPS,gps-32384,32384,2026-08-06T00:14:42.000000,E-c,48,643.8578
GPS,gps-32384,32384,2026-08-06T00:14:42.000000,E-c,72,1092.1907
GPS,gps-32384,32384,2026-08-06T00:14:42.000000,E-d,1,2.2755
GPS,gps-32384,32384,2026-08-06T00:14:42.000000,E-d,6,22.2306
GPS,gps-32384,32384,2026-08-06T00:14:42.000000,E-d,12,53.8548
GPS,gps-32384,32384,2026-08-06T00:14:42.000000,E-d,24,192.0970
GPS,gps-32384,32384,2026-08-06T00:14:42.000000,E-d,48,473.9397
GPS,gps-32384,32384,2026-08-06T00:14:42.000000,E-d,72,845.4319
GPS,gps-32384,32384,2026-08-06T00:14:42.000000,E-e,1,0.4995
GPS,gps-32384,32384,2026-08-06T00:14:42.000000,E-e,6,10.0414
GPS,gps-32384,32384,2026-08-06T00:14:42.000000,E-e,12,16.4620
GPS,gps-32384,32384,2026-08-06T00:14:42.000000,E-e,24,30.2285
GPS,gps-32384,32384,2026-08-06T00:14:42.000000,E-e,48,50.0810
GPS,gps-32384,32384,2026-08-06T00:14:42.000000,E-e,72,60.2030
GPS,gps-32384,32384,2026-08-06T00:14:42.000000,E-f,1,0.4981
GPS,gps-32384,32384,2026-08-06T00:14:42.000000,E-f,6,10.1200
GPS,gps-32384,32384,2026-08-06T00:14:42.000000,E-f,12,16.6442
GPS,gps-32384,32384,2026-08-06T00:14:42.000000,E-f,24,30.5415
GPS,gps-32384,32384,2026-08-06T00:14:42.000000,E-f,48,50.5448
GPS,gps-32384,32384,2026-08-06T00:14:42.000000,E-f,72,60.7556
GPS,gps-32384,32384,2026-08-10T00:14:42.000000,E-a,1,448.2915
GPS,gps-32384,32384,2026-08-10T00:14:42.000000,E-a,6,10042.2385
GPS,gps-32384,32384,2026-08-10T00:14:42.000000,E-a,12,17194.6854
GPS,gps-32384,32384,2026-08-10T00:14:42.000000,E-a,24,34100.1595
GPS,gps-32384,32384,2026-08-10T00:14:42.000000,E-a,48,67258.5207
GPS,gps-32384,32384,2026-08-10T00:14:42.000000,E-a,72,99556.6652
GPS,gps-32384,32384,2026-08-10T00:14:42.000000,E-b,1,22.6326
GPS,gps-32384,32384,2026-08-10T00:14:42.000000,E-b,6,1332.5134
GPS,gps-32384,32384,2026-08-10T00:14:42.000000,E-b,12,1928.5328
GPS,gps-32384,32384,2026-08-10T00:14:42.000000,E-b,24,3616.9265
GPS,gps-32384,32384,2026-08-10T00:14:42.000000,E-b,48,6441.0942
GPS,gps-32384,32384,2026-08-10T00:14:42.000000,E-b,72,8483.0256
GPS,gps-32384,32384,2026-08-10T00:14:42.000000,E-c,1,2.2069
GPS,gps-32384,32384,2026-08-10T00:14:42.000000,E-c,6,18.4451
GPS,gps-32384,32384,2026-08-10T00:14:42.000000,E-c,12,43.0780
GPS,gps-32384,32384,2026-08-10T00:14:42.000000,E-c,24,171.4550
GPS,gps-32384,32384,2026-08-10T00:14:42.000000,E-c,48,427.3056
GPS,gps-32384,32384,2026-08-10T00:14:42.000000,E-c,72,769.0327
GPS,gps-32384,32384,2026-08-10T00:14:42.000000,E-d,1,1.8082
GPS,gps-32384,32384,2026-08-10T00:14:42.000000,E-d,6,12.5081
GPS,gps-32384,32384,2026-08-10T00:14:42.000000,E-d,12,17.6312
GPS,gps-32384,32384,2026-08-10T00:14:42.000000,E-d,24,98.0523
GPS,gps-32384,32384,2026-08-10T00:14:42.000000,E-d,48,286.0371
GPS,gps-32384,32384,2026-08-10T00:14:42.000000,E-d,72,565.0172
GPS,gps-32384,32384,2026-08-10T00:14:42.000000,E-e,1,0.7217
GPS,gps-32384,32384,2026-08-10T00:14:42.000000,E-e,6,2.6566
GPS,gps-32384,32384,2026-08-10T00:14:42.000000,E-e,12,5.6901
GPS,gps-32384,32384,2026-08-10T00:14:42.000000,E-e,24,11.8821
GPS,gps-32384,32384,2026-08-10T00:14:42.000000,E-e,48,29.2507
GPS,gps-32384,32384,2026-08-10T00:14:42.000000,E-e,72,55.9772
GPS,gps-32384,32384,2026-08-10T00:14:42.000000,E-f,1,0.7217
GPS,gps-32384,32384,2026-08-10T00:14:42.000000,E-f,6,2.8723
GPS,gps-32384,32384,2026-08-10T00:14:42.000000,E-f,12,5.6629
GPS,gps-32384,32384,2026-08-10T00:14:42.000000,E-f,24,11.6036
GPS,gps-32384,32384,2026-08-10T00:14:42.000000,E-f,48,27.7598
GPS,gps-32384,32384,2026-08-10T00:14:42.000000,E-f,72,52.7847
GPS,gps-32711,32711,2026-08-02T00:14:42.000000,E-a,1,282.5173
GPS,gps-32711,32711,2026-08-02T00:14:42.000000,E-a,6,8963.3406
GPS,gps-32711,32711,2026-08-02T00:14:42.000000,E-a,12,17795.1363
GPS,gps-32711,32711,2026-08-02T00:14:42.000000,E-a,24,35716.2902
GPS,gps-32711,32711,2026-08-02T00:14:42.000000,E-a,48,72151.4452
GPS,gps-32711,32711,2026-08-02T00:14:42.000000,E-a,72,109431.5051
GPS,gps-32711,32711,2026-08-02T00:14:42.000000,E-b,1,33.0661
GPS,gps-32711,32711,2026-08-02T00:14:42.000000,E-b,6,642.5482
GPS,gps-32711,32711,2026-08-02T00:14:42.000000,E-b,12,1165.1393
GPS,gps-32711,32711,2026-08-02T00:14:42.000000,E-b,24,2479.1932
GPS,gps-32711,32711,2026-08-02T00:14:42.000000,E-b,48,5804.5013
GPS,gps-32711,32711,2026-08-02T00:14:42.000000,E-b,72,10139.0623
GPS,gps-32711,32711,2026-08-02T00:14:42.000000,E-c,1,2.6328
GPS,gps-32711,32711,2026-08-02T00:14:42.000000,E-c,6,72.4518
GPS,gps-32711,32711,2026-08-02T00:14:42.000000,E-c,12,66.7502
GPS,gps-32711,32711,2026-08-02T00:14:42.000000,E-c,24,161.1732
GPS,gps-32711,32711,2026-08-02T00:14:42.000000,E-c,48,287.9258
GPS,gps-32711,32711,2026-08-02T00:14:42.000000,E-c,72,380.0493
GPS,gps-32711,32711,2026-08-02T00:14:42.000000,E-d,1,2.4518
GPS,gps-32711,32711,2026-08-02T00:14:42.000000,E-d,6,74.9306
GPS,gps-32711,32711,2026-08-02T00:14:42.000000,E-d,12,65.4336
GPS,gps-32711,32711,2026-08-02T00:14:42.000000,E-d,24,125.9129
GPS,gps-32711,32711,2026-08-02T00:14:42.000000,E-d,48,281.4514
GPS,gps-32711,32711,2026-08-02T00:14:42.000000,E-d,72,469.1695
GPS,gps-32711,32711,2026-08-02T00:14:42.000000,E-e,1,0.1376
GPS,gps-32711,32711,2026-08-02T00:14:42.000000,E-e,6,3.1770
GPS,gps-32711,32711,2026-08-02T00:14:42.000000,E-e,12,31.8959
GPS,gps-32711,32711,2026-08-02T00:14:42.000000,E-e,24,65.5048
GPS,gps-32711,32711,2026-08-02T00:14:42.000000,E-e,48,138.7142
GPS,gps-32711,32711,2026-08-02T00:14:42.000000,E-e,72,219.2392
GPS,gps-32711,32711,2026-08-02T00:14:42.000000,E-f,1,0.1277
GPS,gps-32711,32711,2026-08-02T00:14:42.000000,E-f,6,3.2125
GPS,gps-32711,32711,2026-08-02T00:14:42.000000,E-f,12,32.3971
GPS,gps-32711,32711,2026-08-02T00:14:42.000000,E-f,24,66.4557
GPS,gps-32711,32711,2026-08-02T00:14:42.000000,E-f,48,140.3578
GPS,gps-32711,32711,2026-08-02T00:14:42.000000,E-f,72,221.2455
GPS,gps-32711,32711,2026-08-06T00:14:42.000000,E-a,1,298.8201
GPS,gps-32711,32711,2026-08-06T00:14:42.000000,E-a,6,8287.7487
GPS,gps-32711,32711,2026-08-06T00:14:42.000000,E-a,12,17212.0071
GPS,gps-32711,32711,2026-08-06T00:14:42.000000,E-a,24,34457.4261
GPS,gps-32711,32711,2026-08-06T00:14:42.000000,E-a,48,68926.2812
GPS,gps-32711,32711,2026-08-06T00:14:42.000000,E-a,72,102913.5808
GPS,gps-32711,32711,2026-08-06T00:14:42.000000,E-b,1,10.4413
GPS,gps-32711,32711,2026-08-06T00:14:42.000000,E-b,6,919.6190
GPS,gps-32711,32711,2026-08-06T00:14:42.000000,E-b,12,1832.6418
GPS,gps-32711,32711,2026-08-06T00:14:42.000000,E-b,24,3730.5779
GPS,gps-32711,32711,2026-08-06T00:14:42.000000,E-b,48,7601.1175
GPS,gps-32711,32711,2026-08-06T00:14:42.000000,E-b,72,11091.0908
GPS,gps-32711,32711,2026-08-06T00:14:42.000000,E-c,1,2.2845
GPS,gps-32711,32711,2026-08-06T00:14:42.000000,E-c,6,47.9577
GPS,gps-32711,32711,2026-08-06T00:14:42.000000,E-c,12,112.4957
GPS,gps-32711,32711,2026-08-06T00:14:42.000000,E-c,24,255.5011
GPS,gps-32711,32711,2026-08-06T00:14:42.000000,E-c,48,471.5702
GPS,gps-32711,32711,2026-08-06T00:14:42.000000,E-c,72,647.2400
GPS,gps-32711,32711,2026-08-06T00:14:42.000000,E-d,1,2.1589
GPS,gps-32711,32711,2026-08-06T00:14:42.000000,E-d,6,54.1200
GPS,gps-32711,32711,2026-08-06T00:14:42.000000,E-d,12,26.0991
GPS,gps-32711,32711,2026-08-06T00:14:42.000000,E-d,24,66.9081
GPS,gps-32711,32711,2026-08-06T00:14:42.000000,E-d,48,138.7474
GPS,gps-32711,32711,2026-08-06T00:14:42.000000,E-d,72,230.3578
GPS,gps-32711,32711,2026-08-06T00:14:42.000000,E-e,1,0.3889
GPS,gps-32711,32711,2026-08-06T00:14:42.000000,E-e,6,9.3836
GPS,gps-32711,32711,2026-08-06T00:14:42.000000,E-e,12,45.3980
GPS,gps-32711,32711,2026-08-06T00:14:42.000000,E-e,24,92.6358
GPS,gps-32711,32711,2026-08-06T00:14:42.000000,E-e,48,191.8161
GPS,gps-32711,32711,2026-08-06T00:14:42.000000,E-e,72,297.2769
GPS,gps-32711,32711,2026-08-06T00:14:42.000000,E-f,1,0.3905
GPS,gps-32711,32711,2026-08-06T00:14:42.000000,E-f,6,9.2363
GPS,gps-32711,32711,2026-08-06T00:14:42.000000,E-f,12,45.0621
GPS,gps-32711,32711,2026-08-06T00:14:42.000000,E-f,24,91.9151
GPS,gps-32711,32711,2026-08-06T00:14:42.000000,E-f,48,190.2673
GPS,gps-32711,32711,2026-08-06T00:14:42.000000,E-f,72,294.9914
GPS,gps-32711,32711,2026-08-10T00:14:42.000000,E-a,1,272.4707
GPS,gps-32711,32711,2026-08-10T00:14:42.000000,E-a,6,7132.3737
GPS,gps-32711,32711,2026-08-10T00:14:42.000000,E-a,12,14428.6096
GPS,gps-32711,32711,2026-08-10T00:14:42.000000,E-a,24,28551.7475
GPS,gps-32711,32711,2026-08-10T00:14:42.000000,E-a,48,56077.2831
GPS,gps-32711,32711,2026-08-10T00:14:42.000000,E-a,72,82788.4943
GPS,gps-32711,32711,2026-08-10T00:14:42.000000,E-b,1,32.7508
GPS,gps-32711,32711,2026-08-10T00:14:42.000000,E-b,6,1331.8750
GPS,gps-32711,32711,2026-08-10T00:14:42.000000,E-b,12,1098.6340
GPS,gps-32711,32711,2026-08-10T00:14:42.000000,E-b,24,1912.8665
GPS,gps-32711,32711,2026-08-10T00:14:42.000000,E-b,48,2937.6423
GPS,gps-32711,32711,2026-08-10T00:14:42.000000,E-b,72,3364.3476
GPS,gps-32711,32711,2026-08-10T00:14:42.000000,E-c,1,2.1365
GPS,gps-32711,32711,2026-08-10T00:14:42.000000,E-c,6,29.7745
GPS,gps-32711,32711,2026-08-10T00:14:42.000000,E-c,12,145.9486
GPS,gps-32711,32711,2026-08-10T00:14:42.000000,E-c,24,326.1947
GPS,gps-32711,32711,2026-08-10T00:14:42.000000,E-c,48,606.8291
GPS,gps-32711,32711,2026-08-10T00:14:42.000000,E-c,72,839.6806
GPS,gps-32711,32711,2026-08-10T00:14:42.000000,E-d,1,2.0963
GPS,gps-32711,32711,2026-08-10T00:14:42.000000,E-d,6,38.4900
GPS,gps-32711,32711,2026-08-10T00:14:42.000000,E-d,12,26.4620
GPS,gps-32711,32711,2026-08-10T00:14:42.000000,E-d,24,92.2997
GPS,gps-32711,32711,2026-08-10T00:14:42.000000,E-d,48,152.6347
GPS,gps-32711,32711,2026-08-10T00:14:42.000000,E-d,72,189.4510
GPS,gps-32711,32711,2026-08-10T00:14:42.000000,E-e,1,0.5240
GPS,gps-32711,32711,2026-08-10T00:14:42.000000,E-e,6,10.3861
GPS,gps-32711,32711,2026-08-10T00:14:42.000000,E-e,12,44.6971
GPS,gps-32711,32711,2026-08-10T00:14:42.000000,E-e,24,90.2558
GPS,gps-32711,32711,2026-08-10T00:14:42.000000,E-e,48,184.8126
GPS,gps-32711,32711,2026-08-10T00:14:42.000000,E-e,72,283.1898
GPS,gps-32711,32711,2026-08-10T00:14:42.000000,E-f,1,0.5219
GPS,gps-32711,32711,2026-08-10T00:14:42.000000,E-f,6,10.3471
GPS,gps-32711,32711,2026-08-10T00:14:42.000000,E-f,12,44.6901
GPS,gps-32711,32711,2026-08-10T00:14:42.000000,E-f,24,90.3514
GPS,gps-32711,32711,2026-08-10T00:14:42.000000,E-f,48,185.4191
GPS,gps-32711,32711,2026-08-10T00:14:42.000000,E-f,72,284.6097
GPS,gps-35752,35752,2026-08-02T00:14:42.000000,E-a,1,318.6829
GPS,gps-35752,35752,2026-08-02T00:14:42.000000,E-a,6,8061.1683
GPS,gps-35752,35752,2026-08-02T00:14:42.000000,E-a,12,15517.0178
GPS,gps-35752,35752,2026-08-02T00:14:42.000000,E-a,24,30883.8831
GPS,gps-35752,35752,2026-08-02T00:14:42.000000,E-a,48,61249.6927
GPS,gps-35752,35752,2026-08-02T00:14:42.000000,E-a,72,91108.2873
GPS,gps-35752,35752,2026-08-02T00:14:42.000000,E-b,1,21.1727
GPS,gps-35752,35752,2026-08-02T00:14:42.000000,E-b,6,534.3014
GPS,gps-35752,35752,2026-08-02T00:14:42.000000,E-b,12,624.9503
GPS,gps-35752,35752,2026-08-02T00:14:42.000000,E-b,24,1306.9945
GPS,gps-35752,35752,2026-08-02T00:14:42.000000,E-b,48,2845.2188
GPS,gps-35752,35752,2026-08-02T00:14:42.000000,E-b,72,4664.0386
GPS,gps-35752,35752,2026-08-02T00:14:42.000000,E-c,1,4.2681
GPS,gps-35752,35752,2026-08-02T00:14:42.000000,E-c,6,102.8945
GPS,gps-35752,35752,2026-08-02T00:14:42.000000,E-c,12,162.7203
GPS,gps-35752,35752,2026-08-02T00:14:42.000000,E-c,24,372.9067
GPS,gps-35752,35752,2026-08-02T00:14:42.000000,E-c,48,837.2204
GPS,gps-35752,35752,2026-08-02T00:14:42.000000,E-c,72,1393.1427
GPS,gps-35752,35752,2026-08-02T00:14:42.000000,E-d,1,4.3002
GPS,gps-35752,35752,2026-08-02T00:14:42.000000,E-d,6,135.3484
GPS,gps-35752,35752,2026-08-02T00:14:42.000000,E-d,12,175.9442
GPS,gps-35752,35752,2026-08-02T00:14:42.000000,E-d,24,395.9748
GPS,gps-35752,35752,2026-08-02T00:14:42.000000,E-d,48,879.2505
GPS,gps-35752,35752,2026-08-02T00:14:42.000000,E-d,72,1449.6910
GPS,gps-35752,35752,2026-08-02T00:14:42.000000,E-e,1,0.1784
GPS,gps-35752,35752,2026-08-02T00:14:42.000000,E-e,6,10.1294
GPS,gps-35752,35752,2026-08-02T00:14:42.000000,E-e,12,10.3790
GPS,gps-35752,35752,2026-08-02T00:14:42.000000,E-e,24,22.1141
GPS,gps-35752,35752,2026-08-02T00:14:42.000000,E-e,48,49.8240
GPS,gps-35752,35752,2026-08-02T00:14:42.000000,E-e,72,83.8095
GPS,gps-35752,35752,2026-08-02T00:14:42.000000,E-f,1,0.1758
GPS,gps-35752,35752,2026-08-02T00:14:42.000000,E-f,6,10.2244
GPS,gps-35752,35752,2026-08-02T00:14:42.000000,E-f,12,10.4483
GPS,gps-35752,35752,2026-08-02T00:14:42.000000,E-f,24,22.2368
GPS,gps-35752,35752,2026-08-02T00:14:42.000000,E-f,48,49.9904
GPS,gps-35752,35752,2026-08-02T00:14:42.000000,E-f,72,83.9292
GPS,gps-35752,35752,2026-08-06T00:14:42.000000,E-a,1,280.9520
GPS,gps-35752,35752,2026-08-06T00:14:42.000000,E-a,6,6280.3876
GPS,gps-35752,35752,2026-08-06T00:14:42.000000,E-a,12,14216.4762
GPS,gps-35752,35752,2026-08-06T00:14:42.000000,E-a,24,28348.9626
GPS,gps-35752,35752,2026-08-06T00:14:42.000000,E-a,48,97948.5227
GPS,gps-35752,35752,2026-08-06T00:14:42.000000,E-a,72,169566.1301
GPS,gps-35752,35752,2026-08-06T00:14:42.000000,E-b,1,34.2154
GPS,gps-35752,35752,2026-08-06T00:14:42.000000,E-b,6,346.8899
GPS,gps-35752,35752,2026-08-06T00:14:42.000000,E-b,12,580.3549
GPS,gps-35752,35752,2026-08-06T00:14:42.000000,E-b,24,1114.9096
GPS,gps-35752,35752,2026-08-06T00:14:42.000000,E-b,48,46682.1614
GPS,gps-35752,35752,2026-08-06T00:14:42.000000,E-b,72,93528.3911
GPS,gps-35752,35752,2026-08-06T00:14:42.000000,E-c,1,3.9696
GPS,gps-35752,35752,2026-08-06T00:14:42.000000,E-c,6,89.0913
GPS,gps-35752,35752,2026-08-06T00:14:42.000000,E-c,12,157.8562
GPS,gps-35752,35752,2026-08-06T00:14:42.000000,E-c,24,368.4465
GPS,gps-35752,35752,2026-08-06T00:14:42.000000,E-c,48,43834.9983
GPS,gps-35752,35752,2026-08-06T00:14:42.000000,E-c,72,89002.9257
GPS,gps-35752,35752,2026-08-06T00:14:42.000000,E-d,1,4.0290
GPS,gps-35752,35752,2026-08-06T00:14:42.000000,E-d,6,121.7318
GPS,gps-35752,35752,2026-08-06T00:14:42.000000,E-d,12,164.6338
GPS,gps-35752,35752,2026-08-06T00:14:42.000000,E-d,24,378.9393
GPS,gps-35752,35752,2026-08-06T00:14:42.000000,E-d,48,43811.0288
GPS,gps-35752,35752,2026-08-06T00:14:42.000000,E-d,72,88970.2111
GPS,gps-35752,35752,2026-08-06T00:14:42.000000,E-e,1,0.2167
GPS,gps-35752,35752,2026-08-06T00:14:42.000000,E-e,6,10.5006
GPS,gps-35752,35752,2026-08-06T00:14:42.000000,E-e,12,9.7827
GPS,gps-35752,35752,2026-08-06T00:14:42.000000,E-e,24,20.7411
GPS,gps-35752,35752,2026-08-06T00:14:42.000000,E-e,48,44693.0950
GPS,gps-35752,35752,2026-08-06T00:14:42.000000,E-e,72,90436.2410
GPS,gps-35752,35752,2026-08-06T00:14:42.000000,E-f,1,0.2148
GPS,gps-35752,35752,2026-08-06T00:14:42.000000,E-f,6,10.2981
GPS,gps-35752,35752,2026-08-06T00:14:42.000000,E-f,12,9.5125
GPS,gps-35752,35752,2026-08-06T00:14:42.000000,E-f,24,20.1739
GPS,gps-35752,35752,2026-08-06T00:14:42.000000,E-f,48,44691.6233
GPS,gps-35752,35752,2026-08-06T00:14:42.000000,E-f,72,90434.1460
GPS,gps-35752,35752,2026-08-10T00:14:42.000000,E-a,1,291.0908
GPS,gps-35752,35752,2026-08-10T00:14:42.000000,E-a,6,3850.5962
GPS,gps-35752,35752,2026-08-10T00:14:42.000000,E-a,12,10143.2061
GPS,gps-35752,35752,2026-08-10T00:14:42.000000,E-a,24,20249.0468
GPS,gps-35752,35752,2026-08-10T00:14:42.000000,E-a,48,40383.3207
GPS,gps-35752,35752,2026-08-10T00:14:42.000000,E-a,72,60173.0658
GPS,gps-35752,35752,2026-08-10T00:14:42.000000,E-b,1,29.4843
GPS,gps-35752,35752,2026-08-10T00:14:42.000000,E-b,6,1412.2709
GPS,gps-35752,35752,2026-08-10T00:14:42.000000,E-b,12,1260.0776
GPS,gps-35752,35752,2026-08-10T00:14:42.000000,E-b,24,2513.7010
GPS,gps-35752,35752,2026-08-10T00:14:42.000000,E-b,48,4949.2531
GPS,gps-35752,35752,2026-08-10T00:14:42.000000,E-b,72,7394.8862
GPS,gps-35752,35752,2026-08-10T00:14:42.000000,E-c,1,3.3806
GPS,gps-35752,35752,2026-08-10T00:14:42.000000,E-c,6,64.5212
GPS,gps-35752,35752,2026-08-10T00:14:42.000000,E-c,12,134.8149
GPS,gps-35752,35752,2026-08-10T00:14:42.000000,E-c,24,326.1174
GPS,gps-35752,35752,2026-08-10T00:14:42.000000,E-c,48,744.4751
GPS,gps-35752,35752,2026-08-10T00:14:42.000000,E-c,72,1255.9626
GPS,gps-35752,35752,2026-08-10T00:14:42.000000,E-d,1,3.4606
GPS,gps-35752,35752,2026-08-10T00:14:42.000000,E-d,6,97.3003
GPS,gps-35752,35752,2026-08-10T00:14:42.000000,E-d,12,133.9311
GPS,gps-35752,35752,2026-08-10T00:14:42.000000,E-d,24,321.5032
GPS,gps-35752,35752,2026-08-10T00:14:42.000000,E-d,48,731.4143
GPS,gps-35752,35752,2026-08-10T00:14:42.000000,E-d,72,1229.9579
GPS,gps-35752,35752,2026-08-10T00:14:42.000000,E-e,1,0.6531
GPS,gps-35752,35752,2026-08-10T00:14:42.000000,E-e,6,18.0011
GPS,gps-35752,35752,2026-08-10T00:14:42.000000,E-e,12,20.4294
GPS,gps-35752,35752,2026-08-10T00:14:42.000000,E-e,24,43.0641
GPS,gps-35752,35752,2026-08-10T00:14:42.000000,E-e,48,92.6717
GPS,gps-35752,35752,2026-08-10T00:14:42.000000,E-e,72,148.9491
GPS,gps-35752,35752,2026-08-10T00:14:42.000000,E-f,1,0.6562
GPS,gps-35752,35752,2026-08-10T00:14:42.000000,E-f,6,18.0969
GPS,gps-35752,35752,2026-08-10T00:14:42.000000,E-f,12,20.6746
GPS,gps-35752,35752,2026-08-10T00:14:42.000000,E-f,24,43.5863
GPS,gps-35752,35752,2026-08-10T00:14:42.000000,E-f,48,93.8056
GPS,gps-35752,35752,2026-08-10T00:14:42.000000,E-f,72,150.7210
GPS,gps-36585,36585,2026-08-02T00:14:42.000000,E-a,1,308.0789
GPS,gps-36585,36585,2026-08-02T00:14:42.000000,E-a,6,3092.9908
GPS,gps-36585,36585,2026-08-02T00:14:42.000000,E-a,12,5063.4193
GPS,gps-36585,36585,2026-08-02T00:14:42.000000,E-a,24,10324.1014
GPS,gps-36585,36585,2026-08-02T00:14:42.000000,E-a,48,21499.6864
GPS,gps-36585,36585,2026-08-02T00:14:42.000000,E-a,72,33584.1066
GPS,gps-36585,36585,2026-08-02T00:14:42.000000,E-b,1,31.7792
GPS,gps-36585,36585,2026-08-02T00:14:42.000000,E-b,6,423.2964
GPS,gps-36585,36585,2026-08-02T00:14:42.000000,E-b,12,1314.4128
GPS,gps-36585,36585,2026-08-02T00:14:42.000000,E-b,24,2424.2446
GPS,gps-36585,36585,2026-08-02T00:14:42.000000,E-b,48,4433.3549
GPS,gps-36585,36585,2026-08-02T00:14:42.000000,E-b,72,6317.1972
GPS,gps-36585,36585,2026-08-02T00:14:42.000000,E-c,1,3.0777
GPS,gps-36585,36585,2026-08-02T00:14:42.000000,E-c,6,48.9260
GPS,gps-36585,36585,2026-08-02T00:14:42.000000,E-c,12,246.5049
GPS,gps-36585,36585,2026-08-02T00:14:42.000000,E-c,24,440.1866
GPS,gps-36585,36585,2026-08-02T00:14:42.000000,E-c,48,959.3774
GPS,gps-36585,36585,2026-08-02T00:14:42.000000,E-c,72,1557.0160
GPS,gps-36585,36585,2026-08-02T00:14:42.000000,E-d,1,2.7183
GPS,gps-36585,36585,2026-08-02T00:14:42.000000,E-d,6,40.1424
GPS,gps-36585,36585,2026-08-02T00:14:42.000000,E-d,12,193.8858
GPS,gps-36585,36585,2026-08-02T00:14:42.000000,E-d,24,334.7603
GPS,gps-36585,36585,2026-08-02T00:14:42.000000,E-d,48,746.9067
GPS,gps-36585,36585,2026-08-02T00:14:42.000000,E-d,72,1235.9653
GPS,gps-36585,36585,2026-08-02T00:14:42.000000,E-e,1,0.1720
GPS,gps-36585,36585,2026-08-02T00:14:42.000000,E-e,6,3.3179
GPS,gps-36585,36585,2026-08-02T00:14:42.000000,E-e,12,15.7499
GPS,gps-36585,36585,2026-08-02T00:14:42.000000,E-e,24,31.8752
GPS,gps-36585,36585,2026-08-02T00:14:42.000000,E-e,48,65.0724
GPS,gps-36585,36585,2026-08-02T00:14:42.000000,E-e,72,99.6439
GPS,gps-36585,36585,2026-08-02T00:14:42.000000,E-f,1,0.1677
GPS,gps-36585,36585,2026-08-02T00:14:42.000000,E-f,6,3.2967
GPS,gps-36585,36585,2026-08-02T00:14:42.000000,E-f,12,15.7924
GPS,gps-36585,36585,2026-08-02T00:14:42.000000,E-f,24,31.8973
GPS,gps-36585,36585,2026-08-02T00:14:42.000000,E-f,48,64.9085
GPS,gps-36585,36585,2026-08-02T00:14:42.000000,E-f,72,99.2095
GPS,gps-36585,36585,2026-08-06T00:14:42.000000,E-a,1,279.7644
GPS,gps-36585,36585,2026-08-06T00:14:42.000000,E-a,6,4934.0796
GPS,gps-36585,36585,2026-08-06T00:14:42.000000,E-a,12,8066.9570
GPS,gps-36585,36585,2026-08-06T00:14:42.000000,E-a,24,16373.4946
GPS,gps-36585,36585,2026-08-06T00:14:42.000000,E-a,48,33920.6599
GPS,gps-36585,36585,2026-08-06T00:14:42.000000,E-a,72,52644.9035
GPS,gps-36585,36585,2026-08-06T00:14:42.000000,E-b,1,26.7441
GPS,gps-36585,36585,2026-08-06T00:14:42.000000,E-b,6,458.8099
GPS,gps-36585,36585,2026-08-06T00:14:42.000000,E-b,12,1296.0158
GPS,gps-36585,36585,2026-08-06T00:14:42.000000,E-b,24,2722.3453
GPS,gps-36585,36585,2026-08-06T00:14:42.000000,E-b,48,6379.4834
GPS,gps-36585,36585,2026-08-06T00:14:42.000000,E-b,72,11112.2400
GPS,gps-36585,36585,2026-08-06T00:14:42.000000,E-c,1,3.5369
GPS,gps-36585,36585,2026-08-06T00:14:42.000000,E-c,6,44.4641
GPS,gps-36585,36585,2026-08-06T00:14:42.000000,E-c,12,203.4559
GPS,gps-36585,36585,2026-08-06T00:14:42.000000,E-c,24,353.4425
GPS,gps-36585,36585,2026-08-06T00:14:42.000000,E-c,48,783.9644
GPS,gps-36585,36585,2026-08-06T00:14:42.000000,E-c,72,1290.5710
GPS,gps-36585,36585,2026-08-06T00:14:42.000000,E-d,1,3.1208
GPS,gps-36585,36585,2026-08-06T00:14:42.000000,E-d,6,35.4396
GPS,gps-36585,36585,2026-08-06T00:14:42.000000,E-d,12,144.4003
GPS,gps-36585,36585,2026-08-06T00:14:42.000000,E-d,24,235.4571
GPS,gps-36585,36585,2026-08-06T00:14:42.000000,E-d,48,546.1085
GPS,gps-36585,36585,2026-08-06T00:14:42.000000,E-d,72,931.2417
GPS,gps-36585,36585,2026-08-06T00:14:42.000000,E-e,1,0.4767
GPS,gps-36585,36585,2026-08-06T00:14:42.000000,E-e,6,3.5951
GPS,gps-36585,36585,2026-08-06T00:14:42.000000,E-e,12,16.4274
GPS,gps-36585,36585,2026-08-06T00:14:42.000000,E-e,24,32.9218
GPS,gps-36585,36585,2026-08-06T00:14:42.000000,E-e,48,66.6245
GPS,gps-36585,36585,2026-08-06T00:14:42.000000,E-e,72,100.7216
GPS,gps-36585,36585,2026-08-06T00:14:42.000000,E-f,1,0.4785
GPS,gps-36585,36585,2026-08-06T00:14:42.000000,E-f,6,3.6493
GPS,gps-36585,36585,2026-08-06T00:14:42.000000,E-f,12,16.3797
GPS,gps-36585,36585,2026-08-06T00:14:42.000000,E-f,24,32.9027
GPS,gps-36585,36585,2026-08-06T00:14:42.000000,E-f,48,66.9403
GPS,gps-36585,36585,2026-08-06T00:14:42.000000,E-f,72,101.7644
GPS,gps-36585,36585,2026-08-10T00:14:42.000000,E-a,1,320.4026
GPS,gps-36585,36585,2026-08-10T00:14:42.000000,E-a,6,7843.9973
GPS,gps-36585,36585,2026-08-10T00:14:42.000000,E-a,12,12239.7610
GPS,gps-36585,36585,2026-08-10T00:14:42.000000,E-a,24,24548.7640
GPS,gps-36585,36585,2026-08-10T00:14:42.000000,E-a,48,49322.8811
GPS,gps-36585,36585,2026-08-10T00:14:42.000000,E-a,72,73785.4861
GPS,gps-36585,36585,2026-08-10T00:14:42.000000,E-b,1,17.8157
GPS,gps-36585,36585,2026-08-10T00:14:42.000000,E-b,6,1047.3612
GPS,gps-36585,36585,2026-08-10T00:14:42.000000,E-b,12,2066.6856
GPS,gps-36585,36585,2026-08-10T00:14:42.000000,E-b,24,4146.4242
GPS,gps-36585,36585,2026-08-10T00:14:42.000000,E-b,48,8310.3368
GPS,gps-36585,36585,2026-08-10T00:14:42.000000,E-b,72,11865.0686
GPS,gps-36585,36585,2026-08-10T00:14:42.000000,E-c,1,3.7551
GPS,gps-36585,36585,2026-08-10T00:14:42.000000,E-c,6,45.0402
GPS,gps-36585,36585,2026-08-10T00:14:42.000000,E-c,12,148.6277
GPS,gps-36585,36585,2026-08-10T00:14:42.000000,E-c,24,244.7947
GPS,gps-36585,36585,2026-08-10T00:14:42.000000,E-c,48,565.3822
GPS,gps-36585,36585,2026-08-10T00:14:42.000000,E-c,72,961.4822
GPS,gps-36585,36585,2026-08-10T00:14:42.000000,E-d,1,3.3002
GPS,gps-36585,36585,2026-08-10T00:14:42.000000,E-d,6,38.8049
GPS,gps-36585,36585,2026-08-10T00:14:42.000000,E-d,12,83.9185
GPS,gps-36585,36585,2026-08-10T00:14:42.000000,E-d,24,117.6736
GPS,gps-36585,36585,2026-08-10T00:14:42.000000,E-d,48,306.4688
GPS,gps-36585,36585,2026-08-10T00:14:42.000000,E-d,72,568.4388
GPS,gps-36585,36585,2026-08-10T00:14:42.000000,E-e,1,0.7170
GPS,gps-36585,36585,2026-08-10T00:14:42.000000,E-e,6,9.4192
GPS,gps-36585,36585,2026-08-10T00:14:42.000000,E-e,12,4.3931
GPS,gps-36585,36585,2026-08-10T00:14:42.000000,E-e,24,9.3423
GPS,gps-36585,36585,2026-08-10T00:14:42.000000,E-e,48,20.1422
GPS,gps-36585,36585,2026-08-10T00:14:42.000000,E-e,72,32.4608
GPS,gps-36585,36585,2026-08-10T00:14:42.000000,E-f,1,0.7147
GPS,gps-36585,36585,2026-08-10T00:14:42.000000,E-f,6,9.0343
GPS,gps-36585,36585,2026-08-10T00:14:42.000000,E-f,12,5.1876
GPS,gps-36585,36585,2026-08-10T00:14:42.000000,E-f,24,10.9472
GPS,gps-36585,36585,2026-08-10T00:14:42.000000,E-f,48,23.2697
GPS,gps-36585,36585,2026-08-10T00:14:42.000000,E-f,72,36.8324
GPS,gps-38833,38833,2026-08-02T00:14:42.000000,E-a,1,376.7265
GPS,gps-38833,38833,2026-08-02T00:14:42.000000,E-a,6,3983.1042
GPS,gps-38833,38833,2026-08-02T00:14:42.000000,E-a,12,6404.8343
GPS,gps-38833,38833,2026-08-02T00:14:42.000000,E-a,24,12547.0230
GPS,gps-38833,38833,2026-08-02T00:14:42.000000,E-a,48,23951.6515
GPS,gps-38833,38833,2026-08-02T00:14:42.000000,E-a,72,34175.8533
GPS,gps-38833,38833,2026-08-02T00:14:42.000000,E-b,1,29.3569
GPS,gps-38833,38833,2026-08-02T00:14:42.000000,E-b,6,1014.7587
GPS,gps-38833,38833,2026-08-02T00:14:42.000000,E-b,12,358.7115
GPS,gps-38833,38833,2026-08-02T00:14:42.000000,E-b,24,610.7197
GPS,gps-38833,38833,2026-08-02T00:14:42.000000,E-b,48,850.1273
GPS,gps-38833,38833,2026-08-02T00:14:42.000000,E-b,72,1317.8908
GPS,gps-38833,38833,2026-08-02T00:14:42.000000,E-c,1,2.1654
GPS,gps-38833,38833,2026-08-02T00:14:42.000000,E-c,6,44.3668
GPS,gps-38833,38833,2026-08-02T00:14:42.000000,E-c,12,118.9738
GPS,gps-38833,38833,2026-08-02T00:14:42.000000,E-c,24,229.8230
GPS,gps-38833,38833,2026-08-02T00:14:42.000000,E-c,48,447.8582
GPS,gps-38833,38833,2026-08-02T00:14:42.000000,E-c,72,653.8148
GPS,gps-38833,38833,2026-08-02T00:14:42.000000,E-d,1,1.8011
GPS,gps-38833,38833,2026-08-02T00:14:42.000000,E-d,6,25.3157
GPS,gps-38833,38833,2026-08-02T00:14:42.000000,E-d,12,188.3296
GPS,gps-38833,38833,2026-08-02T00:14:42.000000,E-d,24,374.4773
GPS,gps-38833,38833,2026-08-02T00:14:42.000000,E-d,48,729.4050
GPS,gps-38833,38833,2026-08-02T00:14:42.000000,E-d,72,1064.1782
GPS,gps-38833,38833,2026-08-02T00:14:42.000000,E-e,1,0.2777
GPS,gps-38833,38833,2026-08-02T00:14:42.000000,E-e,6,12.6552
GPS,gps-38833,38833,2026-08-02T00:14:42.000000,E-e,12,33.9836
GPS,gps-38833,38833,2026-08-02T00:14:42.000000,E-e,24,68.0608
GPS,gps-38833,38833,2026-08-02T00:14:42.000000,E-e,48,135.5543
GPS,gps-38833,38833,2026-08-02T00:14:42.000000,E-e,72,202.5449
GPS,gps-38833,38833,2026-08-02T00:14:42.000000,E-f,1,0.2752
GPS,gps-38833,38833,2026-08-02T00:14:42.000000,E-f,6,12.6318
GPS,gps-38833,38833,2026-08-02T00:14:42.000000,E-f,12,33.8567
GPS,gps-38833,38833,2026-08-02T00:14:42.000000,E-f,24,67.8650
GPS,gps-38833,38833,2026-08-02T00:14:42.000000,E-f,48,135.4342
GPS,gps-38833,38833,2026-08-02T00:14:42.000000,E-f,72,202.8162
GPS,gps-38833,38833,2026-08-06T00:14:42.000000,E-a,1,390.2784
GPS,gps-38833,38833,2026-08-06T00:14:42.000000,E-a,6,5299.8254
GPS,gps-38833,38833,2026-08-06T00:14:42.000000,E-a,12,8122.0279
GPS,gps-38833,38833,2026-08-06T00:14:42.000000,E-a,24,16089.2205
GPS,gps-38833,38833,2026-08-06T00:14:42.000000,E-a,48,31754.2660
GPS,gps-38833,38833,2026-08-06T00:14:42.000000,E-a,72,47469.8133
GPS,gps-38833,38833,2026-08-06T00:14:42.000000,E-b,1,20.9977
GPS,gps-38833,38833,2026-08-06T00:14:42.000000,E-b,6,949.8036
GPS,gps-38833,38833,2026-08-06T00:14:42.000000,E-b,12,619.1565
GPS,gps-38833,38833,2026-08-06T00:14:42.000000,E-b,24,1357.7637
GPS,gps-38833,38833,2026-08-06T00:14:42.000000,E-b,48,3024.2583
GPS,gps-38833,38833,2026-08-06T00:14:42.000000,E-b,72,4577.9515
GPS,gps-38833,38833,2026-08-06T00:14:42.000000,E-c,1,1.8705
GPS,gps-38833,38833,2026-08-06T00:14:42.000000,E-c,6,35.5272
GPS,gps-38833,38833,2026-08-06T00:14:42.000000,E-c,12,160.4098
GPS,gps-38833,38833,2026-08-06T00:14:42.000000,E-c,24,310.5362
GPS,gps-38833,38833,2026-08-06T00:14:42.000000,E-c,48,605.4874
GPS,gps-38833,38833,2026-08-06T00:14:42.000000,E-c,72,884.7370
GPS,gps-38833,38833,2026-08-06T00:14:42.000000,E-d,1,1.5653
GPS,gps-38833,38833,2026-08-06T00:14:42.000000,E-d,6,28.3808
GPS,gps-38833,38833,2026-08-06T00:14:42.000000,E-d,12,224.4048
GPS,gps-38833,38833,2026-08-06T00:14:42.000000,E-d,24,442.0485
GPS,gps-38833,38833,2026-08-06T00:14:42.000000,E-d,48,862.4881
GPS,gps-38833,38833,2026-08-06T00:14:42.000000,E-d,72,1261.0304
GPS,gps-38833,38833,2026-08-06T00:14:42.000000,E-e,1,0.2970
GPS,gps-38833,38833,2026-08-06T00:14:42.000000,E-e,6,6.1320
GPS,gps-38833,38833,2026-08-06T00:14:42.000000,E-e,12,17.5881
GPS,gps-38833,38833,2026-08-06T00:14:42.000000,E-e,24,35.0558
GPS,gps-38833,38833,2026-08-06T00:14:42.000000,E-e,48,70.1983
GPS,gps-38833,38833,2026-08-06T00:14:42.000000,E-e,72,105.2166
GPS,gps-38833,38833,2026-08-06T00:14:42.000000,E-f,1,0.2957
GPS,gps-38833,38833,2026-08-06T00:14:42.000000,E-f,6,6.3462
GPS,gps-38833,38833,2026-08-06T00:14:42.000000,E-f,12,17.9984
GPS,gps-38833,38833,2026-08-06T00:14:42.000000,E-f,24,35.9014
GPS,gps-38833,38833,2026-08-06T00:14:42.000000,E-f,48,71.9164
GPS,gps-38833,38833,2026-08-06T00:14:42.000000,E-f,72,107.6702
GPS,gps-38833,38833,2026-08-10T00:14:42.000000,E-a,1,393.4327
GPS,gps-38833,38833,2026-08-10T00:14:42.000000,E-a,6,6989.4380
GPS,gps-38833,38833,2026-08-10T00:14:42.000000,E-a,12,12160.0599
GPS,gps-38833,38833,2026-08-10T00:14:42.000000,E-a,24,24547.5499
GPS,gps-38833,38833,2026-08-10T00:14:42.000000,E-a,48,49939.9291
GPS,gps-38833,38833,2026-08-10T00:14:42.000000,E-a,72,75841.5278
GPS,gps-38833,38833,2026-08-10T00:14:42.000000,E-b,1,25.6488
GPS,gps-38833,38833,2026-08-10T00:14:42.000000,E-b,6,529.5160
GPS,gps-38833,38833,2026-08-10T00:14:42.000000,E-b,12,1263.8237
GPS,gps-38833,38833,2026-08-10T00:14:42.000000,E-b,24,2770.6234
GPS,gps-38833,38833,2026-08-10T00:14:42.000000,E-b,48,6454.2604
GPS,gps-38833,38833,2026-08-10T00:14:42.000000,E-b,72,10736.2305
GPS,gps-38833,38833,2026-08-10T00:14:42.000000,E-c,1,2.1618
GPS,gps-38833,38833,2026-08-10T00:14:42.000000,E-c,6,33.0438
GPS,gps-38833,38833,2026-08-10T00:14:42.000000,E-c,12,187.3458
GPS,gps-38833,38833,2026-08-10T00:14:42.000000,E-c,24,360.1950
GPS,gps-38833,38833,2026-08-10T00:14:42.000000,E-c,48,703.2354
GPS,gps-38833,38833,2026-08-10T00:14:42.000000,E-c,72,1028.7470
GPS,gps-38833,38833,2026-08-10T00:14:42.000000,E-d,1,1.9139
GPS,gps-38833,38833,2026-08-10T00:14:42.000000,E-d,6,32.8400
GPS,gps-38833,38833,2026-08-10T00:14:42.000000,E-d,12,242.6891
GPS,gps-38833,38833,2026-08-10T00:14:42.000000,E-d,24,473.1562
GPS,gps-38833,38833,2026-08-10T00:14:42.000000,E-d,48,923.3142
GPS,gps-38833,38833,2026-08-10T00:14:42.000000,E-d,72,1350.0683
GPS,gps-38833,38833,2026-08-10T00:14:42.000000,E-e,1,0.6453
GPS,gps-38833,38833,2026-08-10T00:14:42.000000,E-e,6,7.8268
GPS,gps-38833,38833,2026-08-10T00:14:42.000000,E-e,12,16.5595
GPS,gps-38833,38833,2026-08-10T00:14:42.000000,E-e,24,33.3602
GPS,gps-38833,38833,2026-08-10T00:14:42.000000,E-e,48,66.7198
GPS,gps-38833,38833,2026-08-10T00:14:42.000000,E-e,72,99.9017
GPS,gps-38833,38833,2026-08-10T00:14:42.000000,E-f,1,0.6424
GPS,gps-38833,38833,2026-08-10T00:14:42.000000,E-f,6,8.0494
GPS,gps-38833,38833,2026-08-10T00:14:42.000000,E-f,12,16.8474
GPS,gps-38833,38833,2026-08-10T00:14:42.000000,E-f,24,33.8553
GPS,gps-38833,38833,2026-08-10T00:14:42.000000,E-f,48,67.4020
GPS,gps-38833,38833,2026-08-10T00:14:42.000000,E-f,72,100.5776
GPS,gps-39166,39166,2026-08-02T00:14:42.000000,E-a,1,319.0920
GPS,gps-39166,39166,2026-08-02T00:14:42.000000,E-a,6,7145.6209
GPS,gps-39166,39166,2026-08-02T00:14:42.000000,E-a,12,10792.3399
GPS,gps-39166,39166,2026-08-02T00:14:42.000000,E-a,24,21584.4567
GPS,gps-39166,39166,2026-08-02T00:14:42.000000,E-a,48,43167.5267
GPS,gps-39166,39166,2026-08-02T00:14:42.000000,E-a,72,64481.3193
GPS,gps-39166,39166,2026-08-02T00:14:42.000000,E-b,1,14.9256
GPS,gps-39166,39166,2026-08-02T00:14:42.000000,E-b,6,367.8247
GPS,gps-39166,39166,2026-08-02T00:14:42.000000,E-b,12,830.4286
GPS,gps-39166,39166,2026-08-02T00:14:42.000000,E-b,24,1582.9511
GPS,gps-39166,39166,2026-08-02T00:14:42.000000,E-b,48,2865.6994
GPS,gps-39166,39166,2026-08-02T00:14:42.000000,E-b,72,3681.4201
GPS,gps-39166,39166,2026-08-02T00:14:42.000000,E-c,1,2.2236
GPS,gps-39166,39166,2026-08-02T00:14:42.000000,E-c,6,85.9311
GPS,gps-39166,39166,2026-08-02T00:14:42.000000,E-c,12,62.6941
GPS,gps-39166,39166,2026-08-02T00:14:42.000000,E-c,24,124.3034
GPS,gps-39166,39166,2026-08-02T00:14:42.000000,E-c,48,245.2889
GPS,gps-39166,39166,2026-08-02T00:14:42.000000,E-c,72,362.9342
GPS,gps-39166,39166,2026-08-02T00:14:42.000000,E-d,1,1.7388
GPS,gps-39166,39166,2026-08-02T00:14:42.000000,E-d,6,70.3640
GPS,gps-39166,39166,2026-08-02T00:14:42.000000,E-d,12,78.5666
GPS,gps-39166,39166,2026-08-02T00:14:42.000000,E-d,24,205.5097
GPS,gps-39166,39166,2026-08-02T00:14:42.000000,E-d,48,406.1730
GPS,gps-39166,39166,2026-08-02T00:14:42.000000,E-d,72,601.3531
GPS,gps-39166,39166,2026-08-02T00:14:42.000000,E-e,1,0.2276
GPS,gps-39166,39166,2026-08-02T00:14:42.000000,E-e,6,8.7517
GPS,gps-39166,39166,2026-08-02T00:14:42.000000,E-e,12,21.3060
GPS,gps-39166,39166,2026-08-02T00:14:42.000000,E-e,24,43.4647
GPS,gps-39166,39166,2026-08-02T00:14:42.000000,E-e,48,90.5135
GPS,gps-39166,39166,2026-08-02T00:14:42.000000,E-e,72,141.5764
GPS,gps-39166,39166,2026-08-02T00:14:42.000000,E-f,1,0.2239
GPS,gps-39166,39166,2026-08-02T00:14:42.000000,E-f,6,8.4390
GPS,gps-39166,39166,2026-08-02T00:14:42.000000,E-f,12,21.8668
GPS,gps-39166,39166,2026-08-02T00:14:42.000000,E-f,24,44.5634
GPS,gps-39166,39166,2026-08-02T00:14:42.000000,E-f,48,92.5722
GPS,gps-39166,39166,2026-08-02T00:14:42.000000,E-f,72,144.3848
GPS,gps-39166,39166,2026-08-06T00:14:42.000000,E-a,1,315.4171
GPS,gps-39166,39166,2026-08-06T00:14:42.000000,E-a,6,9111.2189
GPS,gps-39166,39166,2026-08-06T00:14:42.000000,E-a,12,13954.1625
GPS,gps-39166,39166,2026-08-06T00:14:42.000000,E-a,24,27746.4665
GPS,gps-39166,39166,2026-08-06T00:14:42.000000,E-a,48,55193.9745
GPS,gps-39166,39166,2026-08-06T00:14:42.000000,E-a,72,82764.9367
GPS,gps-39166,39166,2026-08-06T00:14:42.000000,E-b,1,18.5528
GPS,gps-39166,39166,2026-08-06T00:14:42.000000,E-b,6,798.5458
GPS,gps-39166,39166,2026-08-06T00:14:42.000000,E-b,12,718.6113
GPS,gps-39166,39166,2026-08-06T00:14:42.000000,E-b,24,1218.0299
GPS,gps-39166,39166,2026-08-06T00:14:42.000000,E-b,48,1952.8751
GPS,gps-39166,39166,2026-08-06T00:14:42.000000,E-b,72,2661.9114
GPS,gps-39166,39166,2026-08-06T00:14:42.000000,E-c,1,2.2532
GPS,gps-39166,39166,2026-08-06T00:14:42.000000,E-c,6,75.5727
GPS,gps-39166,39166,2026-08-06T00:14:42.000000,E-c,12,75.7415
GPS,gps-39166,39166,2026-08-06T00:14:42.000000,E-c,24,118.5262
GPS,gps-39166,39166,2026-08-06T00:14:42.000000,E-c,48,238.2261
GPS,gps-39166,39166,2026-08-06T00:14:42.000000,E-c,72,359.1645
GPS,gps-39166,39166,2026-08-06T00:14:42.000000,E-d,1,1.7669
GPS,gps-39166,39166,2026-08-06T00:14:42.000000,E-d,6,61.9082
GPS,gps-39166,39166,2026-08-06T00:14:42.000000,E-d,12,55.3263
GPS,gps-39166,39166,2026-08-06T00:14:42.000000,E-d,24,146.5936
GPS,gps-39166,39166,2026-08-06T00:14:42.000000,E-d,48,288.1811
GPS,gps-39166,39166,2026-08-06T00:14:42.000000,E-d,72,424.9447
GPS,gps-39166,39166,2026-08-06T00:14:42.000000,E-e,1,0.1814
GPS,gps-39166,39166,2026-08-06T00:14:42.000000,E-e,6,3.2018
GPS,gps-39166,39166,2026-08-06T00:14:42.000000,E-e,12,32.9268
GPS,gps-39166,39166,2026-08-06T00:14:42.000000,E-e,24,66.8259
GPS,gps-39166,39166,2026-08-06T00:14:42.000000,E-e,48,137.7924
GPS,gps-39166,39166,2026-08-06T00:14:42.000000,E-e,72,212.4419
GPS,gps-39166,39166,2026-08-06T00:14:42.000000,E-f,1,0.1811
GPS,gps-39166,39166,2026-08-06T00:14:42.000000,E-f,6,3.1944
GPS,gps-39166,39166,2026-08-06T00:14:42.000000,E-f,12,32.7703
GPS,gps-39166,39166,2026-08-06T00:14:42.000000,E-f,24,66.4686
GPS,gps-39166,39166,2026-08-06T00:14:42.000000,E-f,48,136.9579
GPS,gps-39166,39166,2026-08-06T00:14:42.000000,E-f,72,211.1504
GPS,gps-39166,39166,2026-08-10T00:14:42.000000,E-a,1,322.1847
GPS,gps-39166,39166,2026-08-10T00:14:42.000000,E-a,6,9933.4732
GPS,gps-39166,39166,2026-08-10T00:14:42.000000,E-a,12,17293.2169
GPS,gps-39166,39166,2026-08-10T00:14:42.000000,E-a,24,34822.7320
GPS,gps-39166,39166,2026-08-10T00:14:42.000000,E-a,48,70790.6375
GPS,gps-39166,39166,2026-08-10T00:14:42.000000,E-a,72,107681.4534
GPS,gps-39166,39166,2026-08-10T00:14:42.000000,E-b,1,36.0452
GPS,gps-39166,39166,2026-08-10T00:14:42.000000,E-b,6,730.6518
GPS,gps-39166,39166,2026-08-10T00:14:42.000000,E-b,12,1514.3453
GPS,gps-39166,39166,2026-08-10T00:14:42.000000,E-b,24,3238.1244
GPS,gps-39166,39166,2026-08-10T00:14:42.000000,E-b,48,7554.4169
GPS,gps-39166,39166,2026-08-10T00:14:42.000000,E-b,72,12717.0155
GPS,gps-39166,39166,2026-08-10T00:14:42.000000,E-c,1,2.2938
GPS,gps-39166,39166,2026-08-10T00:14:42.000000,E-c,6,78.0708
GPS,gps-39166,39166,2026-08-10T00:14:42.000000,E-c,12,81.4596
GPS,gps-39166,39166,2026-08-10T00:14:42.000000,E-c,24,123.1965
GPS,gps-39166,39166,2026-08-10T00:14:42.000000,E-c,48,248.0778
GPS,gps-39166,39166,2026-08-10T00:14:42.000000,E-c,72,374.8502
GPS,gps-39166,39166,2026-08-10T00:14:42.000000,E-d,1,1.8236
GPS,gps-39166,39166,2026-08-10T00:14:42.000000,E-d,6,65.9589
GPS,gps-39166,39166,2026-08-10T00:14:42.000000,E-d,12,51.4586
GPS,gps-39166,39166,2026-08-10T00:14:42.000000,E-d,24,132.3326
GPS,gps-39166,39166,2026-08-10T00:14:42.000000,E-d,48,259.9263
GPS,gps-39166,39166,2026-08-10T00:14:42.000000,E-d,72,382.5714
GPS,gps-39166,39166,2026-08-10T00:14:42.000000,E-e,1,0.2967
GPS,gps-39166,39166,2026-08-10T00:14:42.000000,E-e,6,8.6828
GPS,gps-39166,39166,2026-08-10T00:14:42.000000,E-e,12,18.3481
GPS,gps-39166,39166,2026-08-10T00:14:42.000000,E-e,24,37.9691
GPS,gps-39166,39166,2026-08-10T00:14:42.000000,E-e,48,79.1452
GPS,gps-39166,39166,2026-08-10T00:14:42.000000,E-e,72,123.6452
GPS,gps-39166,39166,2026-08-10T00:14:42.000000,E-f,1,0.3027
GPS,gps-39166,39166,2026-08-10T00:14:42.000000,E-f,6,8.7988
GPS,gps-39166,39166,2026-08-10T00:14:42.000000,E-f,12,18.1689
GPS,gps-39166,39166,2026-08-10T00:14:42.000000,E-f,24,37.6875
GPS,gps-39166,39166,2026-08-10T00:14:42.000000,E-f,48,78.8897
GPS,gps-39166,39166,2026-08-10T00:14:42.000000,E-f,72,123.6686
GPS,gps-39533,39533,2026-08-02T00:14:42.000000,E-a,1,299.8351
GPS,gps-39533,39533,2026-08-02T00:14:42.000000,E-a,6,5664.2795
GPS,gps-39533,39533,2026-08-02T00:14:42.000000,E-a,12,9739.2058
GPS,gps-39533,39533,2026-08-02T00:14:42.000000,E-a,24,19714.9752
GPS,gps-39533,39533,2026-08-02T00:14:42.000000,E-a,48,40584.4136
GPS,gps-39533,39533,2026-08-02T00:14:42.000000,E-a,72,62615.4776
GPS,gps-39533,39533,2026-08-02T00:14:42.000000,E-b,1,28.0783
GPS,gps-39533,39533,2026-08-02T00:14:42.000000,E-b,6,1214.9259
GPS,gps-39533,39533,2026-08-02T00:14:42.000000,E-b,12,429.8185
GPS,gps-39533,39533,2026-08-02T00:14:42.000000,E-b,24,755.5140
GPS,gps-39533,39533,2026-08-02T00:14:42.000000,E-b,48,955.6445
GPS,gps-39533,39533,2026-08-02T00:14:42.000000,E-b,72,1663.2345
GPS,gps-39533,39533,2026-08-02T00:14:42.000000,E-c,1,3.7706
GPS,gps-39533,39533,2026-08-02T00:14:42.000000,E-c,6,162.3864
GPS,gps-39533,39533,2026-08-02T00:14:42.000000,E-c,12,106.0622
GPS,gps-39533,39533,2026-08-02T00:14:42.000000,E-c,24,189.3822
GPS,gps-39533,39533,2026-08-02T00:14:42.000000,E-c,48,464.6559
GPS,gps-39533,39533,2026-08-02T00:14:42.000000,E-c,72,831.2555
GPS,gps-39533,39533,2026-08-02T00:14:42.000000,E-d,1,3.4285
GPS,gps-39533,39533,2026-08-02T00:14:42.000000,E-d,6,143.2791
GPS,gps-39533,39533,2026-08-02T00:14:42.000000,E-d,12,199.2102
GPS,gps-39533,39533,2026-08-02T00:14:42.000000,E-d,24,370.8563
GPS,gps-39533,39533,2026-08-02T00:14:42.000000,E-d,48,841.7102
GPS,gps-39533,39533,2026-08-02T00:14:42.000000,E-d,72,1413.2337
GPS,gps-39533,39533,2026-08-02T00:14:42.000000,E-e,1,0.2734
GPS,gps-39533,39533,2026-08-02T00:14:42.000000,E-e,6,7.7631
GPS,gps-39533,39533,2026-08-02T00:14:42.000000,E-e,12,38.0483
GPS,gps-39533,39533,2026-08-02T00:14:42.000000,E-e,24,76.3691
GPS,gps-39533,39533,2026-08-02T00:14:42.000000,E-e,48,154.5984
GPS,gps-39533,39533,2026-08-02T00:14:42.000000,E-e,72,234.3169
GPS,gps-39533,39533,2026-08-02T00:14:42.000000,E-f,1,0.2717
GPS,gps-39533,39533,2026-08-02T00:14:42.000000,E-f,6,7.6463
GPS,gps-39533,39533,2026-08-02T00:14:42.000000,E-f,12,38.1445
GPS,gps-39533,39533,2026-08-02T00:14:42.000000,E-f,24,76.5105
GPS,gps-39533,39533,2026-08-02T00:14:42.000000,E-f,48,154.6270
GPS,gps-39533,39533,2026-08-02T00:14:42.000000,E-f,72,233.9090
GPS,gps-39533,39533,2026-08-06T00:14:42.000000,E-a,1,325.2515
GPS,gps-39533,39533,2026-08-06T00:14:42.000000,E-a,6,8440.7149
GPS,gps-39533,39533,2026-08-06T00:14:42.000000,E-a,12,14356.1052
GPS,gps-39533,39533,2026-08-06T00:14:42.000000,E-a,24,28787.8321
GPS,gps-39533,39533,2026-08-06T00:14:42.000000,E-a,48,57822.6665
GPS,gps-39533,39533,2026-08-06T00:14:42.000000,E-a,72,86617.1947
GPS,gps-39533,39533,2026-08-06T00:14:42.000000,E-b,1,12.8028
GPS,gps-39533,39533,2026-08-06T00:14:42.000000,E-b,6,342.6469
GPS,gps-39533,39533,2026-08-06T00:14:42.000000,E-b,12,1344.9808
GPS,gps-39533,39533,2026-08-06T00:14:42.000000,E-b,24,2739.4481
GPS,gps-39533,39533,2026-08-06T00:14:42.000000,E-b,48,5654.5724
GPS,gps-39533,39533,2026-08-06T00:14:42.000000,E-b,72,8241.0194
GPS,gps-39533,39533,2026-08-06T00:14:42.000000,E-c,1,4.0952
GPS,gps-39533,39533,2026-08-06T00:14:42.000000,E-c,6,156.1943
GPS,gps-39533,39533,2026-08-06T00:14:42.000000,E-c,12,82.9478
GPS,gps-39533,39533,2026-08-06T00:14:42.000000,E-c,24,141.5600
GPS,gps-39533,39533,2026-08-06T00:14:42.000000,E-c,48,365.8213
GPS,gps-39533,39533,2026-08-06T00:14:42.000000,E-c,72,681.2287
GPS,gps-39533,39533,2026-08-06T00:14:42.000000,E-d,1,3.7256
GPS,gps-39533,39533,2026-08-06T00:14:42.000000,E-d,6,140.4942
GPS,gps-39533,39533,2026-08-06T00:14:42.000000,E-d,12,186.9427
GPS,gps-39533,39533,2026-08-06T00:14:42.000000,E-d,24,342.3178
GPS,gps-39533,39533,2026-08-06T00:14:42.000000,E-d,48,784.8911
GPS,gps-39533,39533,2026-08-06T00:14:42.000000,E-d,72,1327.8601
GPS,gps-39533,39533,2026-08-06T00:14:42.000000,E-e,1,0.3131
GPS,gps-39533,39533,2026-08-06T00:14:42.000000,E-e,6,3.9936
GPS,gps-39533,39533,2026-08-06T00:14:42.000000,E-e,12,54.8089
GPS,gps-39533,39533,2026-08-06T00:14:42.000000,E-e,24,110.1299
GPS,gps-39533,39533,2026-08-06T00:14:42.000000,E-e,48,221.7456
GPS,gps-39533,39533,2026-08-06T00:14:42.000000,E-e,72,334.9577
GPS,gps-39533,39533,2026-08-06T00:14:42.000000,E-f,1,0.3133
GPS,gps-39533,39533,2026-08-06T00:14:42.000000,E-f,6,3.9298
GPS,gps-39533,39533,2026-08-06T00:14:42.000000,E-f,12,54.3413
GPS,gps-39533,39533,2026-08-06T00:14:42.000000,E-f,24,109.1470
GPS,gps-39533,39533,2026-08-06T00:14:42.000000,E-f,48,219.6769
GPS,gps-39533,39533,2026-08-06T00:14:42.000000,E-f,72,331.8971
GPS,gps-39533,39533,2026-08-10T00:14:42.000000,E-a,1,325.1386
GPS,gps-39533,39533,2026-08-10T00:14:42.000000,E-a,6,9597.0561
GPS,gps-39533,39533,2026-08-10T00:14:42.000000,E-a,12,16553.5608
GPS,gps-39533,39533,2026-08-10T00:14:42.000000,E-a,24,32861.3766
GPS,gps-39533,39533,2026-08-10T00:14:42.000000,E-a,48,65062.8288
GPS,gps-39533,39533,2026-08-10T00:14:42.000000,E-a,72,96910.1060
GPS,gps-39533,39533,2026-08-10T00:14:42.000000,E-b,1,33.6686
GPS,gps-39533,39533,2026-08-10T00:14:42.000000,E-b,6,681.2059
GPS,gps-39533,39533,2026-08-10T00:14:42.000000,E-b,12,1244.2455
GPS,gps-39533,39533,2026-08-10T00:14:42.000000,E-b,24,2196.3534
GPS,gps-39533,39533,2026-08-10T00:14:42.000000,E-b,48,3546.2292
GPS,gps-39533,39533,2026-08-10T00:14:42.000000,E-b,72,4322.9164
GPS,gps-39533,39533,2026-08-10T00:14:42.000000,E-c,1,4.2425
GPS,gps-39533,39533,2026-08-10T00:14:42.000000,E-c,6,152.3673
GPS,gps-39533,39533,2026-08-10T00:14:42.000000,E-c,12,69.0728
GPS,gps-39533,39533,2026-08-10T00:14:42.000000,E-c,24,112.1108
GPS,gps-39533,39533,2026-08-10T00:14:42.000000,E-c,48,309.5749
GPS,gps-39533,39533,2026-08-10T00:14:42.000000,E-c,72,603.7881
GPS,gps-39533,39533,2026-08-10T00:14:42.000000,E-d,1,3.8106
GPS,gps-39533,39533,2026-08-10T00:14:42.000000,E-d,6,140.6130
GPS,gps-39533,39533,2026-08-10T00:14:42.000000,E-d,12,183.1685
GPS,gps-39533,39533,2026-08-10T00:14:42.000000,E-d,24,331.6528
GPS,gps-39533,39533,2026-08-10T00:14:42.000000,E-d,48,765.2750
GPS,gps-39533,39533,2026-08-10T00:14:42.000000,E-d,72,1300.9050
GPS,gps-39533,39533,2026-08-10T00:14:42.000000,E-e,1,0.3073
GPS,gps-39533,39533,2026-08-10T00:14:42.000000,E-e,6,4.7827
GPS,gps-39533,39533,2026-08-10T00:14:42.000000,E-e,12,57.2925
GPS,gps-39533,39533,2026-08-10T00:14:42.000000,E-e,24,114.4601
GPS,gps-39533,39533,2026-08-10T00:14:42.000000,E-e,48,228.5970
GPS,gps-39533,39533,2026-08-10T00:14:42.000000,E-e,72,342.7180
GPS,gps-39533,39533,2026-08-10T00:14:42.000000,E-f,1,0.3038
GPS,gps-39533,39533,2026-08-10T00:14:42.000000,E-f,6,4.7893
GPS,gps-39533,39533,2026-08-10T00:14:42.000000,E-f,12,57.3013
GPS,gps-39533,39533,2026-08-10T00:14:42.000000,E-f,24,114.5853
GPS,gps-39533,39533,2026-08-10T00:14:42.000000,E-f,48,229.2581
GPS,gps-39533,39533,2026-08-10T00:14:42.000000,E-f,72,344.2119
GPS,gps-39741,39741,2026-08-02T00:14:42.000000,E-a,1,305.3427
GPS,gps-39741,39741,2026-08-02T00:14:42.000000,E-a,6,3065.6353
GPS,gps-39741,39741,2026-08-02T00:14:42.000000,E-a,12,7731.2463
GPS,gps-39741,39741,2026-08-02T00:14:42.000000,E-a,24,15637.0389
GPS,gps-39741,39741,2026-08-02T00:14:42.000000,E-a,48,31777.1975
GPS,gps-39741,39741,2026-08-02T00:14:42.000000,E-a,72,48423.4766
GPS,gps-39741,39741,2026-08-02T00:14:42.000000,E-b,1,26.7768
GPS,gps-39741,39741,2026-08-02T00:14:42.000000,E-b,6,1348.7838
GPS,gps-39741,39741,2026-08-02T00:14:42.000000,E-b,12,1006.5275
GPS,gps-39741,39741,2026-08-02T00:14:42.000000,E-b,24,2049.8378
GPS,gps-39741,39741,2026-08-02T00:14:42.000000,E-b,48,4022.6227
GPS,gps-39741,39741,2026-08-02T00:14:42.000000,E-b,72,5956.6978
GPS,gps-39741,39741,2026-08-02T00:14:42.000000,E-c,1,3.5522
GPS,gps-39741,39741,2026-08-02T00:14:42.000000,E-c,6,137.0989
GPS,gps-39741,39741,2026-08-02T00:14:42.000000,E-c,12,32.5314
GPS,gps-39741,39741,2026-08-02T00:14:42.000000,E-c,24,110.8341
GPS,gps-39741,39741,2026-08-02T00:14:42.000000,E-c,48,328.3028
GPS,gps-39741,39741,2026-08-02T00:14:42.000000,E-c,72,669.4192
GPS,gps-39741,39741,2026-08-02T00:14:42.000000,E-d,1,3.1583
GPS,gps-39741,39741,2026-08-02T00:14:42.000000,E-d,6,122.5560
GPS,gps-39741,39741,2026-08-02T00:14:42.000000,E-d,12,118.2850
GPS,gps-39741,39741,2026-08-02T00:14:42.000000,E-d,24,150.5260
GPS,gps-39741,39741,2026-08-02T00:14:42.000000,E-d,48,183.7546
GPS,gps-39741,39741,2026-08-02T00:14:42.000000,E-d,72,139.2679
GPS,gps-39741,39741,2026-08-02T00:14:42.000000,E-e,1,0.2625
GPS,gps-39741,39741,2026-08-02T00:14:42.000000,E-e,6,6.6298
GPS,gps-39741,39741,2026-08-02T00:14:42.000000,E-e,12,41.9138
GPS,gps-39741,39741,2026-08-02T00:14:42.000000,E-e,24,84.4117
GPS,gps-39741,39741,2026-08-02T00:14:42.000000,E-e,48,170.8500
GPS,gps-39741,39741,2026-08-02T00:14:42.000000,E-e,72,258.8385
GPS,gps-39741,39741,2026-08-02T00:14:42.000000,E-f,1,0.2624
GPS,gps-39741,39741,2026-08-02T00:14:42.000000,E-f,6,6.5732
GPS,gps-39741,39741,2026-08-02T00:14:42.000000,E-f,12,41.9096
GPS,gps-39741,39741,2026-08-02T00:14:42.000000,E-f,24,84.3828
GPS,gps-39741,39741,2026-08-02T00:14:42.000000,E-f,48,170.7063
GPS,gps-39741,39741,2026-08-02T00:14:42.000000,E-f,72,258.5013
GPS,gps-39741,39741,2026-08-06T00:14:42.000000,E-a,1,285.4050
GPS,gps-39741,39741,2026-08-06T00:14:42.000000,E-a,6,3396.9626
GPS,gps-39741,39741,2026-08-06T00:14:42.000000,E-a,12,5959.1186
GPS,gps-39741,39741,2026-08-06T00:14:42.000000,E-a,24,12092.7205
GPS,gps-39741,39741,2026-08-06T00:14:42.000000,E-a,48,24767.9373
GPS,gps-39741,39741,2026-08-06T00:14:42.000000,E-a,72,37950.1138
GPS,gps-39741,39741,2026-08-06T00:14:42.000000,E-b,1,8.7295
GPS,gps-39741,39741,2026-08-06T00:14:42.000000,E-b,6,328.4808
GPS,gps-39741,39741,2026-08-06T00:14:42.000000,E-b,12,986.9366
GPS,gps-39741,39741,2026-08-06T00:14:42.000000,E-b,24,2066.2323
GPS,gps-39741,39741,2026-08-06T00:14:42.000000,E-b,48,4330.2259
GPS,gps-39741,39741,2026-08-06T00:14:42.000000,E-b,72,6886.7518
GPS,gps-39741,39741,2026-08-06T00:14:42.000000,E-c,1,3.8790
GPS,gps-39741,39741,2026-08-06T00:14:42.000000,E-c,6,150.1015
GPS,gps-39741,39741,2026-08-06T00:14:42.000000,E-c,12,37.3080
GPS,gps-39741,39741,2026-08-06T00:14:42.000000,E-c,24,78.3964
GPS,gps-39741,39741,2026-08-06T00:14:42.000000,E-c,48,249.4098
GPS,gps-39741,39741,2026-08-06T00:14:42.000000,E-c,72,544.8370
GPS,gps-39741,39741,2026-08-06T00:14:42.000000,E-d,1,3.4046
GPS,gps-39741,39741,2026-08-06T00:14:42.000000,E-d,6,138.7976
GPS,gps-39741,39741,2026-08-06T00:14:42.000000,E-d,12,143.3561
GPS,gps-39741,39741,2026-08-06T00:14:42.000000,E-d,24,197.0556
GPS,gps-39741,39741,2026-08-06T00:14:42.000000,E-d,48,273.0161
GPS,gps-39741,39741,2026-08-06T00:14:42.000000,E-d,72,236.2296
GPS,gps-39741,39741,2026-08-06T00:14:42.000000,E-e,1,0.4823
GPS,gps-39741,39741,2026-08-06T00:14:42.000000,E-e,6,10.8803
GPS,gps-39741,39741,2026-08-06T00:14:42.000000,E-e,12,32.4480
GPS,gps-39741,39741,2026-08-06T00:14:42.000000,E-e,24,65.2836
GPS,gps-39741,39741,2026-08-06T00:14:42.000000,E-e,48,131.4585
GPS,gps-39741,39741,2026-08-06T00:14:42.000000,E-e,72,198.5888
GPS,gps-39741,39741,2026-08-06T00:14:42.000000,E-f,1,0.4842
GPS,gps-39741,39741,2026-08-06T00:14:42.000000,E-f,6,10.9673
GPS,gps-39741,39741,2026-08-06T00:14:42.000000,E-f,12,32.2943
GPS,gps-39741,39741,2026-08-06T00:14:42.000000,E-f,24,64.9816
GPS,gps-39741,39741,2026-08-06T00:14:42.000000,E-f,48,130.9044
GPS,gps-39741,39741,2026-08-06T00:14:42.000000,E-f,72,197.8814
GPS,gps-39741,39741,2026-08-10T00:14:42.000000,E-a,1,263.8782
GPS,gps-39741,39741,2026-08-10T00:14:42.000000,E-a,6,6089.9828
GPS,gps-39741,39741,2026-08-10T00:14:42.000000,E-a,12,7873.7778
GPS,gps-39741,39741,2026-08-10T00:14:42.000000,E-a,24,15734.7470
GPS,gps-39741,39741,2026-08-10T00:14:42.000000,E-a,48,31641.5576
GPS,gps-39741,39741,2026-08-10T00:14:42.000000,E-a,72,47872.3857
GPS,gps-39741,39741,2026-08-10T00:14:42.000000,E-b,1,40.3298
GPS,gps-39741,39741,2026-08-10T00:14:42.000000,E-b,6,1218.5800
GPS,gps-39741,39741,2026-08-10T00:14:42.000000,E-b,12,1265.3140
GPS,gps-39741,39741,2026-08-10T00:14:42.000000,E-b,24,2380.1142
GPS,gps-39741,39741,2026-08-10T00:14:42.000000,E-b,48,4473.0568
GPS,gps-39741,39741,2026-08-10T00:14:42.000000,E-b,72,6426.9851
GPS,gps-39741,39741,2026-08-10T00:14:42.000000,E-c,1,4.3715
GPS,gps-39741,39741,2026-08-10T00:14:42.000000,E-c,6,154.6889
GPS,gps-39741,39741,2026-08-10T00:14:42.000000,E-c,12,41.0570
GPS,gps-39741,39741,2026-08-10T00:14:42.000000,E-c,24,62.1896
GPS,gps-39741,39741,2026-08-10T00:14:42.000000,E-c,48,209.9079
GPS,gps-39741,39741,2026-08-10T00:14:42.000000,E-c,72,483.7196
GPS,gps-39741,39741,2026-08-10T00:14:42.000000,E-d,1,3.8793
GPS,gps-39741,39741,2026-08-10T00:14:42.000000,E-d,6,146.7119
GPS,gps-39741,39741,2026-08-10T00:14:42.000000,E-d,12,156.1080
GPS,gps-39741,39741,2026-08-10T00:14:42.000000,E-d,24,220.6539
GPS,gps-39741,39741,2026-08-10T00:14:42.000000,E-d,48,319.5873
GPS,gps-39741,39741,2026-08-10T00:14:42.000000,E-d,72,300.9569
GPS,gps-39741,39741,2026-08-10T00:14:42.000000,E-e,1,0.4784
GPS,gps-39741,39741,2026-08-10T00:14:42.000000,E-e,6,9.9488
GPS,gps-39741,39741,2026-08-10T00:14:42.000000,E-e,12,33.1003
GPS,gps-39741,39741,2026-08-10T00:14:42.000000,E-e,24,65.6904
GPS,gps-39741,39741,2026-08-10T00:14:42.000000,E-e,48,131.7679
GPS,gps-39741,39741,2026-08-10T00:14:42.000000,E-e,72,198.0112
GPS,gps-39741,39741,2026-08-10T00:14:42.000000,E-f,1,0.4695
GPS,gps-39741,39741,2026-08-10T00:14:42.000000,E-f,6,9.6670
GPS,gps-39741,39741,2026-08-10T00:14:42.000000,E-f,12,33.7053
GPS,gps-39741,39741,2026-08-10T00:14:42.000000,E-f,24,66.9269
GPS,gps-39741,39741,2026-08-10T00:14:42.000000,E-f,48,134.3194
GPS,gps-39741,39741,2026-08-10T00:14:42.000000,E-f,72,201.8903
GPS,gps-40105,40105,2026-08-02T00:14:42.000000,E-a,1,455.5755
GPS,gps-40105,40105,2026-08-02T00:14:42.000000,E-a,6,6409.8905
GPS,gps-40105,40105,2026-08-02T00:14:42.000000,E-a,12,8851.7512
GPS,gps-40105,40105,2026-08-02T00:14:42.000000,E-a,24,17540.4898
GPS,gps-40105,40105,2026-08-02T00:14:42.000000,E-a,48,34384.8356
GPS,gps-40105,40105,2026-08-02T00:14:42.000000,E-a,72,50861.7983
GPS,gps-40105,40105,2026-08-02T00:14:42.000000,E-b,1,27.2332
GPS,gps-40105,40105,2026-08-02T00:14:42.000000,E-b,6,756.4623
GPS,gps-40105,40105,2026-08-02T00:14:42.000000,E-b,12,1468.8343
GPS,gps-40105,40105,2026-08-02T00:14:42.000000,E-b,24,3048.2791
GPS,gps-40105,40105,2026-08-02T00:14:42.000000,E-b,48,6572.1097
GPS,gps-40105,40105,2026-08-02T00:14:42.000000,E-b,72,10232.0324
GPS,gps-40105,40105,2026-08-02T00:14:42.000000,E-c,1,1.5515
GPS,gps-40105,40105,2026-08-02T00:14:42.000000,E-c,6,16.5576
GPS,gps-40105,40105,2026-08-02T00:14:42.000000,E-c,12,95.1830
GPS,gps-40105,40105,2026-08-02T00:14:42.000000,E-c,24,213.4320
GPS,gps-40105,40105,2026-08-02T00:14:42.000000,E-c,48,319.6944
GPS,gps-40105,40105,2026-08-02T00:14:42.000000,E-c,72,329.3879
GPS,gps-40105,40105,2026-08-02T00:14:42.000000,E-d,1,1.5691
GPS,gps-40105,40105,2026-08-02T00:14:42.000000,E-d,6,5.3207
GPS,gps-40105,40105,2026-08-02T00:14:42.000000,E-d,12,25.4490
GPS,gps-40105,40105,2026-08-02T00:14:42.000000,E-d,24,45.2182
GPS,gps-40105,40105,2026-08-02T00:14:42.000000,E-d,48,184.2092
GPS,gps-40105,40105,2026-08-02T00:14:42.000000,E-d,72,436.0109
GPS,gps-40105,40105,2026-08-02T00:14:42.000000,E-e,1,0.1958
GPS,gps-40105,40105,2026-08-02T00:14:42.000000,E-e,6,5.9605
GPS,gps-40105,40105,2026-08-02T00:14:42.000000,E-e,12,40.1527
GPS,gps-40105,40105,2026-08-02T00:14:42.000000,E-e,24,80.3860
GPS,gps-40105,40105,2026-08-02T00:14:42.000000,E-e,48,161.7235
GPS,gps-40105,40105,2026-08-02T00:14:42.000000,E-e,72,243.7023
GPS,gps-40105,40105,2026-08-02T00:14:42.000000,E-f,1,0.1968
GPS,gps-40105,40105,2026-08-02T00:14:42.000000,E-f,6,5.9311
GPS,gps-40105,40105,2026-08-02T00:14:42.000000,E-f,12,40.0229
GPS,gps-40105,40105,2026-08-02T00:14:42.000000,E-f,24,80.0838
GPS,gps-40105,40105,2026-08-02T00:14:42.000000,E-f,48,160.9935
GPS,gps-40105,40105,2026-08-02T00:14:42.000000,E-f,72,242.5285
GPS,gps-40105,40105,2026-08-06T00:14:42.000000,E-a,1,456.4664
GPS,gps-40105,40105,2026-08-06T00:14:42.000000,E-a,6,8120.8980
GPS,gps-40105,40105,2026-08-06T00:14:42.000000,E-a,12,13366.9321
GPS,gps-40105,40105,2026-08-06T00:14:42.000000,E-a,24,26884.5772
GPS,gps-40105,40105,2026-08-06T00:14:42.000000,E-a,48,54233.1469
GPS,gps-40105,40105,2026-08-06T00:14:42.000000,E-a,72,82012.5470
GPS,gps-40105,40105,2026-08-06T00:14:42.000000,E-b,1,15.9616
GPS,gps-40105,40105,2026-08-06T00:14:42.000000,E-b,6,390.1548
GPS,gps-40105,40105,2026-08-06T00:14:42.000000,E-b,12,474.0539
GPS,gps-40105,40105,2026-08-06T00:14:42.000000,E-b,24,995.9276
GPS,gps-40105,40105,2026-08-06T00:14:42.000000,E-b,48,2196.7026
GPS,gps-40105,40105,2026-08-06T00:14:42.000000,E-b,72,3726.5466
GPS,gps-40105,40105,2026-08-06T00:14:42.000000,E-c,1,0.9718
GPS,gps-40105,40105,2026-08-06T00:14:42.000000,E-c,6,43.1215
GPS,gps-40105,40105,2026-08-06T00:14:42.000000,E-c,12,127.2986
GPS,gps-40105,40105,2026-08-06T00:14:42.000000,E-c,24,273.5412
GPS,gps-40105,40105,2026-08-06T00:14:42.000000,E-c,48,436.8231
GPS,gps-40105,40105,2026-08-06T00:14:42.000000,E-c,72,495.3181
GPS,gps-40105,40105,2026-08-06T00:14:42.000000,E-d,1,1.1001
GPS,gps-40105,40105,2026-08-06T00:14:42.000000,E-d,6,23.2859
GPS,gps-40105,40105,2026-08-06T00:14:42.000000,E-d,12,16.4176
GPS,gps-40105,40105,2026-08-06T00:14:42.000000,E-d,24,58.0950
GPS,gps-40105,40105,2026-08-06T00:14:42.000000,E-d,48,77.7075
GPS,gps-40105,40105,2026-08-06T00:14:42.000000,E-d,72,229.4359
GPS,gps-40105,40105,2026-08-06T00:14:42.000000,E-e,1,0.4735
GPS,gps-40105,40105,2026-08-06T00:14:42.000000,E-e,6,12.4346
GPS,gps-40105,40105,2026-08-06T00:14:42.000000,E-e,12,49.9532
GPS,gps-40105,40105,2026-08-06T00:14:42.000000,E-e,24,100.2845
GPS,gps-40105,40105,2026-08-06T00:14:42.000000,E-e,48,201.0403
GPS,gps-40105,40105,2026-08-06T00:14:42.000000,E-e,72,302.6263
GPS,gps-40105,40105,2026-08-06T00:14:42.000000,E-f,1,0.4766
GPS,gps-40105,40105,2026-08-06T00:14:42.000000,E-f,6,12.2345
GPS,gps-40105,40105,2026-08-06T00:14:42.000000,E-f,12,49.5695
GPS,gps-40105,40105,2026-08-06T00:14:42.000000,E-f,24,99.5837
GPS,gps-40105,40105,2026-08-06T00:14:42.000000,E-f,48,199.9285
GPS,gps-40105,40105,2026-08-06T00:14:42.000000,E-f,72,301.3889
GPS,gps-40105,40105,2026-08-10T00:14:42.000000,E-a,1,474.3878
GPS,gps-40105,40105,2026-08-10T00:14:42.000000,E-a,6,8293.4126
GPS,gps-40105,40105,2026-08-10T00:14:42.000000,E-a,12,16365.1783
GPS,gps-40105,40105,2026-08-10T00:14:42.000000,E-a,24,32695.3836
GPS,gps-40105,40105,2026-08-10T00:14:42.000000,E-a,48,64924.9719
GPS,gps-40105,40105,2026-08-10T00:14:42.000000,E-a,72,96420.5616
GPS,gps-40105,40105,2026-08-10T00:14:42.000000,E-b,1,31.7284
GPS,gps-40105,40105,2026-08-10T00:14:42.000000,E-b,6,813.1708
GPS,gps-40105,40105,2026-08-10T00:14:42.000000,E-b,12,951.3233
GPS,gps-40105,40105,2026-08-10T00:14:42.000000,E-b,24,1902.0114
GPS,gps-40105,40105,2026-08-10T00:14:42.000000,E-b,48,3486.0768
GPS,gps-40105,40105,2026-08-10T00:14:42.000000,E-b,72,4484.4206
GPS,gps-40105,40105,2026-08-10T00:14:42.000000,E-c,1,1.3694
GPS,gps-40105,40105,2026-08-10T00:14:42.000000,E-c,6,54.2558
GPS,gps-40105,40105,2026-08-10T00:14:42.000000,E-c,12,129.4345
GPS,gps-40105,40105,2026-08-10T00:14:42.000000,E-c,24,273.3091
GPS,gps-40105,40105,2026-08-10T00:14:42.000000,E-c,48,436.8970
GPS,gps-40105,40105,2026-08-10T00:14:42.000000,E-c,72,496.4760
GPS,gps-40105,40105,2026-08-10T00:14:42.000000,E-d,1,1.5678
GPS,gps-40105,40105,2026-08-10T00:14:42.000000,E-d,6,32.5323
GPS,gps-40105,40105,2026-08-10T00:14:42.000000,E-d,12,25.7582
GPS,gps-40105,40105,2026-08-10T00:14:42.000000,E-d,24,71.0290
GPS,gps-40105,40105,2026-08-10T00:14:42.000000,E-d,48,78.3515
GPS,gps-40105,40105,2026-08-10T00:14:42.000000,E-d,72,194.8299
GPS,gps-40105,40105,2026-08-10T00:14:42.000000,E-e,1,0.6273
GPS,gps-40105,40105,2026-08-10T00:14:42.000000,E-e,6,6.1045
GPS,gps-40105,40105,2026-08-10T00:14:42.000000,E-e,12,32.1776
GPS,gps-40105,40105,2026-08-10T00:14:42.000000,E-e,24,64.1470
GPS,gps-40105,40105,2026-08-10T00:14:42.000000,E-e,48,129.1864
GPS,gps-40105,40105,2026-08-10T00:14:42.000000,E-e,72,194.9648
GPS,gps-40105,40105,2026-08-10T00:14:42.000000,E-f,1,0.6275
GPS,gps-40105,40105,2026-08-10T00:14:42.000000,E-f,6,6.1262
GPS,gps-40105,40105,2026-08-10T00:14:42.000000,E-f,12,32.3287
GPS,gps-40105,40105,2026-08-10T00:14:42.000000,E-f,24,64.4379
GPS,gps-40105,40105,2026-08-10T00:14:42.000000,E-f,48,129.6411
GPS,gps-40105,40105,2026-08-10T00:14:42.000000,E-f,72,195.3241
GPS,gps-40294,40294,2026-08-02T00:14:42.000000,E-a,1,310.5835
GPS,gps-40294,40294,2026-08-02T00:14:42.000000,E-a,6,8443.3766
GPS,gps-40294,40294,2026-08-02T00:14:42.000000,E-a,12,12915.5687
GPS,gps-40294,40294,2026-08-02T00:14:42.000000,E-a,24,25839.8059
GPS,gps-40294,40294,2026-08-02T00:14:42.000000,E-a,48,51545.2599
GPS,gps-40294,40294,2026-08-02T00:14:42.000000,E-a,72,77142.8292
GPS,gps-40294,40294,2026-08-02T00:14:42.000000,E-b,1,27.1045
GPS,gps-40294,40294,2026-08-02T00:14:42.000000,E-b,6,710.6164
GPS,gps-40294,40294,2026-08-02T00:14:42.000000,E-b,12,584.9903
GPS,gps-40294,40294,2026-08-02T00:14:42.000000,E-b,24,1141.3233
GPS,gps-40294,40294,2026-08-02T00:14:42.000000,E-b,48,1976.7606
GPS,gps-40294,40294,2026-08-02T00:14:42.000000,E-b,72,2540.0550
GPS,gps-40294,40294,2026-08-02T00:14:42.000000,E-c,1,2.3618
GPS,gps-40294,40294,2026-08-02T00:14:42.000000,E-c,6,116.4454
GPS,gps-40294,40294,2026-08-02T00:14:42.000000,E-c,12,224.7067
GPS,gps-40294,40294,2026-08-02T00:14:42.000000,E-c,24,375.5975
GPS,gps-40294,40294,2026-08-02T00:14:42.000000,E-c,48,648.5900
GPS,gps-40294,40294,2026-08-02T00:14:42.000000,E-c,72,819.2885
GPS,gps-40294,40294,2026-08-02T00:14:42.000000,E-d,1,2.5886
GPS,gps-40294,40294,2026-08-02T00:14:42.000000,E-d,6,88.9426
GPS,gps-40294,40294,2026-08-02T00:14:42.000000,E-d,12,158.9834
GPS,gps-40294,40294,2026-08-02T00:14:42.000000,E-d,24,243.3474
GPS,gps-40294,40294,2026-08-02T00:14:42.000000,E-d,48,387.6088
GPS,gps-40294,40294,2026-08-02T00:14:42.000000,E-d,72,432.8124
GPS,gps-40294,40294,2026-08-02T00:14:42.000000,E-e,1,0.2065
GPS,gps-40294,40294,2026-08-02T00:14:42.000000,E-e,6,7.8199
GPS,gps-40294,40294,2026-08-02T00:14:42.000000,E-e,12,20.5409
GPS,gps-40294,40294,2026-08-02T00:14:42.000000,E-e,24,40.5506
GPS,gps-40294,40294,2026-08-02T00:14:42.000000,E-e,48,79.0446
GPS,gps-40294,40294,2026-08-02T00:14:42.000000,E-e,72,115.2356
GPS,gps-40294,40294,2026-08-02T00:14:42.000000,E-f,1,0.2094
GPS,gps-40294,40294,2026-08-02T00:14:42.000000,E-f,6,7.8542
GPS,gps-40294,40294,2026-08-02T00:14:42.000000,E-f,12,20.6501
GPS,gps-40294,40294,2026-08-02T00:14:42.000000,E-f,24,40.7946
GPS,gps-40294,40294,2026-08-02T00:14:42.000000,E-f,48,79.6398
GPS,gps-40294,40294,2026-08-02T00:14:42.000000,E-f,72,116.2838
GPS,gps-40294,40294,2026-08-06T00:14:42.000000,E-a,1,314.0283
GPS,gps-40294,40294,2026-08-06T00:14:42.000000,E-a,6,7885.0959
GPS,gps-40294,40294,2026-08-06T00:14:42.000000,E-a,12,14257.5452
GPS,gps-40294,40294,2026-08-06T00:14:42.000000,E-a,24,28636.5510
GPS,gps-40294,40294,2026-08-06T00:14:42.000000,E-a,48,57692.2861
GPS,gps-40294,40294,2026-08-06T00:14:42.000000,E-a,72,87335.4012
GPS,gps-40294,40294,2026-08-06T00:14:42.000000,E-b,1,24.3557
GPS,gps-40294,40294,2026-08-06T00:14:42.000000,E-b,6,890.2136
GPS,gps-40294,40294,2026-08-06T00:14:42.000000,E-b,12,647.6278
GPS,gps-40294,40294,2026-08-06T00:14:42.000000,E-b,24,1229.8428
GPS,gps-40294,40294,2026-08-06T00:14:42.000000,E-b,48,2340.4696
GPS,gps-40294,40294,2026-08-06T00:14:42.000000,E-b,72,3269.1661
GPS,gps-40294,40294,2026-08-06T00:14:42.000000,E-c,1,2.3263
GPS,gps-40294,40294,2026-08-06T00:14:42.000000,E-c,6,117.2098
GPS,gps-40294,40294,2026-08-06T00:14:42.000000,E-c,12,231.4233
GPS,gps-40294,40294,2026-08-06T00:14:42.000000,E-c,24,385.3904
GPS,gps-40294,40294,2026-08-06T00:14:42.000000,E-c,48,668.2363
GPS,gps-40294,40294,2026-08-06T00:14:42.000000,E-c,72,849.3529
GPS,gps-40294,40294,2026-08-06T00:14:42.000000,E-d,1,2.5079
GPS,gps-40294,40294,2026-08-06T00:14:42.000000,E-d,6,88.7626
GPS,gps-40294,40294,2026-08-06T00:14:42.000000,E-d,12,170.3258
GPS,gps-40294,40294,2026-08-06T00:14:42.000000,E-d,24,262.6597
GPS,gps-40294,40294,2026-08-06T00:14:42.000000,E-d,48,426.5525
GPS,gps-40294,40294,2026-08-06T00:14:42.000000,E-d,72,492.3452
GPS,gps-40294,40294,2026-08-06T00:14:42.000000,E-e,1,0.3084
GPS,gps-40294,40294,2026-08-06T00:14:42.000000,E-e,6,8.5568
GPS,gps-40294,40294,2026-08-06T00:14:42.000000,E-e,12,20.1012
GPS,gps-40294,40294,2026-08-06T00:14:42.000000,E-e,24,39.8557
GPS,gps-40294,40294,2026-08-06T00:14:42.000000,E-e,48,77.3070
GPS,gps-40294,40294,2026-08-06T00:14:42.000000,E-e,72,112.6586
GPS,gps-40294,40294,2026-08-06T00:14:42.000000,E-f,1,0.3083
GPS,gps-40294,40294,2026-08-06T00:14:42.000000,E-f,6,8.6671
GPS,gps-40294,40294,2026-08-06T00:14:42.000000,E-f,12,20.2672
GPS,gps-40294,40294,2026-08-06T00:14:42.000000,E-f,24,40.1889
GPS,gps-40294,40294,2026-08-06T00:14:42.000000,E-f,48,77.9434
GPS,gps-40294,40294,2026-08-06T00:14:42.000000,E-f,72,113.5087
GPS,gps-40294,40294,2026-08-10T00:14:42.000000,E-a,1,345.8503
GPS,gps-40294,40294,2026-08-10T00:14:42.000000,E-a,6,7875.6950
GPS,gps-40294,40294,2026-08-10T00:14:42.000000,E-a,12,14796.4411
GPS,gps-40294,40294,2026-08-10T00:14:42.000000,E-a,24,29758.3758
GPS,gps-40294,40294,2026-08-10T00:14:42.000000,E-a,48,59861.6534
GPS,gps-40294,40294,2026-08-10T00:14:42.000000,E-a,72,90036.8989
GPS,gps-40294,40294,2026-08-10T00:14:42.000000,E-b,1,17.7396
GPS,gps-40294,40294,2026-08-10T00:14:42.000000,E-b,6,1299.5401
GPS,gps-40294,40294,2026-08-10T00:14:42.000000,E-b,12,1967.6945
GPS,gps-40294,40294,2026-08-10T00:14:42.000000,E-b,24,3791.2118
GPS,gps-40294,40294,2026-08-10T00:14:42.000000,E-b,48,7287.3567
GPS,gps-40294,40294,2026-08-10T00:14:42.000000,E-b,72,10622.1973
GPS,gps-40294,40294,2026-08-10T00:14:42.000000,E-c,1,2.1856
GPS,gps-40294,40294,2026-08-10T00:14:42.000000,E-c,6,109.3326
GPS,gps-40294,40294,2026-08-10T00:14:42.000000,E-c,12,221.4623
GPS,gps-40294,40294,2026-08-10T00:14:42.000000,E-c,24,361.2492
GPS,gps-40294,40294,2026-08-10T00:14:42.000000,E-c,48,620.4587
GPS,gps-40294,40294,2026-08-10T00:14:42.000000,E-c,72,777.9847
GPS,gps-40294,40294,2026-08-10T00:14:42.000000,E-d,1,2.3720
GPS,gps-40294,40294,2026-08-10T00:14:42.000000,E-d,6,79.9507
GPS,gps-40294,40294,2026-08-10T00:14:42.000000,E-d,12,164.9904
GPS,gps-40294,40294,2026-08-10T00:14:42.000000,E-d,24,247.8977
GPS,gps-40294,40294,2026-08-10T00:14:42.000000,E-d,48,397.7072
GPS,gps-40294,40294,2026-08-10T00:14:42.000000,E-d,72,449.5972
GPS,gps-40294,40294,2026-08-10T00:14:42.000000,E-e,1,0.6291
GPS,gps-40294,40294,2026-08-10T00:14:42.000000,E-e,6,3.2680
GPS,gps-40294,40294,2026-08-10T00:14:42.000000,E-e,12,9.2349
GPS,gps-40294,40294,2026-08-10T00:14:42.000000,E-e,24,18.1524
GPS,gps-40294,40294,2026-08-10T00:14:42.000000,E-e,48,36.0655
GPS,gps-40294,40294,2026-08-10T00:14:42.000000,E-e,72,54.0539
GPS,gps-40294,40294,2026-08-10T00:14:42.000000,E-f,1,0.6314
GPS,gps-40294,40294,2026-08-10T00:14:42.000000,E-f,6,3.1525
GPS,gps-40294,40294,2026-08-10T00:14:42.000000,E-f,12,9.0752
GPS,gps-40294,40294,2026-08-10T00:14:42.000000,E-f,24,17.8932
GPS,gps-40294,40294,2026-08-10T00:14:42.000000,E-f,48,35.6835
GPS,gps-40294,40294,2026-08-10T00:14:42.000000,E-f,72,53.7333
GPS,gps-40534,40534,2026-08-02T00:14:42.000000,E-a,1,394.4320
GPS,gps-40534,40534,2026-08-02T00:14:42.000000,E-a,6,5514.4412
GPS,gps-40534,40534,2026-08-02T00:14:42.000000,E-a,12,7584.6223
GPS,gps-40534,40534,2026-08-02T00:14:42.000000,E-a,24,15186.7680
GPS,gps-40534,40534,2026-08-02T00:14:42.000000,E-a,48,30196.6620
GPS,gps-40534,40534,2026-08-02T00:14:42.000000,E-a,72,44727.1601
GPS,gps-40534,40534,2026-08-02T00:14:42.000000,E-b,1,20.4725
GPS,gps-40534,40534,2026-08-02T00:14:42.000000,E-b,6,554.8561
GPS,gps-40534,40534,2026-08-02T00:14:42.000000,E-b,12,1005.6409
GPS,gps-40534,40534,2026-08-02T00:14:42.000000,E-b,24,2181.6428
GPS,gps-40534,40534,2026-08-02T00:14:42.000000,E-b,48,4812.2588
GPS,gps-40534,40534,2026-08-02T00:14:42.000000,E-b,72,7578.3454
GPS,gps-40534,40534,2026-08-02T00:14:42.000000,E-c,1,2.4184
GPS,gps-40534,40534,2026-08-02T00:14:42.000000,E-c,6,27.2114
GPS,gps-40534,40534,2026-08-02T00:14:42.000000,E-c,12,75.7827
GPS,gps-40534,40534,2026-08-02T00:14:42.000000,E-c,24,109.5968
GPS,gps-40534,40534,2026-08-02T00:14:42.000000,E-c,48,143.5909
GPS,gps-40534,40534,2026-08-02T00:14:42.000000,E-c,72,155.7738
GPS,gps-40534,40534,2026-08-02T00:14:42.000000,E-d,1,2.0576
GPS,gps-40534,40534,2026-08-02T00:14:42.000000,E-d,6,14.1438
GPS,gps-40534,40534,2026-08-02T00:14:42.000000,E-d,12,63.1771
GPS,gps-40534,40534,2026-08-02T00:14:42.000000,E-d,24,78.0292
GPS,gps-40534,40534,2026-08-02T00:14:42.000000,E-d,48,69.1990
GPS,gps-40534,40534,2026-08-02T00:14:42.000000,E-d,72,96.2655
GPS,gps-40534,40534,2026-08-02T00:14:42.000000,E-e,1,0.2055
GPS,gps-40534,40534,2026-08-02T00:14:42.000000,E-e,6,9.1023
GPS,gps-40534,40534,2026-08-02T00:14:42.000000,E-e,12,5.5000
GPS,gps-40534,40534,2026-08-02T00:14:42.000000,E-e,24,10.9368
GPS,gps-40534,40534,2026-08-02T00:14:42.000000,E-e,48,22.2950
GPS,gps-40534,40534,2026-08-02T00:14:42.000000,E-e,72,35.1146
GPS,gps-40534,40534,2026-08-02T00:14:42.000000,E-f,1,0.2018
GPS,gps-40534,40534,2026-08-02T00:14:42.000000,E-f,6,8.8306
GPS,gps-40534,40534,2026-08-02T00:14:42.000000,E-f,12,5.4438
GPS,gps-40534,40534,2026-08-02T00:14:42.000000,E-f,24,10.9201
GPS,gps-40534,40534,2026-08-02T00:14:42.000000,E-f,48,22.5340
GPS,gps-40534,40534,2026-08-02T00:14:42.000000,E-f,72,35.8217
GPS,gps-40534,40534,2026-08-06T00:14:42.000000,E-a,1,428.0272
GPS,gps-40534,40534,2026-08-06T00:14:42.000000,E-a,6,6796.3898
GPS,gps-40534,40534,2026-08-06T00:14:42.000000,E-a,12,10465.1115
GPS,gps-40534,40534,2026-08-06T00:14:42.000000,E-a,24,20659.8349
GPS,gps-40534,40534,2026-08-06T00:14:42.000000,E-a,48,40065.7713
GPS,gps-40534,40534,2026-08-06T00:14:42.000000,E-a,72,58270.6807
GPS,gps-40534,40534,2026-08-06T00:14:42.000000,E-b,1,23.1186
GPS,gps-40534,40534,2026-08-06T00:14:42.000000,E-b,6,489.0432
GPS,gps-40534,40534,2026-08-06T00:14:42.000000,E-b,12,987.3198
GPS,gps-40534,40534,2026-08-06T00:14:42.000000,E-b,24,1798.0335
GPS,gps-40534,40534,2026-08-06T00:14:42.000000,E-b,48,2727.1013
GPS,gps-40534,40534,2026-08-06T00:14:42.000000,E-b,72,2796.9169
GPS,gps-40534,40534,2026-08-06T00:14:42.000000,E-c,1,2.6182
GPS,gps-40534,40534,2026-08-06T00:14:42.000000,E-c,6,20.6513
GPS,gps-40534,40534,2026-08-06T00:14:42.000000,E-c,12,119.2502
GPS,gps-40534,40534,2026-08-06T00:14:42.000000,E-c,24,194.3656
GPS,gps-40534,40534,2026-08-06T00:14:42.000000,E-c,48,297.8206
GPS,gps-40534,40534,2026-08-06T00:14:42.000000,E-c,72,314.0643
GPS,gps-40534,40534,2026-08-06T00:14:42.000000,E-d,1,2.2378
GPS,gps-40534,40534,2026-08-06T00:14:42.000000,E-d,6,25.7021
GPS,gps-40534,40534,2026-08-06T00:14:42.000000,E-d,12,102.5456
GPS,gps-40534,40534,2026-08-06T00:14:42.000000,E-d,24,156.9995
GPS,gps-40534,40534,2026-08-06T00:14:42.000000,E-d,48,216.3227
GPS,gps-40534,40534,2026-08-06T00:14:42.000000,E-d,72,178.4367
GPS,gps-40534,40534,2026-08-06T00:14:42.000000,E-e,1,0.4892
GPS,gps-40534,40534,2026-08-06T00:14:42.000000,E-e,6,10.5206
GPS,gps-40534,40534,2026-08-06T00:14:42.000000,E-e,12,6.0483
GPS,gps-40534,40534,2026-08-06T00:14:42.000000,E-e,24,12.0694
GPS,gps-40534,40534,2026-08-06T00:14:42.000000,E-e,48,24.5888
GPS,gps-40534,40534,2026-08-06T00:14:42.000000,E-e,72,38.3432
GPS,gps-40534,40534,2026-08-06T00:14:42.000000,E-f,1,0.4866
GPS,gps-40534,40534,2026-08-06T00:14:42.000000,E-f,6,10.2685
GPS,gps-40534,40534,2026-08-06T00:14:42.000000,E-f,12,6.0356
GPS,gps-40534,40534,2026-08-06T00:14:42.000000,E-f,24,12.1250
GPS,gps-40534,40534,2026-08-06T00:14:42.000000,E-f,48,25.1343
GPS,gps-40534,40534,2026-08-06T00:14:42.000000,E-f,72,39.8938
GPS,gps-40534,40534,2026-08-10T00:14:42.000000,E-a,1,451.4040
GPS,gps-40534,40534,2026-08-10T00:14:42.000000,E-a,6,6572.1086
GPS,gps-40534,40534,2026-08-10T00:14:42.000000,E-a,12,10196.5276
GPS,gps-40534,40534,2026-08-10T00:14:42.000000,E-a,24,20421.8575
GPS,gps-40534,40534,2026-08-10T00:14:42.000000,E-a,48,41183.7193
GPS,gps-40534,40534,2026-08-10T00:14:42.000000,E-a,72,62803.9533
GPS,gps-40534,40534,2026-08-10T00:14:42.000000,E-b,1,26.6474
GPS,gps-40534,40534,2026-08-10T00:14:42.000000,E-b,6,915.9719
GPS,gps-40534,40534,2026-08-10T00:14:42.000000,E-b,12,2092.6051
GPS,gps-40534,40534,2026-08-10T00:14:42.000000,E-b,24,4143.2874
GPS,gps-40534,40534,2026-08-10T00:14:42.000000,E-b,48,7900.5096
GPS,gps-40534,40534,2026-08-10T00:14:42.000000,E-b,72,10776.7095
GPS,gps-40534,40534,2026-08-10T00:14:42.000000,E-c,1,2.7716
GPS,gps-40534,40534,2026-08-10T00:14:42.000000,E-c,6,27.1683
GPS,gps-40534,40534,2026-08-10T00:14:42.000000,E-c,12,153.0505
GPS,gps-40534,40534,2026-08-10T00:14:42.000000,E-c,24,264.1816
GPS,gps-40534,40534,2026-08-10T00:14:42.000000,E-c,48,435.2648
GPS,gps-40534,40534,2026-08-10T00:14:42.000000,E-c,72,514.0438
GPS,gps-40534,40534,2026-08-10T00:14:42.000000,E-d,1,2.4765
GPS,gps-40534,40534,2026-08-10T00:14:42.000000,E-d,6,40.1910
GPS,gps-40534,40534,2026-08-10T00:14:42.000000,E-d,12,129.7472
GPS,gps-40534,40534,2026-08-10T00:14:42.000000,E-d,24,214.2346
GPS,gps-40534,40534,2026-08-10T00:14:42.000000,E-d,48,329.7418
GPS,gps-40534,40534,2026-08-10T00:14:42.000000,E-d,72,346.4702
GPS,gps-40534,40534,2026-08-10T00:14:42.000000,E-e,1,0.6127
GPS,gps-40534,40534,2026-08-10T00:14:42.000000,E-e,6,18.3240
GPS,gps-40534,40534,2026-08-10T00:14:42.000000,E-e,12,13.4821
GPS,gps-40534,40534,2026-08-10T00:14:42.000000,E-e,24,25.7712
GPS,gps-40534,40534,2026-08-10T00:14:42.000000,E-e,48,47.9115
GPS,gps-40534,40534,2026-08-10T00:14:42.000000,E-e,72,66.3713
GPS,gps-40534,40534,2026-08-10T00:14:42.000000,E-f,1,0.6093
GPS,gps-40534,40534,2026-08-10T00:14:42.000000,E-f,6,17.9039
GPS,gps-40534,40534,2026-08-10T00:14:42.000000,E-f,12,12.7715
GPS,gps-40534,40534,2026-08-10T00:14:42.000000,E-f,24,24.3746
GPS,gps-40534,40534,2026-08-10T00:14:42.000000,E-f,48,45.3029
GPS,gps-40534,40534,2026-08-10T00:14:42.000000,E-f,72,62.9052
GPS,gps-40730,40730,2026-08-02T00:14:42.000000,E-a,1,321.7578
GPS,gps-40730,40730,2026-08-02T00:14:42.000000,E-a,6,2894.4597
GPS,gps-40730,40730,2026-08-02T00:14:42.000000,E-a,12,7614.8553
GPS,gps-40730,40730,2026-08-02T00:14:42.000000,E-a,24,15488.6711
GPS,gps-40730,40730,2026-08-02T00:14:42.000000,E-a,48,31840.7388
GPS,gps-40730,40730,2026-08-02T00:14:42.000000,E-a,72,49265.7729
GPS,gps-40730,40730,2026-08-02T00:14:42.000000,E-b,1,13.7418
GPS,gps-40730,40730,2026-08-02T00:14:42.000000,E-b,6,509.2502
GPS,gps-40730,40730,2026-08-02T00:14:42.000000,E-b,12,853.9994
GPS,gps-40730,40730,2026-08-02T00:14:42.000000,E-b,24,1540.9463
GPS,gps-40730,40730,2026-08-02T00:14:42.000000,E-b,48,2539.6681
GPS,gps-40730,40730,2026-08-02T00:14:42.000000,E-b,72,2883.3651
GPS,gps-40730,40730,2026-08-02T00:14:42.000000,E-c,1,2.1854
GPS,gps-40730,40730,2026-08-02T00:14:42.000000,E-c,6,123.2143
GPS,gps-40730,40730,2026-08-02T00:14:42.000000,E-c,12,153.8195
GPS,gps-40730,40730,2026-08-02T00:14:42.000000,E-c,24,407.0844
GPS,gps-40730,40730,2026-08-02T00:14:42.000000,E-c,48,889.2222
GPS,gps-40730,40730,2026-08-02T00:14:42.000000,E-c,72,1446.5253
GPS,gps-40730,40730,2026-08-02T00:14:42.000000,E-d,1,1.7689
GPS,gps-40730,40730,2026-08-02T00:14:42.000000,E-d,6,98.3791
GPS,gps-40730,40730,2026-08-02T00:14:42.000000,E-d,12,175.6026
GPS,gps-40730,40730,2026-08-02T00:14:42.000000,E-d,24,454.1321
GPS,gps-40730,40730,2026-08-02T00:14:42.000000,E-d,48,988.7483
GPS,gps-40730,40730,2026-08-02T00:14:42.000000,E-d,72,1603.4569
GPS,gps-40730,40730,2026-08-02T00:14:42.000000,E-e,1,0.2322
GPS,gps-40730,40730,2026-08-02T00:14:42.000000,E-e,6,11.8458
GPS,gps-40730,40730,2026-08-02T00:14:42.000000,E-e,12,9.5465
GPS,gps-40730,40730,2026-08-02T00:14:42.000000,E-e,24,19.2116
GPS,gps-40730,40730,2026-08-02T00:14:42.000000,E-e,48,39.0595
GPS,gps-40730,40730,2026-08-02T00:14:42.000000,E-e,72,59.7992
GPS,gps-40730,40730,2026-08-02T00:14:42.000000,E-f,1,0.2296
GPS,gps-40730,40730,2026-08-02T00:14:42.000000,E-f,6,11.5395
GPS,gps-40730,40730,2026-08-02T00:14:42.000000,E-f,12,9.8538
GPS,gps-40730,40730,2026-08-02T00:14:42.000000,E-f,24,19.8245
GPS,gps-40730,40730,2026-08-02T00:14:42.000000,E-f,48,40.2472
GPS,gps-40730,40730,2026-08-02T00:14:42.000000,E-f,72,61.4670
GPS,gps-40730,40730,2026-08-06T00:14:42.000000,E-a,1,300.0046
GPS,gps-40730,40730,2026-08-06T00:14:42.000000,E-a,6,2726.8876
GPS,gps-40730,40730,2026-08-06T00:14:42.000000,E-a,12,5402.2014
GPS,gps-40730,40730,2026-08-06T00:14:42.000000,E-a,24,11107.0226
GPS,gps-40730,40730,2026-08-06T00:14:42.000000,E-a,48,23171.0157
GPS,gps-40730,40730,2026-08-06T00:14:42.000000,E-a,72,36001.2684
GPS,gps-40730,40730,2026-08-06T00:14:42.000000,E-b,1,23.0610
GPS,gps-40730,40730,2026-08-06T00:14:42.000000,E-b,6,377.5290
GPS,gps-40730,40730,2026-08-06T00:14:42.000000,E-b,12,636.9117
GPS,gps-40730,40730,2026-08-06T00:14:42.000000,E-b,24,1035.7919
GPS,gps-40730,40730,2026-08-06T00:14:42.000000,E-b,48,1660.1721
GPS,gps-40730,40730,2026-08-06T00:14:42.000000,E-b,72,2421.4933
GPS,gps-40730,40730,2026-08-06T00:14:42.000000,E-c,1,2.1075
GPS,gps-40730,40730,2026-08-06T00:14:42.000000,E-c,6,116.3643
GPS,gps-40730,40730,2026-08-06T00:14:42.000000,E-c,12,131.0469
GPS,gps-40730,40730,2026-08-06T00:14:42.000000,E-c,24,358.9016
GPS,gps-40730,40730,2026-08-06T00:14:42.000000,E-c,48,791.8394
GPS,gps-40730,40730,2026-08-06T00:14:42.000000,E-c,72,1299.7789
GPS,gps-40730,40730,2026-08-06T00:14:42.000000,E-d,1,1.7036
GPS,gps-40730,40730,2026-08-06T00:14:42.000000,E-d,6,93.3717
GPS,gps-40730,40730,2026-08-06T00:14:42.000000,E-d,12,155.2236
GPS,gps-40730,40730,2026-08-06T00:14:42.000000,E-d,24,411.3994
GPS,gps-40730,40730,2026-08-06T00:14:42.000000,E-d,48,902.3124
GPS,gps-40730,40730,2026-08-06T00:14:42.000000,E-d,72,1473.0592
GPS,gps-40730,40730,2026-08-06T00:14:42.000000,E-e,1,0.1072
GPS,gps-40730,40730,2026-08-06T00:14:42.000000,E-e,6,5.1957
GPS,gps-40730,40730,2026-08-06T00:14:42.000000,E-e,12,19.1309
GPS,gps-40730,40730,2026-08-06T00:14:42.000000,E-e,24,38.5887
GPS,gps-40730,40730,2026-08-06T00:14:42.000000,E-e,48,78.7579
GPS,gps-40730,40730,2026-08-06T00:14:42.000000,E-e,72,120.1599
GPS,gps-40730,40730,2026-08-06T00:14:42.000000,E-f,1,0.1064
GPS,gps-40730,40730,2026-08-06T00:14:42.000000,E-f,6,5.3049
GPS,gps-40730,40730,2026-08-06T00:14:42.000000,E-f,12,18.9229
GPS,gps-40730,40730,2026-08-06T00:14:42.000000,E-f,24,38.1333
GPS,gps-40730,40730,2026-08-06T00:14:42.000000,E-f,48,77.7457
GPS,gps-40730,40730,2026-08-06T00:14:42.000000,E-f,72,118.6244
GPS,gps-40730,40730,2026-08-10T00:14:42.000000,E-a,1,280.2995
GPS,gps-40730,40730,2026-08-10T00:14:42.000000,E-a,6,3874.7569
GPS,gps-40730,40730,2026-08-10T00:14:42.000000,E-a,12,6229.3765
GPS,gps-40730,40730,2026-08-10T00:14:42.000000,E-a,24,12740.0814
GPS,gps-40730,40730,2026-08-10T00:14:42.000000,E-a,48,26605.6147
GPS,gps-40730,40730,2026-08-10T00:14:42.000000,E-a,72,41396.8182
GPS,gps-40730,40730,2026-08-10T00:14:42.000000,E-b,1,32.5881
GPS,gps-40730,40730,2026-08-10T00:14:42.000000,E-b,6,619.5719
GPS,gps-40730,40730,2026-08-10T00:14:42.000000,E-b,12,711.7861
GPS,gps-40730,40730,2026-08-10T00:14:42.000000,E-b,24,1602.0120
GPS,gps-40730,40730,2026-08-10T00:14:42.000000,E-b,48,4097.8528
GPS,gps-40730,40730,2026-08-10T00:14:42.000000,E-b,72,7231.7576
GPS,gps-40730,40730,2026-08-10T00:14:42.000000,E-c,1,2.1578
GPS,gps-40730,40730,2026-08-10T00:14:42.000000,E-c,6,123.4079
GPS,gps-40730,40730,2026-08-10T00:14:42.000000,E-c,12,132.8989
GPS,gps-40730,40730,2026-08-10T00:14:42.000000,E-c,24,360.2918
GPS,gps-40730,40730,2026-08-10T00:14:42.000000,E-c,48,794.7424
GPS,gps-40730,40730,2026-08-10T00:14:42.000000,E-c,72,1303.9635
GPS,gps-40730,40730,2026-08-10T00:14:42.000000,E-d,1,1.7506
GPS,gps-40730,40730,2026-08-10T00:14:42.000000,E-d,6,102.0668
GPS,gps-40730,40730,2026-08-10T00:14:42.000000,E-d,12,159.6066
GPS,gps-40730,40730,2026-08-10T00:14:42.000000,E-d,24,417.4409
GPS,gps-40730,40730,2026-08-10T00:14:42.000000,E-d,48,914.1872
GPS,gps-40730,40730,2026-08-10T00:14:42.000000,E-d,72,1490.1800
GPS,gps-40730,40730,2026-08-10T00:14:42.000000,E-e,1,0.4848
GPS,gps-40730,40730,2026-08-10T00:14:42.000000,E-e,6,12.1767
GPS,gps-40730,40730,2026-08-10T00:14:42.000000,E-e,12,7.8616
GPS,gps-40730,40730,2026-08-10T00:14:42.000000,E-e,24,16.0423
GPS,gps-40730,40730,2026-08-10T00:14:42.000000,E-e,48,32.4897
GPS,gps-40730,40730,2026-08-10T00:14:42.000000,E-e,72,49.4672
GPS,gps-40730,40730,2026-08-10T00:14:42.000000,E-f,1,0.4880
GPS,gps-40730,40730,2026-08-10T00:14:42.000000,E-f,6,12.1769
GPS,gps-40730,40730,2026-08-10T00:14:42.000000,E-f,12,7.9094
GPS,gps-40730,40730,2026-08-10T00:14:42.000000,E-f,24,16.1953
GPS,gps-40730,40730,2026-08-10T00:14:42.000000,E-f,48,32.9980
GPS,gps-40730,40730,2026-08-10T00:14:42.000000,E-f,72,50.5231
GPS,gps-41019,41019,2026-08-02T00:14:42.000000,E-a,1,508.4994
GPS,gps-41019,41019,2026-08-02T00:14:42.000000,E-a,6,11035.7666
GPS,gps-41019,41019,2026-08-02T00:14:42.000000,E-a,12,18466.9219
GPS,gps-41019,41019,2026-08-02T00:14:42.000000,E-a,24,37060.1640
GPS,gps-41019,41019,2026-08-02T00:14:42.000000,E-a,48,74368.4769
GPS,gps-41019,41019,2026-08-02T00:14:42.000000,E-a,72,111994.4195
GPS,gps-41019,41019,2026-08-02T00:14:42.000000,E-b,1,24.7920
GPS,gps-41019,41019,2026-08-02T00:14:42.000000,E-b,6,939.7395
GPS,gps-41019,41019,2026-08-02T00:14:42.000000,E-b,12,571.9930
GPS,gps-41019,41019,2026-08-02T00:14:42.000000,E-b,24,1223.7777
GPS,gps-41019,41019,2026-08-02T00:14:42.000000,E-b,48,2582.8574
GPS,gps-41019,41019,2026-08-02T00:14:42.000000,E-b,72,4115.4461
GPS,gps-41019,41019,2026-08-02T00:14:42.000000,E-c,1,1.6498
GPS,gps-41019,41019,2026-08-02T00:14:42.000000,E-c,6,73.5199
GPS,gps-41019,41019,2026-08-02T00:14:42.000000,E-c,12,431.8917
GPS,gps-41019,41019,2026-08-02T00:14:42.000000,E-c,24,787.8641
GPS,gps-41019,41019,2026-08-02T00:14:42.000000,E-c,48,1578.4172
GPS,gps-41019,41019,2026-08-02T00:14:42.000000,E-c,72,2371.0573
GPS,gps-41019,41019,2026-08-02T00:14:42.000000,E-d,1,1.7330
GPS,gps-41019,41019,2026-08-02T00:14:42.000000,E-d,6,77.6332
GPS,gps-41019,41019,2026-08-02T00:14:42.000000,E-d,12,332.6888
GPS,gps-41019,41019,2026-08-02T00:14:42.000000,E-d,24,588.8218
GPS,gps-41019,41019,2026-08-02T00:14:42.000000,E-d,48,1178.5722
GPS,gps-41019,41019,2026-08-02T00:14:42.000000,E-d,72,1768.8284
GPS,gps-41019,41019,2026-08-02T00:14:42.000000,E-e,1,0.2667
GPS,gps-41019,41019,2026-08-02T00:14:42.000000,E-e,6,3.8355
GPS,gps-41019,41019,2026-08-02T00:14:42.000000,E-e,12,41.6314
GPS,gps-41019,41019,2026-08-02T00:14:42.000000,E-e,24,83.8278
GPS,gps-41019,41019,2026-08-02T00:14:42.000000,E-e,48,169.7188
GPS,gps-41019,41019,2026-08-02T00:14:42.000000,E-e,72,257.9134
GPS,gps-41019,41019,2026-08-02T00:14:42.000000,E-f,1,0.2632
GPS,gps-41019,41019,2026-08-02T00:14:42.000000,E-f,6,3.7928
GPS,gps-41019,41019,2026-08-02T00:14:42.000000,E-f,12,41.9360
GPS,gps-41019,41019,2026-08-02T00:14:42.000000,E-f,24,84.4079
GPS,gps-41019,41019,2026-08-02T00:14:42.000000,E-f,48,170.7575
GPS,gps-41019,41019,2026-08-02T00:14:42.000000,E-f,72,259.2908
GPS,gps-41019,41019,2026-08-06T00:14:42.000000,E-a,1,482.7896
GPS,gps-41019,41019,2026-08-06T00:14:42.000000,E-a,6,10162.9497
GPS,gps-41019,41019,2026-08-06T00:14:42.000000,E-a,12,19919.9009
GPS,gps-41019,41019,2026-08-06T00:14:42.000000,E-a,24,39942.8002
GPS,gps-41019,41019,2026-08-06T00:14:42.000000,E-a,48,79897.0272
GPS,gps-41019,41019,2026-08-06T00:14:42.000000,E-a,72,119653.6729
GPS,gps-41019,41019,2026-08-06T00:14:42.000000,E-b,1,15.4080
GPS,gps-41019,41019,2026-08-06T00:14:42.000000,E-b,6,456.5056
GPS,gps-41019,41019,2026-08-06T00:14:42.000000,E-b,12,1136.1042
GPS,gps-41019,41019,2026-08-06T00:14:42.000000,E-b,24,2373.3902
GPS,gps-41019,41019,2026-08-06T00:14:42.000000,E-b,48,4745.9654
GPS,gps-41019,41019,2026-08-06T00:14:42.000000,E-b,72,6898.9557
GPS,gps-41019,41019,2026-08-06T00:14:42.000000,E-c,1,1.4091
GPS,gps-41019,41019,2026-08-06T00:14:42.000000,E-c,6,85.9409
GPS,gps-41019,41019,2026-08-06T00:14:42.000000,E-c,12,446.8917
GPS,gps-41019,41019,2026-08-06T00:14:42.000000,E-c,24,818.8722
GPS,gps-41019,41019,2026-08-06T00:14:42.000000,E-c,48,1638.3517
GPS,gps-41019,41019,2026-08-06T00:14:42.000000,E-c,72,2457.0376
GPS,gps-41019,41019,2026-08-06T00:14:42.000000,E-d,1,1.6451
GPS,gps-41019,41019,2026-08-06T00:14:42.000000,E-d,6,88.8754
GPS,gps-41019,41019,2026-08-06T00:14:42.000000,E-d,12,345.4644
GPS,gps-41019,41019,2026-08-06T00:14:42.000000,E-d,24,615.4287
GPS,gps-41019,41019,2026-08-06T00:14:42.000000,E-d,48,1229.9108
GPS,gps-41019,41019,2026-08-06T00:14:42.000000,E-d,72,1842.2125
GPS,gps-41019,41019,2026-08-06T00:14:42.000000,E-e,1,0.2778
GPS,gps-41019,41019,2026-08-06T00:14:42.000000,E-e,6,3.8725
GPS,gps-41019,41019,2026-08-06T00:14:42.000000,E-e,12,42.2855
GPS,gps-41019,41019,2026-08-06T00:14:42.000000,E-e,24,84.8796
GPS,gps-41019,41019,2026-08-06T00:14:42.000000,E-e,48,171.7183
GPS,gps-41019,41019,2026-08-06T00:14:42.000000,E-e,72,259.9048
GPS,gps-41019,41019,2026-08-06T00:14:42.000000,E-f,1,0.2759
GPS,gps-41019,41019,2026-08-06T00:14:42.000000,E-f,6,3.8519
GPS,gps-41019,41019,2026-08-06T00:14:42.000000,E-f,12,42.4504
GPS,gps-41019,41019,2026-08-06T00:14:42.000000,E-f,24,85.2075
GPS,gps-41019,41019,2026-08-06T00:14:42.000000,E-f,48,172.4019
GPS,gps-41019,41019,2026-08-06T00:14:42.000000,E-f,72,261.0383
GPS,gps-41019,41019,2026-08-10T00:14:42.000000,E-a,1,475.7807
GPS,gps-41019,41019,2026-08-10T00:14:42.000000,E-a,6,7644.1954
GPS,gps-41019,41019,2026-08-10T00:14:42.000000,E-a,12,16639.3609
GPS,gps-41019,41019,2026-08-10T00:14:42.000000,E-a,24,33243.9761
GPS,gps-41019,41019,2026-08-10T00:14:42.000000,E-a,48,66142.6171
GPS,gps-41019,41019,2026-08-10T00:14:42.000000,E-a,72,98916.5045
GPS,gps-41019,41019,2026-08-10T00:14:42.000000,E-b,1,33.8859
GPS,gps-41019,41019,2026-08-10T00:14:42.000000,E-b,6,1160.1220
GPS,gps-41019,41019,2026-08-10T00:14:42.000000,E-b,12,1421.5998
GPS,gps-41019,41019,2026-08-10T00:14:42.000000,E-b,24,2885.3717
GPS,gps-41019,41019,2026-08-10T00:14:42.000000,E-b,48,6157.5752
GPS,gps-41019,41019,2026-08-10T00:14:42.000000,E-b,72,9616.5711
GPS,gps-41019,41019,2026-08-10T00:14:42.000000,E-c,1,1.7333
GPS,gps-41019,41019,2026-08-10T00:14:42.000000,E-c,6,104.0030
GPS,gps-41019,41019,2026-08-10T00:14:42.000000,E-c,12,470.3358
GPS,gps-41019,41019,2026-08-10T00:14:42.000000,E-c,24,868.4816
GPS,gps-41019,41019,2026-08-10T00:14:42.000000,E-c,48,1735.2359
GPS,gps-41019,41019,2026-08-10T00:14:42.000000,E-c,72,2599.7416
GPS,gps-41019,41019,2026-08-10T00:14:42.000000,E-d,1,1.9589
GPS,gps-41019,41019,2026-08-10T00:14:42.000000,E-d,6,105.8353
GPS,gps-41019,41019,2026-08-10T00:14:42.000000,E-d,12,366.6705
GPS,gps-41019,41019,2026-08-10T00:14:42.000000,E-d,24,660.5939
GPS,gps-41019,41019,2026-08-10T00:14:42.000000,E-d,48,1318.0546
GPS,gps-41019,41019,2026-08-10T00:14:42.000000,E-d,72,1972.0086
GPS,gps-41019,41019,2026-08-10T00:14:42.000000,E-e,1,0.5562
GPS,gps-41019,41019,2026-08-10T00:14:42.000000,E-e,6,9.2827
GPS,gps-41019,41019,2026-08-10T00:14:42.000000,E-e,12,58.1832
GPS,gps-41019,41019,2026-08-10T00:14:42.000000,E-e,24,117.3732
GPS,gps-41019,41019,2026-08-10T00:14:42.000000,E-e,48,236.1980
GPS,gps-41019,41019,2026-08-10T00:14:42.000000,E-e,72,356.6909
GPS,gps-41019,41019,2026-08-10T00:14:42.000000,E-f,1,0.5533
GPS,gps-41019,41019,2026-08-10T00:14:42.000000,E-f,6,9.2146
GPS,gps-41019,41019,2026-08-10T00:14:42.000000,E-f,12,58.0034
GPS,gps-41019,41019,2026-08-10T00:14:42.000000,E-f,24,117.0474
GPS,gps-41019,41019,2026-08-10T00:14:42.000000,E-f,48,235.6552
GPS,gps-41019,41019,2026-08-10T00:14:42.000000,E-f,72,355.9713
GPS,gps-41328,41328,2026-08-02T00:14:42.000000,E-a,1,315.2764
GPS,gps-41328,41328,2026-08-02T00:14:42.000000,E-a,6,7090.9075
GPS,gps-41328,41328,2026-08-02T00:14:42.000000,E-a,12,16099.6740
GPS,gps-41328,41328,2026-08-02T00:14:42.000000,E-a,24,32277.3589
GPS,gps-41328,41328,2026-08-02T00:14:42.000000,E-a,48,64777.3742
GPS,gps-41328,41328,2026-08-02T00:14:42.000000,E-a,72,97190.0887
GPS,gps-41328,41328,2026-08-02T00:14:42.000000,E-b,1,23.6747
GPS,gps-41328,41328,2026-08-02T00:14:42.000000,E-b,6,362.6431
GPS,gps-41328,41328,2026-08-02T00:14:42.000000,E-b,12,827.8632
GPS,gps-41328,41328,2026-08-02T00:14:42.000000,E-b,24,1757.6577
GPS,gps-41328,41328,2026-08-02T00:14:42.000000,E-b,48,3856.0716
GPS,gps-41328,41328,2026-08-02T00:14:42.000000,E-b,72,6025.8323
GPS,gps-41328,41328,2026-08-02T00:14:42.000000,E-c,1,1.7793
GPS,gps-41328,41328,2026-08-02T00:14:42.000000,E-c,6,26.3584
GPS,gps-41328,41328,2026-08-02T00:14:42.000000,E-c,12,304.4005
GPS,gps-41328,41328,2026-08-02T00:14:42.000000,E-c,24,580.2865
GPS,gps-41328,41328,2026-08-02T00:14:42.000000,E-c,48,1095.1699
GPS,gps-41328,41328,2026-08-02T00:14:42.000000,E-c,72,1544.3024
GPS,gps-41328,41328,2026-08-02T00:14:42.000000,E-d,1,1.8212
GPS,gps-41328,41328,2026-08-02T00:14:42.000000,E-d,6,31.6918
GPS,gps-41328,41328,2026-08-02T00:14:42.000000,E-d,12,191.4018
GPS,gps-41328,41328,2026-08-02T00:14:42.000000,E-d,24,353.3518
GPS,gps-41328,41328,2026-08-02T00:14:42.000000,E-d,48,639.6948
GPS,gps-41328,41328,2026-08-02T00:14:42.000000,E-d,72,859.4228
GPS,gps-41328,41328,2026-08-02T00:14:42.000000,E-e,1,0.1917
GPS,gps-41328,41328,2026-08-02T00:14:42.000000,E-e,6,4.5822
GPS,gps-41328,41328,2026-08-02T00:14:42.000000,E-e,12,44.7419
GPS,gps-41328,41328,2026-08-02T00:14:42.000000,E-e,24,89.7138
GPS,gps-41328,41328,2026-08-02T00:14:42.000000,E-e,48,179.7833
GPS,gps-41328,41328,2026-08-02T00:14:42.000000,E-e,72,270.4539
GPS,gps-41328,41328,2026-08-02T00:14:42.000000,E-f,1,0.1870
GPS,gps-41328,41328,2026-08-02T00:14:42.000000,E-f,6,4.4886
GPS,gps-41328,41328,2026-08-02T00:14:42.000000,E-f,12,45.0914
GPS,gps-41328,41328,2026-08-02T00:14:42.000000,E-f,24,90.4571
GPS,gps-41328,41328,2026-08-02T00:14:42.000000,E-f,48,181.4042
GPS,gps-41328,41328,2026-08-02T00:14:42.000000,E-f,72,272.9771
GPS,gps-41328,41328,2026-08-06T00:14:42.000000,E-a,1,297.8230
GPS,gps-41328,41328,2026-08-06T00:14:42.000000,E-a,6,6072.8924
GPS,gps-41328,41328,2026-08-06T00:14:42.000000,E-a,12,14054.8512
GPS,gps-41328,41328,2026-08-06T00:14:42.000000,E-a,24,27827.3550
GPS,gps-41328,41328,2026-08-06T00:14:42.000000,E-a,48,54448.4689
GPS,gps-41328,41328,2026-08-06T00:14:42.000000,E-a,72,79772.4296
GPS,gps-41328,41328,2026-08-06T00:14:42.000000,E-b,1,10.0827
GPS,gps-41328,41328,2026-08-06T00:14:42.000000,E-b,6,815.0798
GPS,gps-41328,41328,2026-08-06T00:14:42.000000,E-b,12,1567.9996
GPS,gps-41328,41328,2026-08-06T00:14:42.000000,E-b,24,2893.3593
GPS,gps-41328,41328,2026-08-06T00:14:42.000000,E-b,48,4747.6437
GPS,gps-41328,41328,2026-08-06T00:14:42.000000,E-b,72,5488.2871
GPS,gps-41328,41328,2026-08-06T00:14:42.000000,E-c,1,1.5819
GPS,gps-41328,41328,2026-08-06T00:14:42.000000,E-c,6,30.0388
GPS,gps-41328,41328,2026-08-06T00:14:42.000000,E-c,12,320.4868
GPS,gps-41328,41328,2026-08-06T00:14:42.000000,E-c,24,607.2517
GPS,gps-41328,41328,2026-08-06T00:14:42.000000,E-c,48,1147.4218
GPS,gps-41328,41328,2026-08-06T00:14:42.000000,E-c,72,1619.0695
GPS,gps-41328,41328,2026-08-06T00:14:42.000000,E-d,1,1.6484
GPS,gps-41328,41328,2026-08-06T00:14:42.000000,E-d,6,31.3237
GPS,gps-41328,41328,2026-08-06T00:14:42.000000,E-d,12,205.3093
GPS,gps-41328,41328,2026-08-06T00:14:42.000000,E-d,24,376.1263
GPS,gps-41328,41328,2026-08-06T00:14:42.000000,E-d,48,684.3201
GPS,gps-41328,41328,2026-08-06T00:14:42.000000,E-d,72,923.7576
GPS,gps-41328,41328,2026-08-06T00:14:42.000000,E-e,1,0.3483
GPS,gps-41328,41328,2026-08-06T00:14:42.000000,E-e,6,9.0572
GPS,gps-41328,41328,2026-08-06T00:14:42.000000,E-e,12,33.6882
GPS,gps-41328,41328,2026-08-06T00:14:42.000000,E-e,24,67.2475
GPS,gps-41328,41328,2026-08-06T00:14:42.000000,E-e,48,134.8985
GPS,gps-41328,41328,2026-08-06T00:14:42.000000,E-e,72,202.2053
GPS,gps-41328,41328,2026-08-06T00:14:42.000000,E-f,1,0.3475
GPS,gps-41328,41328,2026-08-06T00:14:42.000000,E-f,6,8.9483
GPS,gps-41328,41328,2026-08-06T00:14:42.000000,E-f,12,33.8605
GPS,gps-41328,41328,2026-08-06T00:14:42.000000,E-f,24,67.5259
GPS,gps-41328,41328,2026-08-06T00:14:42.000000,E-f,48,135.1651
GPS,gps-41328,41328,2026-08-06T00:14:42.000000,E-f,72,202.1693
GPS,gps-41328,41328,2026-08-10T00:14:42.000000,E-a,1,312.6719
GPS,gps-41328,41328,2026-08-10T00:14:42.000000,E-a,6,4112.3711
GPS,gps-41328,41328,2026-08-10T00:14:42.000000,E-a,12,10122.0493
GPS,gps-41328,41328,2026-08-10T00:14:42.000000,E-a,24,20146.9527
GPS,gps-41328,41328,2026-08-10T00:14:42.000000,E-a,48,40246.5684
GPS,gps-41328,41328,2026-08-10T00:14:42.000000,E-a,72,60737.3222
GPS,gps-41328,41328,2026-08-10T00:14:42.000000,E-b,1,39.2574
GPS,gps-41328,41328,2026-08-10T00:14:42.000000,E-b,6,874.4878
GPS,gps-41328,41328,2026-08-10T00:14:42.000000,E-b,12,1292.6832
GPS,gps-41328,41328,2026-08-10T00:14:42.000000,E-b,24,2575.0960
GPS,gps-41328,41328,2026-08-10T00:14:42.000000,E-b,48,5514.6683
GPS,gps-41328,41328,2026-08-10T00:14:42.000000,E-b,72,9323.4452
GPS,gps-41328,41328,2026-08-10T00:14:42.000000,E-c,1,1.4354
GPS,gps-41328,41328,2026-08-10T00:14:42.000000,E-c,6,45.2500
GPS,gps-41328,41328,2026-08-10T00:14:42.000000,E-c,12,360.0714
GPS,gps-41328,41328,2026-08-10T00:14:42.000000,E-c,24,681.8254
GPS,gps-41328,41328,2026-08-10T00:14:42.000000,E-c,48,1293.3929
GPS,gps-41328,41328,2026-08-10T00:14:42.000000,E-c,72,1833.9305
GPS,gps-41328,41328,2026-08-10T00:14:42.000000,E-d,1,1.5957
GPS,gps-41328,41328,2026-08-10T00:14:42.000000,E-d,6,45.0492
GPS,gps-41328,41328,2026-08-10T00:14:42.000000,E-d,12,244.2497
GPS,gps-41328,41328,2026-08-10T00:14:42.000000,E-d,24,449.6456
GPS,gps-41328,41328,2026-08-10T00:14:42.000000,E-d,48,828.7266
GPS,gps-41328,41328,2026-08-10T00:14:42.000000,E-d,72,1136.9075
GPS,gps-41328,41328,2026-08-10T00:14:42.000000,E-e,1,0.2407
GPS,gps-41328,41328,2026-08-10T00:14:42.000000,E-e,6,4.6506
GPS,gps-41328,41328,2026-08-10T00:14:42.000000,E-e,12,48.8975
GPS,gps-41328,41328,2026-08-10T00:14:42.000000,E-e,24,97.9945
GPS,gps-41328,41328,2026-08-10T00:14:42.000000,E-e,48,195.0838
GPS,gps-41328,41328,2026-08-10T00:14:42.000000,E-e,72,291.1668
GPS,gps-41328,41328,2026-08-10T00:14:42.000000,E-f,1,0.2473
GPS,gps-41328,41328,2026-08-10T00:14:42.000000,E-f,6,4.5834
GPS,gps-41328,41328,2026-08-10T00:14:42.000000,E-f,12,48.2164
GPS,gps-41328,41328,2026-08-10T00:14:42.000000,E-f,24,96.6414
GPS,gps-41328,41328,2026-08-10T00:14:42.000000,E-f,48,192.4995
GPS,gps-41328,41328,2026-08-10T00:14:42.000000,E-f,72,287.6116
GPS,gps-43873,43873,2026-08-02T00:14:42.000000,E-a,1,470.0825
GPS,gps-43873,43873,2026-08-02T00:14:42.000000,E-a,6,8160.0070
GPS,gps-43873,43873,2026-08-02T00:14:42.000000,E-a,12,15926.6990
GPS,gps-43873,43873,2026-08-02T00:14:42.000000,E-a,24,31780.8112
GPS,gps-43873,43873,2026-08-02T00:14:42.000000,E-a,48,63087.1818
GPS,gps-43873,43873,2026-08-02T00:14:42.000000,E-a,72,94274.4627
GPS,gps-43873,43873,2026-08-02T00:14:42.000000,E-b,1,24.2974
GPS,gps-43873,43873,2026-08-02T00:14:42.000000,E-b,6,818.6340
GPS,gps-43873,43873,2026-08-02T00:14:42.000000,E-b,12,805.0133
GPS,gps-43873,43873,2026-08-02T00:14:42.000000,E-b,24,1671.5123
GPS,gps-43873,43873,2026-08-02T00:14:42.000000,E-b,48,3790.7509
GPS,gps-43873,43873,2026-08-02T00:14:42.000000,E-b,72,6059.7802
GPS,gps-43873,43873,2026-08-02T00:14:42.000000,E-c,1,1.7317
GPS,gps-43873,43873,2026-08-02T00:14:42.000000,E-c,6,105.6690
GPS,gps-43873,43873,2026-08-02T00:14:42.000000,E-c,12,221.2632
GPS,gps-43873,43873,2026-08-02T00:14:42.000000,E-c,24,509.7393
GPS,gps-43873,43873,2026-08-02T00:14:42.000000,E-c,48,952.6875
GPS,gps-43873,43873,2026-08-02T00:14:42.000000,E-c,72,1328.5530
GPS,gps-43873,43873,2026-08-02T00:14:42.000000,E-d,1,1.9823
GPS,gps-43873,43873,2026-08-02T00:14:42.000000,E-d,6,73.4435
GPS,gps-43873,43873,2026-08-02T00:14:42.000000,E-d,12,137.6886
GPS,gps-43873,43873,2026-08-02T00:14:42.000000,E-d,24,343.5709
GPS,gps-43873,43873,2026-08-02T00:14:42.000000,E-d,48,625.6621
GPS,gps-43873,43873,2026-08-02T00:14:42.000000,E-d,72,845.9392
GPS,gps-43873,43873,2026-08-02T00:14:42.000000,E-e,1,0.1793
GPS,gps-43873,43873,2026-08-02T00:14:42.000000,E-e,6,4.3949
GPS,gps-43873,43873,2026-08-02T00:14:42.000000,E-e,12,8.7875
GPS,gps-43873,43873,2026-08-02T00:14:42.000000,E-e,24,15.6544
GPS,gps-43873,43873,2026-08-02T00:14:42.000000,E-e,48,23.0752
GPS,gps-43873,43873,2026-08-02T00:14:42.000000,E-e,72,22.8269
GPS,gps-43873,43873,2026-08-02T00:14:42.000000,E-f,1,0.1781
GPS,gps-43873,43873,2026-08-02T00:14:42.000000,E-f,6,4.5250
GPS,gps-43873,43873,2026-08-02T00:14:42.000000,E-f,12,9.0080
GPS,gps-43873,43873,2026-08-02T00:14:42.000000,E-f,24,16.1424
GPS,gps-43873,43873,2026-08-02T00:14:42.000000,E-f,48,24.1793
GPS,gps-43873,43873,2026-08-02T00:14:42.000000,E-f,72,24.4966
GPS,gps-43873,43873,2026-08-06T00:14:42.000000,E-a,1,435.4800
GPS,gps-43873,43873,2026-08-06T00:14:42.000000,E-a,6,8307.7426
GPS,gps-43873,43873,2026-08-06T00:14:42.000000,E-a,12,16458.9243
GPS,gps-43873,43873,2026-08-06T00:14:42.000000,E-a,24,33190.7961
GPS,gps-43873,43873,2026-08-06T00:14:42.000000,E-a,48,67238.4000
GPS,gps-43873,43873,2026-08-06T00:14:42.000000,E-a,72,102183.3163
GPS,gps-43873,43873,2026-08-06T00:14:42.000000,E-b,1,18.8230
GPS,gps-43873,43873,2026-08-06T00:14:42.000000,E-b,6,330.9565
GPS,gps-43873,43873,2026-08-06T00:14:42.000000,E-b,12,500.7783
GPS,gps-43873,43873,2026-08-06T00:14:42.000000,E-b,24,1199.6581
GPS,gps-43873,43873,2026-08-06T00:14:42.000000,E-b,48,3026.9780
GPS,gps-43873,43873,2026-08-06T00:14:42.000000,E-b,72,5481.3976
GPS,gps-43873,43873,2026-08-06T00:14:42.000000,E-c,1,2.1591
GPS,gps-43873,43873,2026-08-06T00:14:42.000000,E-c,6,124.7003
GPS,gps-43873,43873,2026-08-06T00:14:42.000000,E-c,12,239.2677
GPS,gps-43873,43873,2026-08-06T00:14:42.000000,E-c,24,543.6681
GPS,gps-43873,43873,2026-08-06T00:14:42.000000,E-c,48,1019.6146
GPS,gps-43873,43873,2026-08-06T00:14:42.000000,E-c,72,1428.1130
GPS,gps-43873,43873,2026-08-06T00:14:42.000000,E-d,1,2.2393
GPS,gps-43873,43873,2026-08-06T00:14:42.000000,E-d,6,91.3531
GPS,gps-43873,43873,2026-08-06T00:14:42.000000,E-d,12,167.1117
GPS,gps-43873,43873,2026-08-06T00:14:42.000000,E-d,24,400.3082
GPS,gps-43873,43873,2026-08-06T00:14:42.000000,E-d,48,738.4659
GPS,gps-43873,43873,2026-08-06T00:14:42.000000,E-d,72,1014.6737
GPS,gps-43873,43873,2026-08-06T00:14:42.000000,E-e,1,0.3249
GPS,gps-43873,43873,2026-08-06T00:14:42.000000,E-e,6,3.3118
GPS,gps-43873,43873,2026-08-06T00:14:42.000000,E-e,12,6.3787
GPS,gps-43873,43873,2026-08-06T00:14:42.000000,E-e,24,15.1230
GPS,gps-43873,43873,2026-08-06T00:14:42.000000,E-e,48,38.7459
GPS,gps-43873,43873,2026-08-06T00:14:42.000000,E-e,72,71.3784
GPS,gps-43873,43873,2026-08-06T00:14:42.000000,E-f,1,0.3254
GPS,gps-43873,43873,2026-08-06T00:14:42.000000,E-f,6,3.0489
GPS,gps-43873,43873,2026-08-06T00:14:42.000000,E-f,12,5.9262
GPS,gps-43873,43873,2026-08-06T00:14:42.000000,E-f,24,14.2710
GPS,gps-43873,43873,2026-08-06T00:14:42.000000,E-f,48,37.3145
GPS,gps-43873,43873,2026-08-06T00:14:42.000000,E-f,72,69.6699
GPS,gps-43873,43873,2026-08-10T00:14:42.000000,E-a,1,382.9879
GPS,gps-43873,43873,2026-08-10T00:14:42.000000,E-a,6,7741.0407
GPS,gps-43873,43873,2026-08-10T00:14:42.000000,E-a,12,17493.9079
GPS,gps-43873,43873,2026-08-10T00:14:42.000000,E-a,24,35089.3690
GPS,gps-43873,43873,2026-08-10T00:14:42.000000,E-a,48,70069.0623
GPS,gps-43873,43873,2026-08-10T00:14:42.000000,E-a,72,104597.8623
GPS,gps-43873,43873,2026-08-10T00:14:42.000000,E-b,1,22.1043
GPS,gps-43873,43873,2026-08-10T00:14:42.000000,E-b,6,1203.8801
GPS,gps-43873,43873,2026-08-10T00:14:42.000000,E-b,12,3027.5122
GPS,gps-43873,43873,2026-08-10T00:14:42.000000,E-b,24,6109.1477
GPS,gps-43873,43873,2026-08-10T00:14:42.000000,E-b,48,11912.7184
GPS,gps-43873,43873,2026-08-10T00:14:42.000000,E-b,72,17064.1825
GPS,gps-43873,43873,2026-08-10T00:14:42.000000,E-c,1,2.5454
GPS,gps-43873,43873,2026-08-10T00:14:42.000000,E-c,6,125.1130
GPS,gps-43873,43873,2026-08-10T00:14:42.000000,E-c,12,223.8126
GPS,gps-43873,43873,2026-08-10T00:14:42.000000,E-c,24,509.1570
GPS,gps-43873,43873,2026-08-10T00:14:42.000000,E-c,48,950.8886
GPS,gps-43873,43873,2026-08-10T00:14:42.000000,E-c,72,1325.3681
GPS,gps-43873,43873,2026-08-10T00:14:42.000000,E-d,1,2.5814
GPS,gps-43873,43873,2026-08-10T00:14:42.000000,E-d,6,91.1881
GPS,gps-43873,43873,2026-08-10T00:14:42.000000,E-d,12,162.9847
GPS,gps-43873,43873,2026-08-10T00:14:42.000000,E-d,24,388.3797
GPS,gps-43873,43873,2026-08-10T00:14:42.000000,E-d,48,714.8283
GPS,gps-43873,43873,2026-08-10T00:14:42.000000,E-d,72,979.3467
GPS,gps-43873,43873,2026-08-10T00:14:42.000000,E-e,1,0.6242
GPS,gps-43873,43873,2026-08-10T00:14:42.000000,E-e,6,5.1973
GPS,gps-43873,43873,2026-08-10T00:14:42.000000,E-e,12,8.7184
GPS,gps-43873,43873,2026-08-10T00:14:42.000000,E-e,24,15.5437
GPS,gps-43873,43873,2026-08-10T00:14:42.000000,E-e,48,21.8169
GPS,gps-43873,43873,2026-08-10T00:14:42.000000,E-e,72,19.4629
GPS,gps-43873,43873,2026-08-10T00:14:42.000000,E-f,1,0.6244
GPS,gps-43873,43873,2026-08-10T00:14:42.000000,E-f,6,5.3809
GPS,gps-43873,43873,2026-08-10T00:14:42.000000,E-f,12,8.9929
GPS,gps-43873,43873,2026-08-10T00:14:42.000000,E-f,24,16.0925
GPS,gps-43873,43873,2026-08-10T00:14:42.000000,E-f,48,22.9819
GPS,gps-43873,43873,2026-08-10T00:14:42.000000,E-f,72,21.2908
GPS,gps-44506,44506,2026-08-02T00:14:42.000000,E-a,1,296.0978
GPS,gps-44506,44506,2026-08-02T00:14:42.000000,E-a,6,9603.2525
GPS,gps-44506,44506,2026-08-02T00:14:42.000000,E-a,12,17689.9709
GPS,gps-44506,44506,2026-08-02T00:14:42.000000,E-a,24,35470.1810
GPS,gps-44506,44506,2026-08-02T00:14:42.000000,E-a,48,71203.1642
GPS,gps-44506,44506,2026-08-02T00:14:42.000000,E-a,72,107174.5725
GPS,gps-44506,44506,2026-08-02T00:14:42.000000,E-b,1,37.2011
GPS,gps-44506,44506,2026-08-02T00:14:42.000000,E-b,6,731.0850
GPS,gps-44506,44506,2026-08-02T00:14:42.000000,E-b,12,1371.3047
GPS,gps-44506,44506,2026-08-02T00:14:42.000000,E-b,24,2821.5227
GPS,gps-44506,44506,2026-08-02T00:14:42.000000,E-b,48,5856.5920
GPS,gps-44506,44506,2026-08-02T00:14:42.000000,E-b,72,9101.8580
GPS,gps-44506,44506,2026-08-02T00:14:42.000000,E-c,1,2.3400
GPS,gps-44506,44506,2026-08-02T00:14:42.000000,E-c,6,138.0301
GPS,gps-44506,44506,2026-08-02T00:14:42.000000,E-c,12,240.7704
GPS,gps-44506,44506,2026-08-02T00:14:42.000000,E-c,24,508.8717
GPS,gps-44506,44506,2026-08-02T00:14:42.000000,E-c,48,1033.8947
GPS,gps-44506,44506,2026-08-02T00:14:42.000000,E-c,72,1575.2050
GPS,gps-44506,44506,2026-08-02T00:14:42.000000,E-d,1,2.5441
GPS,gps-44506,44506,2026-08-02T00:14:42.000000,E-d,6,118.7557
GPS,gps-44506,44506,2026-08-02T00:14:42.000000,E-d,12,117.2380
GPS,gps-44506,44506,2026-08-02T00:14:42.000000,E-d,24,257.2750
GPS,gps-44506,44506,2026-08-02T00:14:42.000000,E-d,48,531.7277
GPS,gps-44506,44506,2026-08-02T00:14:42.000000,E-d,72,823.8725
GPS,gps-44506,44506,2026-08-02T00:14:42.000000,E-e,1,0.0441
GPS,gps-44506,44506,2026-08-02T00:14:42.000000,E-e,6,3.0519
GPS,gps-44506,44506,2026-08-02T00:14:42.000000,E-e,12,15.1575
GPS,gps-44506,44506,2026-08-02T00:14:42.000000,E-e,24,29.3853
GPS,gps-44506,44506,2026-08-02T00:14:42.000000,E-e,48,55.4284
GPS,gps-44506,44506,2026-08-02T00:14:42.000000,E-e,72,78.6313
GPS,gps-44506,44506,2026-08-02T00:14:42.000000,E-f,1,0.0518
GPS,gps-44506,44506,2026-08-02T00:14:42.000000,E-f,6,2.8231
GPS,gps-44506,44506,2026-08-02T00:14:42.000000,E-f,12,14.6624
GPS,gps-44506,44506,2026-08-02T00:14:42.000000,E-f,24,28.4162
GPS,gps-44506,44506,2026-08-02T00:14:42.000000,E-f,48,53.5750
GPS,gps-44506,44506,2026-08-02T00:14:42.000000,E-f,72,75.9700
GPS,gps-44506,44506,2026-08-06T00:14:42.000000,E-a,1,319.7984
GPS,gps-44506,44506,2026-08-06T00:14:42.000000,E-a,6,8156.2492
GPS,gps-44506,44506,2026-08-06T00:14:42.000000,E-a,12,16215.5116
GPS,gps-44506,44506,2026-08-06T00:14:42.000000,E-a,24,32451.4650
GPS,gps-44506,44506,2026-08-06T00:14:42.000000,E-a,48,64759.3140
GPS,gps-44506,44506,2026-08-06T00:14:42.000000,E-a,72,96717.0852
GPS,gps-44506,44506,2026-08-06T00:14:42.000000,E-b,1,12.7506
GPS,gps-44506,44506,2026-08-06T00:14:42.000000,E-b,6,583.1756
GPS,gps-44506,44506,2026-08-06T00:14:42.000000,E-b,12,739.9249
GPS,gps-44506,44506,2026-08-06T00:14:42.000000,E-b,24,1467.3600
GPS,gps-44506,44506,2026-08-06T00:14:42.000000,E-b,48,3041.0245
GPS,gps-44506,44506,2026-08-06T00:14:42.000000,E-b,72,4764.4328
GPS,gps-44506,44506,2026-08-06T00:14:42.000000,E-c,1,2.5169
GPS,gps-44506,44506,2026-08-06T00:14:42.000000,E-c,6,141.8941
GPS,gps-44506,44506,2026-08-06T00:14:42.000000,E-c,12,219.0188
GPS,gps-44506,44506,2026-08-06T00:14:42.000000,E-c,24,471.6462
GPS,gps-44506,44506,2026-08-06T00:14:42.000000,E-c,48,960.1106
GPS,gps-44506,44506,2026-08-06T00:14:42.000000,E-c,72,1466.2835
GPS,gps-44506,44506,2026-08-06T00:14:42.000000,E-d,1,2.6730
GPS,gps-44506,44506,2026-08-06T00:14:42.000000,E-d,6,119.7568
GPS,gps-44506,44506,2026-08-06T00:14:42.000000,E-d,12,99.9519
GPS,gps-44506,44506,2026-08-06T00:14:42.000000,E-d,24,227.9101
GPS,gps-44506,44506,2026-08-06T00:14:42.000000,E-d,48,474.1063
GPS,gps-44506,44506,2026-08-06T00:14:42.000000,E-d,72,739.9124
GPS,gps-44506,44506,2026-08-06T00:14:42.000000,E-e,1,0.3990
GPS,gps-44506,44506,2026-08-06T00:14:42.000000,E-e,6,8.5651
GPS,gps-44506,44506,2026-08-06T00:14:42.000000,E-e,12,24.2427
GPS,gps-44506,44506,2026-08-06T00:14:42.000000,E-e,24,47.8786
GPS,gps-44506,44506,2026-08-06T00:14:42.000000,E-e,48,93.7925
GPS,gps-44506,44506,2026-08-06T00:14:42.000000,E-e,72,138.9018
GPS,gps-44506,44506,2026-08-06T00:14:42.000000,E-f,1,0.3989
GPS,gps-44506,44506,2026-08-06T00:14:42.000000,E-f,6,8.5973
GPS,gps-44506,44506,2026-08-06T00:14:42.000000,E-f,12,24.3263
GPS,gps-44506,44506,2026-08-06T00:14:42.000000,E-f,24,48.0393
GPS,gps-44506,44506,2026-08-06T00:14:42.000000,E-f,48,94.0604
GPS,gps-44506,44506,2026-08-06T00:14:42.000000,E-f,72,139.1764
GPS,gps-44506,44506,2026-08-10T00:14:42.000000,E-a,1,320.3147
GPS,gps-44506,44506,2026-08-10T00:14:42.000000,E-a,6,7837.7564
GPS,gps-44506,44506,2026-08-10T00:14:42.000000,E-a,12,14371.1266
GPS,gps-44506,44506,2026-08-10T00:14:42.000000,E-a,24,28643.5750
GPS,gps-44506,44506,2026-08-10T00:14:42.000000,E-a,48,56809.7828
GPS,gps-44506,44506,2026-08-10T00:14:42.000000,E-a,72,84687.0109
GPS,gps-44506,44506,2026-08-10T00:14:42.000000,E-b,1,27.4925
GPS,gps-44506,44506,2026-08-10T00:14:42.000000,E-b,6,610.7182
GPS,gps-44506,44506,2026-08-10T00:14:42.000000,E-b,12,1354.5166
GPS,gps-44506,44506,2026-08-10T00:14:42.000000,E-b,24,2728.8336
GPS,gps-44506,44506,2026-08-10T00:14:42.000000,E-b,48,5649.8418
GPS,gps-44506,44506,2026-08-10T00:14:42.000000,E-b,72,8579.3214
GPS,gps-44506,44506,2026-08-10T00:14:42.000000,E-c,1,2.6390
GPS,gps-44506,44506,2026-08-10T00:14:42.000000,E-c,6,139.2019
GPS,gps-44506,44506,2026-08-10T00:14:42.000000,E-c,12,188.2292
GPS,gps-44506,44506,2026-08-10T00:14:42.000000,E-c,24,416.8905
GPS,gps-44506,44506,2026-08-10T00:14:42.000000,E-c,48,852.7277
GPS,gps-44506,44506,2026-08-10T00:14:42.000000,E-c,72,1307.8119
GPS,gps-44506,44506,2026-08-10T00:14:42.000000,E-d,1,2.7516
GPS,gps-44506,44506,2026-08-10T00:14:42.000000,E-d,6,114.3759
GPS,gps-44506,44506,2026-08-10T00:14:42.000000,E-d,12,76.0406
GPS,gps-44506,44506,2026-08-10T00:14:42.000000,E-d,24,183.7168
GPS,gps-44506,44506,2026-08-10T00:14:42.000000,E-d,48,387.9453
GPS,gps-44506,44506,2026-08-10T00:14:42.000000,E-d,72,613.5707
GPS,gps-44506,44506,2026-08-10T00:14:42.000000,E-e,1,0.5116
GPS,gps-44506,44506,2026-08-10T00:14:42.000000,E-e,6,9.6064
GPS,gps-44506,44506,2026-08-10T00:14:42.000000,E-e,12,25.5878
GPS,gps-44506,44506,2026-08-10T00:14:42.000000,E-e,24,51.9937
GPS,gps-44506,44506,2026-08-10T00:14:42.000000,E-e,48,104.6874
GPS,gps-44506,44506,2026-08-10T00:14:42.000000,E-e,72,158.5166
GPS,gps-44506,44506,2026-08-10T00:14:42.000000,E-f,1,0.5087
GPS,gps-44506,44506,2026-08-10T00:14:42.000000,E-f,6,9.6544
GPS,gps-44506,44506,2026-08-10T00:14:42.000000,E-f,12,25.5594
GPS,gps-44506,44506,2026-08-10T00:14:42.000000,E-f,24,51.9133
GPS,gps-44506,44506,2026-08-10T00:14:42.000000,E-f,48,104.4575
GPS,gps-44506,44506,2026-08-10T00:14:42.000000,E-f,72,158.1326
GPS,gps-45854,45854,2026-08-02T00:14:42.000000,E-a,1,399.7122
GPS,gps-45854,45854,2026-08-02T00:14:42.000000,E-a,6,5957.4176
GPS,gps-45854,45854,2026-08-02T00:14:42.000000,E-a,12,12816.2059
GPS,gps-45854,45854,2026-08-02T00:14:42.000000,E-a,24,25831.0765
GPS,gps-45854,45854,2026-08-02T00:14:42.000000,E-a,48,52178.0406
GPS,gps-45854,45854,2026-08-02T00:14:42.000000,E-a,72,79098.8005
GPS,gps-45854,45854,2026-08-02T00:14:42.000000,E-b,1,31.6897
GPS,gps-45854,45854,2026-08-02T00:14:42.000000,E-b,6,507.2973
GPS,gps-45854,45854,2026-08-02T00:14:42.000000,E-b,12,771.6995
GPS,gps-45854,45854,2026-08-02T00:14:42.000000,E-b,24,1397.8042
GPS,gps-45854,45854,2026-08-02T00:14:42.000000,E-b,48,2476.1885
GPS,gps-45854,45854,2026-08-02T00:14:42.000000,E-b,72,3177.1364
GPS,gps-45854,45854,2026-08-02T00:14:42.000000,E-c,1,1.9069
GPS,gps-45854,45854,2026-08-02T00:14:42.000000,E-c,6,96.3940
GPS,gps-45854,45854,2026-08-02T00:14:42.000000,E-c,12,414.2901
GPS,gps-45854,45854,2026-08-02T00:14:42.000000,E-c,24,734.9874
GPS,gps-45854,45854,2026-08-02T00:14:42.000000,E-c,48,1423.6158
GPS,gps-45854,45854,2026-08-02T00:14:42.000000,E-c,72,2065.4904
GPS,gps-45854,45854,2026-08-02T00:14:42.000000,E-d,1,1.9258
GPS,gps-45854,45854,2026-08-02T00:14:42.000000,E-d,6,86.1760
GPS,gps-45854,45854,2026-08-02T00:14:42.000000,E-d,12,305.9692
GPS,gps-45854,45854,2026-08-02T00:14:42.000000,E-d,24,518.4905
GPS,gps-45854,45854,2026-08-02T00:14:42.000000,E-d,48,991.1011
GPS,gps-45854,45854,2026-08-02T00:14:42.000000,E-d,72,1417.6180
GPS,gps-45854,45854,2026-08-02T00:14:42.000000,E-e,1,0.1525
GPS,gps-45854,45854,2026-08-02T00:14:42.000000,E-e,6,3.2024
GPS,gps-45854,45854,2026-08-02T00:14:42.000000,E-e,12,4.8057
GPS,gps-45854,45854,2026-08-02T00:14:42.000000,E-e,24,6.9051
GPS,gps-45854,45854,2026-08-02T00:14:42.000000,E-e,48,3.1802
GPS,gps-45854,45854,2026-08-02T00:14:42.000000,E-e,72,11.7917
GPS,gps-45854,45854,2026-08-02T00:14:42.000000,E-f,1,0.1516
GPS,gps-45854,45854,2026-08-02T00:14:42.000000,E-f,6,3.1623
GPS,gps-45854,45854,2026-08-02T00:14:42.000000,E-f,12,4.7908
GPS,gps-45854,45854,2026-08-02T00:14:42.000000,E-f,24,6.8426
GPS,gps-45854,45854,2026-08-02T00:14:42.000000,E-f,48,2.9311
GPS,gps-45854,45854,2026-08-02T00:14:42.000000,E-f,72,12.2973
GPS,gps-45854,45854,2026-08-06T00:14:42.000000,E-a,1,334.4753
GPS,gps-45854,45854,2026-08-06T00:14:42.000000,E-a,6,4824.9158
GPS,gps-45854,45854,2026-08-06T00:14:42.000000,E-a,12,11766.2782
GPS,gps-45854,45854,2026-08-06T00:14:42.000000,E-a,24,23729.7553
GPS,gps-45854,45854,2026-08-06T00:14:42.000000,E-a,48,47866.8222
GPS,gps-45854,45854,2026-08-06T00:14:42.000000,E-a,72,72246.8008
GPS,gps-45854,45854,2026-08-06T00:14:42.000000,E-b,1,15.1862
GPS,gps-45854,45854,2026-08-06T00:14:42.000000,E-b,6,1244.7241
GPS,gps-45854,45854,2026-08-06T00:14:42.000000,E-b,12,1535.6764
GPS,gps-45854,45854,2026-08-06T00:14:42.000000,E-b,24,3180.9363
GPS,gps-45854,45854,2026-08-06T00:14:42.000000,E-b,48,6395.1487
GPS,gps-45854,45854,2026-08-06T00:14:42.000000,E-b,72,9476.5385
GPS,gps-45854,45854,2026-08-06T00:14:42.000000,E-c,1,1.8336
GPS,gps-45854,45854,2026-08-06T00:14:42.000000,E-c,6,94.3833
GPS,gps-45854,45854,2026-08-06T00:14:42.000000,E-c,12,390.3328
GPS,gps-45854,45854,2026-08-06T00:14:42.000000,E-c,24,687.4702
GPS,gps-45854,45854,2026-08-06T00:14:42.000000,E-c,48,1326.9711
GPS,gps-45854,45854,2026-08-06T00:14:42.000000,E-c,72,1917.5200
GPS,gps-45854,45854,2026-08-06T00:14:42.000000,E-d,1,1.7897
GPS,gps-45854,45854,2026-08-06T00:14:42.000000,E-d,6,82.4265
GPS,gps-45854,45854,2026-08-06T00:14:42.000000,E-d,12,282.3317
GPS,gps-45854,45854,2026-08-06T00:14:42.000000,E-d,24,471.6875
GPS,gps-45854,45854,2026-08-06T00:14:42.000000,E-d,48,896.1220
GPS,gps-45854,45854,2026-08-06T00:14:42.000000,E-d,72,1272.5232
GPS,gps-45854,45854,2026-08-06T00:14:42.000000,E-e,1,0.3806
GPS,gps-45854,45854,2026-08-06T00:14:42.000000,E-e,6,2.5563
GPS,gps-45854,45854,2026-08-06T00:14:42.000000,E-e,12,3.9840
GPS,gps-45854,45854,2026-08-06T00:14:42.000000,E-e,24,5.0342
GPS,gps-45854,45854,2026-08-06T00:14:42.000000,E-e,48,1.5749
GPS,gps-45854,45854,2026-08-06T00:14:42.000000,E-e,72,18.5664
GPS,gps-45854,45854,2026-08-06T00:14:42.000000,E-f,1,0.3834
GPS,gps-45854,45854,2026-08-06T00:14:42.000000,E-f,6,2.6589
GPS,gps-45854,45854,2026-08-06T00:14:42.000000,E-f,12,4.1921
GPS,gps-45854,45854,2026-08-06T00:14:42.000000,E-f,24,5.4498
GPS,gps-45854,45854,2026-08-06T00:14:42.000000,E-f,48,1.2482
GPS,gps-45854,45854,2026-08-06T00:14:42.000000,E-f,72,17.1650
GPS,gps-45854,45854,2026-08-10T00:14:42.000000,E-a,1,291.5589
GPS,gps-45854,45854,2026-08-10T00:14:42.000000,E-a,6,2544.1070
GPS,gps-45854,45854,2026-08-10T00:14:42.000000,E-a,12,7171.7407
GPS,gps-45854,45854,2026-08-10T00:14:42.000000,E-a,24,14463.4104
GPS,gps-45854,45854,2026-08-10T00:14:42.000000,E-a,48,29184.2852
GPS,gps-45854,45854,2026-08-10T00:14:42.000000,E-a,72,44223.5855
GPS,gps-45854,45854,2026-08-10T00:14:42.000000,E-b,1,29.6784
GPS,gps-45854,45854,2026-08-10T00:14:42.000000,E-b,6,898.3452
GPS,gps-45854,45854,2026-08-10T00:14:42.000000,E-b,12,485.4355
GPS,gps-45854,45854,2026-08-10T00:14:42.000000,E-b,24,957.3027
GPS,gps-45854,45854,2026-08-10T00:14:42.000000,E-b,48,1923.8358
GPS,gps-45854,45854,2026-08-10T00:14:42.000000,E-b,72,2766.0121
GPS,gps-45854,45854,2026-08-10T00:14:42.000000,E-c,1,2.4083
GPS,gps-45854,45854,2026-08-10T00:14:42.000000,E-c,6,97.7448
GPS,gps-45854,45854,2026-08-10T00:14:42.000000,E-c,12,374.5603
GPS,gps-45854,45854,2026-08-10T00:14:42.000000,E-c,24,657.9608
GPS,gps-45854,45854,2026-08-10T00:14:42.000000,E-c,48,1266.7779
GPS,gps-45854,45854,2026-08-10T00:14:42.000000,E-c,72,1826.3879
GPS,gps-45854,45854,2026-08-10T00:14:42.000000,E-d,1,2.2518
GPS,gps-45854,45854,2026-08-10T00:14:42.000000,E-d,6,84.2544
GPS,gps-45854,45854,2026-08-10T00:14:42.000000,E-d,12,266.8932
GPS,gps-45854,45854,2026-08-10T00:14:42.000000,E-d,24,442.9118
GPS,gps-45854,45854,2026-08-10T00:14:42.000000,E-d,48,837.6256
GPS,gps-45854,45854,2026-08-10T00:14:42.000000,E-d,72,1184.2725
GPS,gps-45854,45854,2026-08-10T00:14:42.000000,E-e,1,0.6347
GPS,gps-45854,45854,2026-08-10T00:14:42.000000,E-e,6,10.2981
GPS,gps-45854,45854,2026-08-10T00:14:42.000000,E-e,12,18.5087
GPS,gps-45854,45854,2026-08-10T00:14:42.000000,E-e,24,34.8254
GPS,gps-45854,45854,2026-08-10T00:14:42.000000,E-e,48,58.6750
GPS,gps-45854,45854,2026-08-10T00:14:42.000000,E-e,72,71.9059
GPS,gps-45854,45854,2026-08-10T00:14:42.000000,E-f,1,0.6332
GPS,gps-45854,45854,2026-08-10T00:14:42.000000,E-f,6,10.3908
GPS,gps-45854,45854,2026-08-10T00:14:42.000000,E-f,12,18.6104
GPS,gps-45854,45854,2026-08-10T00:14:42.000000,E-f,24,35.0604
GPS,gps-45854,45854,2026-08-10T00:14:42.000000,E-f,48,59.2415
GPS,gps-45854,45854,2026-08-10T00:14:42.000000,E-f,72,72.8327
GPS,gps-46826,46826,2026-08-02T00:14:42.000000,E-a,1,455.4493
GPS,gps-46826,46826,2026-08-02T00:14:42.000000,E-a,6,8528.7330
GPS,gps-46826,46826,2026-08-02T00:14:42.000000,E-a,12,15051.5081
GPS,gps-46826,46826,2026-08-02T00:14:42.000000,E-a,24,30209.4745
GPS,gps-46826,46826,2026-08-02T00:14:42.000000,E-a,48,61057.1533
GPS,gps-46826,46826,2026-08-02T00:14:42.000000,E-a,72,92233.9302
GPS,gps-46826,46826,2026-08-02T00:14:42.000000,E-b,1,23.6287
GPS,gps-46826,46826,2026-08-02T00:14:42.000000,E-b,6,689.7291
GPS,gps-46826,46826,2026-08-02T00:14:42.000000,E-b,12,501.7005
GPS,gps-46826,46826,2026-08-02T00:14:42.000000,E-b,24,977.9991
GPS,gps-46826,46826,2026-08-02T00:14:42.000000,E-b,48,2050.7529
GPS,gps-46826,46826,2026-08-02T00:14:42.000000,E-b,72,3188.6182
GPS,gps-46826,46826,2026-08-02T00:14:42.000000,E-c,1,0.7371
GPS,gps-46826,46826,2026-08-02T00:14:42.000000,E-c,6,41.8766
GPS,gps-46826,46826,2026-08-02T00:14:42.000000,E-c,12,161.0887
GPS,gps-46826,46826,2026-08-02T00:14:42.000000,E-c,24,401.8136
GPS,gps-46826,46826,2026-08-02T00:14:42.000000,E-c,48,805.7278
GPS,gps-46826,46826,2026-08-02T00:14:42.000000,E-c,72,1211.0673
GPS,gps-46826,46826,2026-08-02T00:14:42.000000,E-d,1,1.1463
GPS,gps-46826,46826,2026-08-02T00:14:42.000000,E-d,6,40.8495
GPS,gps-46826,46826,2026-08-02T00:14:42.000000,E-d,12,201.6714
GPS,gps-46826,46826,2026-08-02T00:14:42.000000,E-d,24,483.5267
GPS,gps-46826,46826,2026-08-02T00:14:42.000000,E-d,48,971.3827
GPS,gps-46826,46826,2026-08-02T00:14:42.000000,E-d,72,1462.9560
GPS,gps-46826,46826,2026-08-02T00:14:42.000000,E-e,1,0.1707
GPS,gps-46826,46826,2026-08-02T00:14:42.000000,E-e,6,3.4798
GPS,gps-46826,46826,2026-08-02T00:14:42.000000,E-e,12,3.9580
GPS,gps-46826,46826,2026-08-02T00:14:42.000000,E-e,24,3.6334
GPS,gps-46826,46826,2026-08-02T00:14:42.000000,E-e,48,10.3907
GPS,gps-46826,46826,2026-08-02T00:14:42.000000,E-e,72,40.9451
GPS,gps-46826,46826,2026-08-02T00:14:42.000000,E-f,1,0.1692
GPS,gps-46826,46826,2026-08-02T00:14:42.000000,E-f,6,3.2847
GPS,gps-46826,46826,2026-08-02T00:14:42.000000,E-f,12,3.5604
GPS,gps-46826,46826,2026-08-02T00:14:42.000000,E-f,24,2.9488
GPS,gps-46826,46826,2026-08-02T00:14:42.000000,E-f,48,11.6142
GPS,gps-46826,46826,2026-08-02T00:14:42.000000,E-f,72,42.5966
GPS,gps-46826,46826,2026-08-06T00:14:42.000000,E-a,1,420.5406
GPS,gps-46826,46826,2026-08-06T00:14:42.000000,E-a,6,8108.2914
GPS,gps-46826,46826,2026-08-06T00:14:42.000000,E-a,12,15109.6419
GPS,gps-46826,46826,2026-08-06T00:14:42.000000,E-a,24,29957.2723
GPS,gps-46826,46826,2026-08-06T00:14:42.000000,E-a,48,59056.1301
GPS,gps-46826,46826,2026-08-06T00:14:42.000000,E-a,72,87236.5987
GPS,gps-46826,46826,2026-08-06T00:14:42.000000,E-b,1,20.3463
GPS,gps-46826,46826,2026-08-06T00:14:42.000000,E-b,6,1146.6660
GPS,gps-46826,46826,2026-08-06T00:14:42.000000,E-b,12,855.3437
GPS,gps-46826,46826,2026-08-06T00:14:42.000000,E-b,24,1469.7223
GPS,gps-46826,46826,2026-08-06T00:14:42.000000,E-b,48,2233.2525
GPS,gps-46826,46826,2026-08-06T00:14:42.000000,E-b,72,2562.7689
GPS,gps-46826,46826,2026-08-06T00:14:42.000000,E-c,1,1.2735
GPS,gps-46826,46826,2026-08-06T00:14:42.000000,E-c,6,45.4214
GPS,gps-46826,46826,2026-08-06T00:14:42.000000,E-c,12,149.3733
GPS,gps-46826,46826,2026-08-06T00:14:42.000000,E-c,24,376.1161
GPS,gps-46826,46826,2026-08-06T00:14:42.000000,E-c,48,751.4420
GPS,gps-46826,46826,2026-08-06T00:14:42.000000,E-c,72,1124.7508
GPS,gps-46826,46826,2026-08-06T00:14:42.000000,E-d,1,1.6866
GPS,gps-46826,46826,2026-08-06T00:14:42.000000,E-d,6,43.4794
GPS,gps-46826,46826,2026-08-06T00:14:42.000000,E-d,12,195.6989
GPS,gps-46826,46826,2026-08-06T00:14:42.000000,E-d,24,469.4380
GPS,gps-46826,46826,2026-08-06T00:14:42.000000,E-d,48,940.6948
GPS,gps-46826,46826,2026-08-06T00:14:42.000000,E-d,72,1412.5719
GPS,gps-46826,46826,2026-08-06T00:14:42.000000,E-e,1,0.3955
GPS,gps-46826,46826,2026-08-06T00:14:42.000000,E-e,6,3.7699
GPS,gps-46826,46826,2026-08-06T00:14:42.000000,E-e,12,4.5894
GPS,gps-46826,46826,2026-08-06T00:14:42.000000,E-e,24,5.2605
GPS,gps-46826,46826,2026-08-06T00:14:42.000000,E-e,48,6.3146
GPS,gps-46826,46826,2026-08-06T00:14:42.000000,E-e,72,32.7553
GPS,gps-46826,46826,2026-08-06T00:14:42.000000,E-f,1,0.3934
GPS,gps-46826,46826,2026-08-06T00:14:42.000000,E-f,6,3.5956
GPS,gps-46826,46826,2026-08-06T00:14:42.000000,E-f,12,4.1809
GPS,gps-46826,46826,2026-08-06T00:14:42.000000,E-f,24,4.3841
GPS,gps-46826,46826,2026-08-06T00:14:42.000000,E-f,48,8.3282
GPS,gps-46826,46826,2026-08-06T00:14:42.000000,E-f,72,36.4920
GPS,gps-46826,46826,2026-08-10T00:14:42.000000,E-a,1,376.9448
GPS,gps-46826,46826,2026-08-10T00:14:42.000000,E-a,6,4697.3210
GPS,gps-46826,46826,2026-08-10T00:14:42.000000,E-a,12,10757.2166
GPS,gps-46826,46826,2026-08-10T00:14:42.000000,E-a,24,21461.3943
GPS,gps-46826,46826,2026-08-10T00:14:42.000000,E-a,48,43287.1447
GPS,gps-46826,46826,2026-08-10T00:14:42.000000,E-a,72,65970.1918
GPS,gps-46826,46826,2026-08-10T00:14:42.000000,E-b,1,22.2352
GPS,gps-46826,46826,2026-08-10T00:14:42.000000,E-b,6,859.4411
GPS,gps-46826,46826,2026-08-10T00:14:42.000000,E-b,12,1827.0860
GPS,gps-46826,46826,2026-08-10T00:14:42.000000,E-b,24,3731.4482
GPS,gps-46826,46826,2026-08-10T00:14:42.000000,E-b,48,7197.6209
GPS,gps-46826,46826,2026-08-10T00:14:42.000000,E-b,72,9953.1373
GPS,gps-46826,46826,2026-08-10T00:14:42.000000,E-c,1,1.1835
GPS,gps-46826,46826,2026-08-10T00:14:42.000000,E-c,6,41.5546
GPS,gps-46826,46826,2026-08-10T00:14:42.000000,E-c,12,119.5922
GPS,gps-46826,46826,2026-08-10T00:14:42.000000,E-c,24,314.2437
GPS,gps-46826,46826,2026-08-10T00:14:42.000000,E-c,48,625.6251
GPS,gps-46826,46826,2026-08-10T00:14:42.000000,E-c,72,933.8621
GPS,gps-46826,46826,2026-08-10T00:14:42.000000,E-d,1,1.6191
GPS,gps-46826,46826,2026-08-10T00:14:42.000000,E-d,6,40.2225
GPS,gps-46826,46826,2026-08-10T00:14:42.000000,E-d,12,172.7300
GPS,gps-46826,46826,2026-08-10T00:14:42.000000,E-d,24,421.3450
GPS,gps-46826,46826,2026-08-10T00:14:42.000000,E-d,48,842.6498
GPS,gps-46826,46826,2026-08-10T00:14:42.000000,E-d,72,1263.6244
GPS,gps-46826,46826,2026-08-10T00:14:42.000000,E-e,1,0.5633
GPS,gps-46826,46826,2026-08-10T00:14:42.000000,E-e,6,11.4437
GPS,gps-46826,46826,2026-08-10T00:14:42.000000,E-e,12,19.0055
GPS,gps-46826,46826,2026-08-10T00:14:42.000000,E-e,24,33.7857
GPS,gps-46826,46826,2026-08-10T00:14:42.000000,E-e,48,51.6802
GPS,gps-46826,46826,2026-08-10T00:14:42.000000,E-e,72,53.4436
GPS,gps-46826,46826,2026-08-10T00:14:42.000000,E-f,1,0.5604
GPS,gps-46826,46826,2026-08-10T00:14:42.000000,E-f,6,11.0234
GPS,gps-46826,46826,2026-08-10T00:14:42.000000,E-f,12,18.1876
GPS,gps-46826,46826,2026-08-10T00:14:42.000000,E-f,24,32.1336
GPS,gps-46826,46826,2026-08-10T00:14:42.000000,E-f,48,48.4242
GPS,gps-46826,46826,2026-08-10T00:14:42.000000,E-f,72,48.8396
GPS,gps-48859,48859,2026-08-02T00:14:42.000000,E-a,1,431.7457
GPS,gps-48859,48859,2026-08-02T00:14:42.000000,E-a,6,9643.2639
GPS,gps-48859,48859,2026-08-02T00:14:42.000000,E-a,12,18362.7991
GPS,gps-48859,48859,2026-08-02T00:14:42.000000,E-a,24,36780.8669
GPS,gps-48859,48859,2026-08-02T00:14:42.000000,E-a,48,73548.2658
GPS,gps-48859,48859,2026-08-02T00:14:42.000000,E-a,72,110362.6379
GPS,gps-48859,48859,2026-08-02T00:14:42.000000,E-b,1,20.1683
GPS,gps-48859,48859,2026-08-02T00:14:42.000000,E-b,6,1594.0215
GPS,gps-48859,48859,2026-08-02T00:14:42.000000,E-b,12,2599.6735
GPS,gps-48859,48859,2026-08-02T00:14:42.000000,E-b,24,5238.0488
GPS,gps-48859,48859,2026-08-02T00:14:42.000000,E-b,48,10383.4858
GPS,gps-48859,48859,2026-08-02T00:14:42.000000,E-b,72,15468.6434
GPS,gps-48859,48859,2026-08-02T00:14:42.000000,E-c,1,1.1324
GPS,gps-48859,48859,2026-08-02T00:14:42.000000,E-c,6,51.5686
GPS,gps-48859,48859,2026-08-02T00:14:42.000000,E-c,12,162.6444
GPS,gps-48859,48859,2026-08-02T00:14:42.000000,E-c,24,412.5967
GPS,gps-48859,48859,2026-08-02T00:14:42.000000,E-c,48,932.7452
GPS,gps-48859,48859,2026-08-02T00:14:42.000000,E-c,72,1560.2160
GPS,gps-48859,48859,2026-08-02T00:14:42.000000,E-d,1,1.4427
GPS,gps-48859,48859,2026-08-02T00:14:42.000000,E-d,6,22.0526
GPS,gps-48859,48859,2026-08-02T00:14:42.000000,E-d,12,94.1040
GPS,gps-48859,48859,2026-08-02T00:14:42.000000,E-d,24,276.2662
GPS,gps-48859,48859,2026-08-02T00:14:42.000000,E-d,48,656.1941
GPS,gps-48859,48859,2026-08-02T00:14:42.000000,E-d,72,1139.1657
GPS,gps-48859,48859,2026-08-02T00:14:42.000000,E-e,1,0.1876
GPS,gps-48859,48859,2026-08-02T00:14:42.000000,E-e,6,0.0741
GPS,gps-48859,48859,2026-08-02T00:14:42.000000,E-e,12,1.6573
GPS,gps-48859,48859,2026-08-02T00:14:42.000000,E-e,24,4.3171
GPS,gps-48859,48859,2026-08-02T00:14:42.000000,E-e,48,12.3864
GPS,gps-48859,48859,2026-08-02T00:14:42.000000,E-e,72,23.6774
GPS,gps-48859,48859,2026-08-02T00:14:42.000000,E-f,1,0.1876
GPS,gps-48859,48859,2026-08-02T00:14:42.000000,E-f,6,0.2305
GPS,gps-48859,48859,2026-08-02T00:14:42.000000,E-f,12,1.3516
GPS,gps-48859,48859,2026-08-02T00:14:42.000000,E-f,24,3.6731
GPS,gps-48859,48859,2026-08-02T00:14:42.000000,E-f,48,10.9935
GPS,gps-48859,48859,2026-08-02T00:14:42.000000,E-f,72,21.4638
GPS,gps-48859,48859,2026-08-06T00:14:42.000000,E-a,1,411.1564
GPS,gps-48859,48859,2026-08-06T00:14:42.000000,E-a,6,6606.8509
GPS,gps-48859,48859,2026-08-06T00:14:42.000000,E-a,12,15020.0272
GPS,gps-48859,48859,2026-08-06T00:14:42.000000,E-a,24,30180.9802
GPS,gps-48859,48859,2026-08-06T00:14:42.000000,E-a,48,60740.7335
GPS,gps-48859,48859,2026-08-06T00:14:42.000000,E-a,72,91779.9472
GPS,gps-48859,48859,2026-08-06T00:14:42.000000,E-b,1,16.7998
GPS,gps-48859,48859,2026-08-06T00:14:42.000000,E-b,6,270.9283
GPS,gps-48859,48859,2026-08-06T00:14:42.000000,E-b,12,620.8851
GPS,gps-48859,48859,2026-08-06T00:14:42.000000,E-b,24,1323.6418
GPS,gps-48859,48859,2026-08-06T00:14:42.000000,E-b,48,2818.6917
GPS,gps-48859,48859,2026-08-06T00:14:42.000000,E-b,72,4607.7558
GPS,gps-48859,48859,2026-08-06T00:14:42.000000,E-c,1,1.3755
GPS,gps-48859,48859,2026-08-06T00:14:42.000000,E-c,6,70.6503
GPS,gps-48859,48859,2026-08-06T00:14:42.000000,E-c,12,136.2091
GPS,gps-48859,48859,2026-08-06T00:14:42.000000,E-c,24,357.6789
GPS,gps-48859,48859,2026-08-06T00:14:42.000000,E-c,48,820.2800
GPS,gps-48859,48859,2026-08-06T00:14:42.000000,E-c,72,1388.2574
GPS,gps-48859,48859,2026-08-06T00:14:42.000000,E-d,1,1.4085
GPS,gps-48859,48859,2026-08-06T00:14:42.000000,E-d,6,41.3106
GPS,gps-48859,48859,2026-08-06T00:14:42.000000,E-d,12,58.2159
GPS,gps-48859,48859,2026-08-06T00:14:42.000000,E-d,24,202.4876
GPS,gps-48859,48859,2026-08-06T00:14:42.000000,E-d,48,506.4403
GPS,gps-48859,48859,2026-08-06T00:14:42.000000,E-d,72,911.8640
GPS,gps-48859,48859,2026-08-06T00:14:42.000000,E-e,1,0.3433
GPS,gps-48859,48859,2026-08-06T00:14:42.000000,E-e,6,6.1692
GPS,gps-48859,48859,2026-08-06T00:14:42.000000,E-e,12,9.0367
GPS,gps-48859,48859,2026-08-06T00:14:42.000000,E-e,24,17.4172
GPS,gps-48859,48859,2026-08-06T00:14:42.000000,E-e,48,32.6016
GPS,gps-48859,48859,2026-08-06T00:14:42.000000,E-e,72,45.5809
GPS,gps-48859,48859,2026-08-06T00:14:42.000000,E-f,1,0.3430
GPS,gps-48859,48859,2026-08-06T00:14:42.000000,E-f,6,6.1960
GPS,gps-48859,48859,2026-08-06T00:14:42.000000,E-f,12,9.0538
GPS,gps-48859,48859,2026-08-06T00:14:42.000000,E-f,24,17.4461
GPS,gps-48859,48859,2026-08-06T00:14:42.000000,E-f,48,32.6138
GPS,gps-48859,48859,2026-08-06T00:14:42.000000,E-f,72,45.4843
GPS,gps-48859,48859,2026-08-10T00:14:42.000000,E-a,1,400.0246
GPS,gps-48859,48859,2026-08-10T00:14:42.000000,E-a,6,5479.8915
GPS,gps-48859,48859,2026-08-10T00:14:42.000000,E-a,12,11661.6010
GPS,gps-48859,48859,2026-08-10T00:14:42.000000,E-a,24,23516.8199
GPS,gps-48859,48859,2026-08-10T00:14:42.000000,E-a,48,47547.5860
GPS,gps-48859,48859,2026-08-10T00:14:42.000000,E-a,72,72010.6648
GPS,gps-48859,48859,2026-08-10T00:14:42.000000,E-b,1,44.7331
GPS,gps-48859,48859,2026-08-10T00:14:42.000000,E-b,6,712.5008
GPS,gps-48859,48859,2026-08-10T00:14:42.000000,E-b,12,423.5915
GPS,gps-48859,48859,2026-08-10T00:14:42.000000,E-b,24,712.2463
GPS,gps-48859,48859,2026-08-10T00:14:42.000000,E-b,48,1155.8093
GPS,gps-48859,48859,2026-08-10T00:14:42.000000,E-b,72,1444.6736
GPS,gps-48859,48859,2026-08-10T00:14:42.000000,E-c,1,2.0323
GPS,gps-48859,48859,2026-08-10T00:14:42.000000,E-c,6,84.9142
GPS,gps-48859,48859,2026-08-10T00:14:42.000000,E-c,12,114.6328
GPS,gps-48859,48859,2026-08-10T00:14:42.000000,E-c,24,311.6075
GPS,gps-48859,48859,2026-08-10T00:14:42.000000,E-c,48,725.1785
GPS,gps-48859,48859,2026-08-10T00:14:42.000000,E-c,72,1240.9536
GPS,gps-48859,48859,2026-08-10T00:14:42.000000,E-d,1,1.8984
GPS,gps-48859,48859,2026-08-10T00:14:42.000000,E-d,6,57.5006
GPS,gps-48859,48859,2026-08-10T00:14:42.000000,E-d,12,28.2282
GPS,gps-48859,48859,2026-08-10T00:14:42.000000,E-d,24,138.7640
GPS,gps-48859,48859,2026-08-10T00:14:42.000000,E-d,48,376.3490
GPS,gps-48859,48859,2026-08-10T00:14:42.000000,E-d,72,712.5105
GPS,gps-48859,48859,2026-08-10T00:14:42.000000,E-e,1,0.5352
GPS,gps-48859,48859,2026-08-10T00:14:42.000000,E-e,6,6.9255
GPS,gps-48859,48859,2026-08-10T00:14:42.000000,E-e,12,10.6245
GPS,gps-48859,48859,2026-08-10T00:14:42.000000,E-e,24,21.9180
GPS,gps-48859,48859,2026-08-10T00:14:42.000000,E-e,48,43.6477
GPS,gps-48859,48859,2026-08-10T00:14:42.000000,E-e,72,65.4722
GPS,gps-48859,48859,2026-08-10T00:14:42.000000,E-f,1,0.5337
GPS,gps-48859,48859,2026-08-10T00:14:42.000000,E-f,6,6.6442
GPS,gps-48859,48859,2026-08-10T00:14:42.000000,E-f,12,10.1763
GPS,gps-48859,48859,2026-08-10T00:14:42.000000,E-f,24,20.9965
GPS,gps-48859,48859,2026-08-10T00:14:42.000000,E-f,48,41.7327
GPS,gps-48859,48859,2026-08-10T00:14:42.000000,E-f,72,62.5527
GPS,gps-55268,55268,2026-08-02T00:14:42.000000,E-a,1,303.0014
GPS,gps-55268,55268,2026-08-02T00:14:42.000000,E-a,6,2721.5403
GPS,gps-55268,55268,2026-08-02T00:14:42.000000,E-a,12,5726.9041
GPS,gps-55268,55268,2026-08-02T00:14:42.000000,E-a,24,11640.1632
GPS,gps-55268,55268,2026-08-02T00:14:42.000000,E-a,48,24015.8629
GPS,gps-55268,55268,2026-08-02T00:14:42.000000,E-a,72,36930.1168
GPS,gps-55268,55268,2026-08-02T00:14:42.000000,E-b,1,28.6305
GPS,gps-55268,55268,2026-08-02T00:14:42.000000,E-b,6,1763.9952
GPS,gps-55268,55268,2026-08-02T00:14:42.000000,E-b,12,1341.1069
GPS,gps-55268,55268,2026-08-02T00:14:42.000000,E-b,24,2523.3645
GPS,gps-55268,55268,2026-08-02T00:14:42.000000,E-b,48,4526.2819
GPS,gps-55268,55268,2026-08-02T00:14:42.000000,E-b,72,5820.2079
GPS,gps-55268,55268,2026-08-02T00:14:42.000000,E-c,1,2.9143
GPS,gps-55268,55268,2026-08-02T00:14:42.000000,E-c,6,87.4919
GPS,gps-55268,55268,2026-08-02T00:14:42.000000,E-c,12,199.7626
GPS,gps-55268,55268,2026-08-02T00:14:42.000000,E-c,24,431.8770
GPS,gps-55268,55268,2026-08-02T00:14:42.000000,E-c,48,751.8080
GPS,gps-55268,55268,2026-08-02T00:14:42.000000,E-c,72,959.6571
GPS,gps-55268,55268,2026-08-02T00:14:42.000000,E-d,1,3.2160
GPS,gps-55268,55268,2026-08-02T00:14:42.000000,E-d,6,114.0170
GPS,gps-55268,55268,2026-08-02T00:14:42.000000,E-d,12,123.9347
GPS,gps-55268,55268,2026-08-02T00:14:42.000000,E-d,24,276.8072
GPS,gps-55268,55268,2026-08-02T00:14:42.000000,E-d,48,435.5673
GPS,gps-55268,55268,2026-08-02T00:14:42.000000,E-d,72,477.3475
GPS,gps-55268,55268,2026-08-02T00:14:42.000000,E-e,1,0.1195
GPS,gps-55268,55268,2026-08-02T00:14:42.000000,E-e,6,0.3702
GPS,gps-55268,55268,2026-08-02T00:14:42.000000,E-e,12,2.6278
GPS,gps-55268,55268,2026-08-02T00:14:42.000000,E-e,24,7.2343
GPS,gps-55268,55268,2026-08-02T00:14:42.000000,E-e,48,21.5132
GPS,gps-55268,55268,2026-08-02T00:14:42.000000,E-e,72,42.9412
GPS,gps-55268,55268,2026-08-02T00:14:42.000000,E-f,1,0.1192
GPS,gps-55268,55268,2026-08-02T00:14:42.000000,E-f,6,0.3813
GPS,gps-55268,55268,2026-08-02T00:14:42.000000,E-f,12,2.7441
GPS,gps-55268,55268,2026-08-02T00:14:42.000000,E-f,24,7.5206
GPS,gps-55268,55268,2026-08-02T00:14:42.000000,E-f,48,22.3549
GPS,gps-55268,55268,2026-08-02T00:14:42.000000,E-f,72,44.6713
GPS,gps-55268,55268,2026-08-06T00:14:42.000000,E-a,1,304.3589
GPS,gps-55268,55268,2026-08-06T00:14:42.000000,E-a,6,5294.4811
GPS,gps-55268,55268,2026-08-06T00:14:42.000000,E-a,12,7867.9787
GPS,gps-55268,55268,2026-08-06T00:14:42.000000,E-a,24,15908.3589
GPS,gps-55268,55268,2026-08-06T00:14:42.000000,E-a,48,32167.5594
GPS,gps-55268,55268,2026-08-06T00:14:42.000000,E-a,72,48379.7559
GPS,gps-55268,55268,2026-08-06T00:14:42.000000,E-b,1,17.2233
GPS,gps-55268,55268,2026-08-06T00:14:42.000000,E-b,6,231.1956
GPS,gps-55268,55268,2026-08-06T00:14:42.000000,E-b,12,1034.7697
GPS,gps-55268,55268,2026-08-06T00:14:42.000000,E-b,24,2231.7975
GPS,gps-55268,55268,2026-08-06T00:14:42.000000,E-b,48,4663.6763
GPS,gps-55268,55268,2026-08-06T00:14:42.000000,E-b,72,6776.3555
GPS,gps-55268,55268,2026-08-06T00:14:42.000000,E-c,1,2.8266
GPS,gps-55268,55268,2026-08-06T00:14:42.000000,E-c,6,86.5475
GPS,gps-55268,55268,2026-08-06T00:14:42.000000,E-c,12,208.9125
GPS,gps-55268,55268,2026-08-06T00:14:42.000000,E-c,24,451.6727
GPS,gps-55268,55268,2026-08-06T00:14:42.000000,E-c,48,790.3192
GPS,gps-55268,55268,2026-08-06T00:14:42.000000,E-c,72,1015.1422
GPS,gps-55268,55268,2026-08-06T00:14:42.000000,E-d,1,3.1572
GPS,gps-55268,55268,2026-08-06T00:14:42.000000,E-d,6,110.0551
GPS,gps-55268,55268,2026-08-06T00:14:42.000000,E-d,12,119.2109
GPS,gps-55268,55268,2026-08-06T00:14:42.000000,E-d,24,269.0347
GPS,gps-55268,55268,2026-08-06T00:14:42.000000,E-d,48,419.5485
GPS,gps-55268,55268,2026-08-06T00:14:42.000000,E-d,72,452.0891
GPS,gps-55268,55268,2026-08-06T00:14:42.000000,E-e,1,0.3740
GPS,gps-55268,55268,2026-08-06T00:14:42.000000,E-e,6,6.6180
GPS,gps-55268,55268,2026-08-06T00:14:42.000000,E-e,12,9.8590
GPS,gps-55268,55268,2026-08-06T00:14:42.000000,E-e,24,18.2259
GPS,gps-55268,55268,2026-08-06T00:14:42.000000,E-e,48,29.8470
GPS,gps-55268,55268,2026-08-06T00:14:42.000000,E-e,72,35.4382
GPS,gps-55268,55268,2026-08-06T00:14:42.000000,E-f,1,0.3717
GPS,gps-55268,55268,2026-08-06T00:14:42.000000,E-f,6,6.3557
GPS,gps-55268,55268,2026-08-06T00:14:42.000000,E-f,12,9.3030
GPS,gps-55268,55268,2026-08-06T00:14:42.000000,E-f,24,17.0688
GPS,gps-55268,55268,2026-08-06T00:14:42.000000,E-f,48,27.4424
GPS,gps-55268,55268,2026-08-06T00:14:42.000000,E-f,72,31.8971
GPS,gps-55268,55268,2026-08-10T00:14:42.000000,E-a,1,315.7800
GPS,gps-55268,55268,2026-08-10T00:14:42.000000,E-a,6,6681.5828
GPS,gps-55268,55268,2026-08-10T00:14:42.000000,E-a,12,11037.3941
GPS,gps-55268,55268,2026-08-10T00:14:42.000000,E-a,24,21891.2979
GPS,gps-55268,55268,2026-08-10T00:14:42.000000,E-a,48,42947.0881
GPS,gps-55268,55268,2026-08-10T00:14:42.000000,E-a,72,63572.7791
GPS,gps-55268,55268,2026-08-10T00:14:42.000000,E-b,1,30.9846
GPS,gps-55268,55268,2026-08-10T00:14:42.000000,E-b,6,410.3103
GPS,gps-55268,55268,2026-08-10T00:14:42.000000,E-b,12,1211.3839
GPS,gps-55268,55268,2026-08-10T00:14:42.000000,E-b,24,2136.1220
GPS,gps-55268,55268,2026-08-10T00:14:42.000000,E-b,48,2921.4267
GPS,gps-55268,55268,2026-08-10T00:14:42.000000,E-b,72,2703.6995
GPS,gps-55268,55268,2026-08-10T00:14:42.000000,E-c,1,2.6890
GPS,gps-55268,55268,2026-08-10T00:14:42.000000,E-c,6,90.6124
GPS,gps-55268,55268,2026-08-10T00:14:42.000000,E-c,12,224.2994
GPS,gps-55268,55268,2026-08-10T00:14:42.000000,E-c,24,484.6704
GPS,gps-55268,55268,2026-08-10T00:14:42.000000,E-c,48,854.7956
GPS,gps-55268,55268,2026-08-10T00:14:42.000000,E-c,72,1108.8843
GPS,gps-55268,55268,2026-08-10T00:14:42.000000,E-d,1,3.1003
GPS,gps-55268,55268,2026-08-10T00:14:42.000000,E-d,6,110.3137
GPS,gps-55268,55268,2026-08-10T00:14:42.000000,E-d,12,121.7733
GPS,gps-55268,55268,2026-08-10T00:14:42.000000,E-d,24,276.6196
GPS,gps-55268,55268,2026-08-10T00:14:42.000000,E-d,48,433.6038
GPS,gps-55268,55268,2026-08-10T00:14:42.000000,E-d,72,470.9112
GPS,gps-55268,55268,2026-08-10T00:14:42.000000,E-e,1,0.3140
GPS,gps-55268,55268,2026-08-10T00:14:42.000000,E-e,6,6.4655
GPS,gps-55268,55268,2026-08-10T00:14:42.000000,E-e,12,9.7646
GPS,gps-55268,55268,2026-08-10T00:14:42.000000,E-e,24,17.8102
GPS,gps-55268,55268,2026-08-10T00:14:42.000000,E-e,48,30.2631
GPS,gps-55268,55268,2026-08-10T00:14:42.000000,E-e,72,38.3550
GPS,gps-55268,55268,2026-08-10T00:14:42.000000,E-f,1,0.3118
GPS,gps-55268,55268,2026-08-10T00:14:42.000000,E-f,6,6.4325
GPS,gps-55268,55268,2026-08-10T00:14:42.000000,E-f,12,9.6680
GPS,gps-55268,55268,2026-08-10T00:14:42.000000,E-f,24,17.7228
GPS,gps-55268,55268,2026-08-10T00:14:42.000000,E-f,48,30.5003
GPS,gps-55268,55268,2026-08-10T00:14:42.000000,E-f,72,39.2072
GPS,gps-62339,62339,2026-08-02T00:14:42.000000,E-a,1,327.2459
GPS,gps-62339,62339,2026-08-02T00:14:42.000000,E-a,6,3025.0617
GPS,gps-62339,62339,2026-08-02T00:14:42.000000,E-a,12,6737.8541
GPS,gps-62339,62339,2026-08-02T00:14:42.000000,E-a,24,13380.9689
GPS,gps-62339,62339,2026-08-02T00:14:42.000000,E-a,48,26378.9257
GPS,gps-62339,62339,2026-08-02T00:14:42.000000,E-a,72,39038.2140
GPS,gps-62339,62339,2026-08-02T00:14:42.000000,E-b,1,24.6728
GPS,gps-62339,62339,2026-08-02T00:14:42.000000,E-b,6,664.8404
GPS,gps-62339,62339,2026-08-02T00:14:42.000000,E-b,12,764.9106
GPS,gps-62339,62339,2026-08-02T00:14:42.000000,E-b,24,1438.9321
GPS,gps-62339,62339,2026-08-02T00:14:42.000000,E-b,48,2597.2171
GPS,gps-62339,62339,2026-08-02T00:14:42.000000,E-b,72,3470.3510
GPS,gps-62339,62339,2026-08-02T00:14:42.000000,E-c,1,1.3283
GPS,gps-62339,62339,2026-08-02T00:14:42.000000,E-c,6,74.7584
GPS,gps-62339,62339,2026-08-02T00:14:42.000000,E-c,12,233.3119
GPS,gps-62339,62339,2026-08-02T00:14:42.000000,E-c,24,430.4643
GPS,gps-62339,62339,2026-08-02T00:14:42.000000,E-c,48,822.3103
GPS,gps-62339,62339,2026-08-02T00:14:42.000000,E-c,72,1174.5699
GPS,gps-62339,62339,2026-08-02T00:14:42.000000,E-d,1,1.5942
GPS,gps-62339,62339,2026-08-02T00:14:42.000000,E-d,6,39.9063
GPS,gps-62339,62339,2026-08-02T00:14:42.000000,E-d,12,179.0408
GPS,gps-62339,62339,2026-08-02T00:14:42.000000,E-d,24,327.3751
GPS,gps-62339,62339,2026-08-02T00:14:42.000000,E-d,48,622.8377
GPS,gps-62339,62339,2026-08-02T00:14:42.000000,E-d,72,885.4811
GPS,gps-62339,62339,2026-08-02T00:14:42.000000,E-e,1,0.1142
GPS,gps-62339,62339,2026-08-02T00:14:42.000000,E-e,6,0.7509
GPS,gps-62339,62339,2026-08-02T00:14:42.000000,E-e,12,1.7945
GPS,gps-62339,62339,2026-08-02T00:14:42.000000,E-e,24,4.4584
GPS,gps-62339,62339,2026-08-02T00:14:42.000000,E-e,48,12.1741
GPS,gps-62339,62339,2026-08-02T00:14:42.000000,E-e,72,22.7734
GPS,gps-62339,62339,2026-08-02T00:14:42.000000,E-f,1,0.1127
GPS,gps-62339,62339,2026-08-02T00:14:42.000000,E-f,6,0.8057
GPS,gps-62339,62339,2026-08-02T00:14:42.000000,E-f,12,1.9826
GPS,gps-62339,62339,2026-08-02T00:14:42.000000,E-f,24,4.8240
GPS,gps-62339,62339,2026-08-02T00:14:42.000000,E-f,48,12.8444
GPS,gps-62339,62339,2026-08-02T00:14:42.000000,E-f,72,23.6794
GPS,gps-62339,62339,2026-08-06T00:14:42.000000,E-a,1,356.3287
GPS,gps-62339,62339,2026-08-06T00:14:42.000000,E-a,6,3655.0699
GPS,gps-62339,62339,2026-08-06T00:14:42.000000,E-a,12,5326.6623
GPS,gps-62339,62339,2026-08-06T00:14:42.000000,E-a,24,10500.1896
GPS,gps-62339,62339,2026-08-06T00:14:42.000000,E-a,48,20377.5863
GPS,gps-62339,62339,2026-08-06T00:14:42.000000,E-a,72,29521.6194
GPS,gps-62339,62339,2026-08-06T00:14:42.000000,E-b,1,22.5310
GPS,gps-62339,62339,2026-08-06T00:14:42.000000,E-b,6,270.6200
GPS,gps-62339,62339,2026-08-06T00:14:42.000000,E-b,12,298.2258
GPS,gps-62339,62339,2026-08-06T00:14:42.000000,E-b,24,612.8636
GPS,gps-62339,62339,2026-08-06T00:14:42.000000,E-b,48,1400.1587
GPS,gps-62339,62339,2026-08-06T00:14:42.000000,E-b,72,2381.5252
GPS,gps-62339,62339,2026-08-06T00:14:42.000000,E-c,1,1.3488
GPS,gps-62339,62339,2026-08-06T00:14:42.000000,E-c,6,78.8928
GPS,gps-62339,62339,2026-08-06T00:14:42.000000,E-c,12,235.9177
GPS,gps-62339,62339,2026-08-06T00:14:42.000000,E-c,24,440.4524
GPS,gps-62339,62339,2026-08-06T00:14:42.000000,E-c,48,839.4842
GPS,gps-62339,62339,2026-08-06T00:14:42.000000,E-c,72,1196.5389
GPS,gps-62339,62339,2026-08-06T00:14:42.000000,E-d,1,1.5863
GPS,gps-62339,62339,2026-08-06T00:14:42.000000,E-d,6,43.3098
GPS,gps-62339,62339,2026-08-06T00:14:42.000000,E-d,12,191.6901
GPS,gps-62339,62339,2026-08-06T00:14:42.000000,E-d,24,357.0103
GPS,gps-62339,62339,2026-08-06T00:14:42.000000,E-d,48,679.2528
GPS,gps-62339,62339,2026-08-06T00:14:42.000000,E-d,72,966.1935
GPS,gps-62339,62339,2026-08-06T00:14:42.000000,E-e,1,0.3060
GPS,gps-62339,62339,2026-08-06T00:14:42.000000,E-e,6,4.4471
GPS,gps-62339,62339,2026-08-06T00:14:42.000000,E-e,12,7.7799
GPS,gps-62339,62339,2026-08-06T00:14:42.000000,E-e,24,14.8952
GPS,gps-62339,62339,2026-08-06T00:14:42.000000,E-e,48,27.7540
GPS,gps-62339,62339,2026-08-06T00:14:42.000000,E-e,72,38.5657
GPS,gps-62339,62339,2026-08-06T00:14:42.000000,E-f,1,0.3035
GPS,gps-62339,62339,2026-08-06T00:14:42.000000,E-f,6,4.3740
GPS,gps-62339,62339,2026-08-06T00:14:42.000000,E-f,12,7.6581
GPS,gps-62339,62339,2026-08-06T00:14:42.000000,E-f,24,14.6491
GPS,gps-62339,62339,2026-08-06T00:14:42.000000,E-f,48,27.2238
GPS,gps-62339,62339,2026-08-06T00:14:42.000000,E-f,72,37.6676
GPS,gps-62339,62339,2026-08-10T00:14:42.000000,E-a,1,371.3612
GPS,gps-62339,62339,2026-08-10T00:14:42.000000,E-a,6,6814.6424
GPS,gps-62339,62339,2026-08-10T00:14:42.000000,E-a,12,8912.7583
GPS,gps-62339,62339,2026-08-10T00:14:42.000000,E-a,24,17708.8300
GPS,gps-62339,62339,2026-08-10T00:14:42.000000,E-a,48,34951.6043
GPS,gps-62339,62339,2026-08-10T00:14:42.000000,E-a,72,51607.6124
GPS,gps-62339,62339,2026-08-10T00:14:42.000000,E-b,1,21.0767
GPS,gps-62339,62339,2026-08-10T00:14:42.000000,E-b,6,1969.1087
GPS,gps-62339,62339,2026-08-10T00:14:42.000000,E-b,12,3049.2465
GPS,gps-62339,62339,2026-08-10T00:14:42.000000,E-b,24,6125.8103
GPS,gps-62339,62339,2026-08-10T00:14:42.000000,E-b,48,12352.9201
GPS,gps-62339,62339,2026-08-10T00:14:42.000000,E-b,72,18530.8463
GPS,gps-62339,62339,2026-08-10T00:14:42.000000,E-c,1,1.3077
GPS,gps-62339,62339,2026-08-10T00:14:42.000000,E-c,6,85.4670
GPS,gps-62339,62339,2026-08-10T00:14:42.000000,E-c,12,240.3258
GPS,gps-62339,62339,2026-08-10T00:14:42.000000,E-c,24,453.0321
GPS,gps-62339,62339,2026-08-10T00:14:42.000000,E-c,48,861.2397
GPS,gps-62339,62339,2026-08-10T00:14:42.000000,E-c,72,1224.1123
GPS,gps-62339,62339,2026-08-10T00:14:42.000000,E-d,1,1.4532
GPS,gps-62339,62339,2026-08-10T00:14:42.000000,E-d,6,49.4094
GPS,gps-62339,62339,2026-08-10T00:14:42.000000,E-d,12,206.4908
GPS,gps-62339,62339,2026-08-10T00:14:42.000000,E-d,24,390.0358
GPS,gps-62339,62339,2026-08-10T00:14:42.000000,E-d,48,741.8599
GPS,gps-62339,62339,2026-08-10T00:14:42.000000,E-d,72,1054.9526
GPS,gps-62339,62339,2026-08-10T00:14:42.000000,E-e,1,0.6376
GPS,gps-62339,62339,2026-08-10T00:14:42.000000,E-e,6,5.0803
GPS,gps-62339,62339,2026-08-10T00:14:42.000000,E-e,12,9.9420
GPS,gps-62339,62339,2026-08-10T00:14:42.000000,E-e,24,20.4004
GPS,gps-62339,62339,2026-08-10T00:14:42.000000,E-e,48,40.5034
GPS,gps-62339,62339,2026-08-10T00:14:42.000000,E-e,72,60.1910
GPS,gps-62339,62339,2026-08-10T00:14:42.000000,E-f,1,0.6390
GPS,gps-62339,62339,2026-08-10T00:14:42.000000,E-f,6,5.2353
GPS,gps-62339,62339,2026-08-10T00:14:42.000000,E-f,12,10.2459
GPS,gps-62339,62339,2026-08-10T00:14:42.000000,E-f,24,20.9847
GPS,gps-62339,62339,2026-08-10T00:14:42.000000,E-f,48,41.5974
GPS,gps-62339,62339,2026-08-10T00:14:42.000000,E-f,72,61.7772
GPS,gps-64202,64202,2026-08-02T00:14:42.000000,E-a,1,319.6087
GPS,gps-64202,64202,2026-08-02T00:14:42.000000,E-a,6,3426.0998
GPS,gps-64202,64202,2026-08-02T00:14:42.000000,E-a,12,6159.1168
GPS,gps-64202,64202,2026-08-02T00:14:42.000000,E-a,24,12082.1992
GPS,gps-64202,64202,2026-08-02T00:14:42.000000,E-a,48,23220.5863
GPS,gps-64202,64202,2026-08-02T00:14:42.000000,E-a,72,33346.8145
GPS,gps-64202,64202,2026-08-02T00:14:42.000000,E-b,1,15.6062
GPS,gps-64202,64202,2026-08-02T00:14:42.000000,E-b,6,689.6817
GPS,gps-64202,64202,2026-08-02T00:14:42.000000,E-b,12,1478.6187
GPS,gps-64202,64202,2026-08-02T00:14:42.000000,E-b,24,3003.9023
GPS,gps-64202,64202,2026-08-02T00:14:42.000000,E-b,48,6347.0810
GPS,gps-64202,64202,2026-08-02T00:14:42.000000,E-b,72,10032.2231
GPS,gps-64202,64202,2026-08-02T00:14:42.000000,E-c,1,1.9462
GPS,gps-64202,64202,2026-08-02T00:14:42.000000,E-c,6,35.9530
GPS,gps-64202,64202,2026-08-02T00:14:42.000000,E-c,12,42.2880
GPS,gps-64202,64202,2026-08-02T00:14:42.000000,E-c,24,85.9267
GPS,gps-64202,64202,2026-08-02T00:14:42.000000,E-c,48,291.2845
GPS,gps-64202,64202,2026-08-02T00:14:42.000000,E-c,72,618.5665
GPS,gps-64202,64202,2026-08-02T00:14:42.000000,E-d,1,2.4288
GPS,gps-64202,64202,2026-08-02T00:14:42.000000,E-d,6,63.0247
GPS,gps-64202,64202,2026-08-02T00:14:42.000000,E-d,12,22.5529
GPS,gps-64202,64202,2026-08-02T00:14:42.000000,E-d,24,26.6400
GPS,gps-64202,64202,2026-08-02T00:14:42.000000,E-d,48,101.3560
GPS,gps-64202,64202,2026-08-02T00:14:42.000000,E-d,72,319.2617
GPS,gps-64202,64202,2026-08-02T00:14:42.000000,E-e,1,0.1627
GPS,gps-64202,64202,2026-08-02T00:14:42.000000,E-e,6,2.2935
GPS,gps-64202,64202,2026-08-02T00:14:42.000000,E-e,12,1.1654
GPS,gps-64202,64202,2026-08-02T00:14:42.000000,E-e,24,3.0175
GPS,gps-64202,64202,2026-08-02T00:14:42.000000,E-e,48,15.0030
GPS,gps-64202,64202,2026-08-02T00:14:42.000000,E-e,72,37.1703
GPS,gps-64202,64202,2026-08-02T00:14:42.000000,E-f,1,0.1630
GPS,gps-64202,64202,2026-08-02T00:14:42.000000,E-f,6,2.5252
GPS,gps-64202,64202,2026-08-02T00:14:42.000000,E-f,12,1.3093
GPS,gps-64202,64202,2026-08-02T00:14:42.000000,E-f,24,2.5622
GPS,gps-64202,64202,2026-08-02T00:14:42.000000,E-f,48,13.6697
GPS,gps-64202,64202,2026-08-02T00:14:42.000000,E-f,72,35.2779
GPS,gps-64202,64202,2026-08-06T00:14:42.000000,E-a,1,376.5978
GPS,gps-64202,64202,2026-08-06T00:14:42.000000,E-a,6,3756.7603
GPS,gps-64202,64202,2026-08-06T00:14:42.000000,E-a,12,5409.9514
GPS,gps-64202,64202,2026-08-06T00:14:42.000000,E-a,24,10595.6229
GPS,gps-64202,64202,2026-08-06T00:14:42.000000,E-a,48,20401.6929
GPS,gps-64202,64202,2026-08-06T00:14:42.000000,E-a,72,29433.9173
GPS,gps-64202,64202,2026-08-06T00:14:42.000000,E-b,1,23.0658
GPS,gps-64202,64202,2026-08-06T00:14:42.000000,E-b,6,662.1748
GPS,gps-64202,64202,2026-08-06T00:14:42.000000,E-b,12,261.1066
GPS,gps-64202,64202,2026-08-06T00:14:42.000000,E-b,24,473.6967
GPS,gps-64202,64202,2026-08-06T00:14:42.000000,E-b,48,815.8340
GPS,gps-64202,64202,2026-08-06T00:14:42.000000,E-b,72,1197.9975
GPS,gps-64202,64202,2026-08-06T00:14:42.000000,E-c,1,1.4373
GPS,gps-64202,64202,2026-08-06T00:14:42.000000,E-c,6,19.0442
GPS,gps-64202,64202,2026-08-06T00:14:42.000000,E-c,12,12.9641
GPS,gps-64202,64202,2026-08-06T00:14:42.000000,E-c,24,35.2085
GPS,gps-64202,64202,2026-08-06T00:14:42.000000,E-c,48,166.8333
GPS,gps-64202,64202,2026-08-06T00:14:42.000000,E-c,72,427.2930
GPS,gps-64202,64202,2026-08-06T00:14:42.000000,E-d,1,1.9112
GPS,gps-64202,64202,2026-08-06T00:14:42.000000,E-d,6,41.7986
GPS,gps-64202,64202,2026-08-06T00:14:42.000000,E-d,12,50.2935
GPS,gps-64202,64202,2026-08-06T00:14:42.000000,E-d,24,92.5986
GPS,gps-64202,64202,2026-08-06T00:14:42.000000,E-d,48,70.2731
GPS,gps-64202,64202,2026-08-06T00:14:42.000000,E-d,72,88.9222
GPS,gps-64202,64202,2026-08-06T00:14:42.000000,E-e,1,0.2228
GPS,gps-64202,64202,2026-08-06T00:14:42.000000,E-e,6,2.1070
GPS,gps-64202,64202,2026-08-06T00:14:42.000000,E-e,12,1.2143
GPS,gps-64202,64202,2026-08-06T00:14:42.000000,E-e,24,4.2419
GPS,gps-64202,64202,2026-08-06T00:14:42.000000,E-e,48,17.7313
GPS,gps-64202,64202,2026-08-06T00:14:42.000000,E-e,72,41.6169
GPS,gps-64202,64202,2026-08-06T00:14:42.000000,E-f,1,0.2211
GPS,gps-64202,64202,2026-08-06T00:14:42.000000,E-f,6,2.0125
GPS,gps-64202,64202,2026-08-06T00:14:42.000000,E-f,12,1.3289
GPS,gps-64202,64202,2026-08-06T00:14:42.000000,E-f,24,4.6708
GPS,gps-64202,64202,2026-08-06T00:14:42.000000,E-f,48,18.6772
GPS,gps-64202,64202,2026-08-06T00:14:42.000000,E-f,72,42.9732
GPS,gps-64202,64202,2026-08-10T00:14:42.000000,E-a,1,433.3500
GPS,gps-64202,64202,2026-08-10T00:14:42.000000,E-a,6,6185.8558
GPS,gps-64202,64202,2026-08-10T00:14:42.000000,E-a,12,7260.3230
GPS,gps-64202,64202,2026-08-10T00:14:42.000000,E-a,24,14350.6538
GPS,gps-64202,64202,2026-08-10T00:14:42.000000,E-a,48,28164.4291
GPS,gps-64202,64202,2026-08-10T00:14:42.000000,E-a,72,41515.4395
GPS,gps-64202,64202,2026-08-10T00:14:42.000000,E-b,1,41.4630
GPS,gps-64202,64202,2026-08-10T00:14:42.000000,E-b,6,489.8513
GPS,gps-64202,64202,2026-08-10T00:14:42.000000,E-b,12,920.0793
GPS,gps-64202,64202,2026-08-10T00:14:42.000000,E-b,24,1926.5137
GPS,gps-64202,64202,2026-08-10T00:14:42.000000,E-b,48,4098.1919
GPS,gps-64202,64202,2026-08-10T00:14:42.000000,E-b,72,6387.2934
GPS,gps-64202,64202,2026-08-10T00:14:42.000000,E-c,1,0.9205
GPS,gps-64202,64202,2026-08-10T00:14:42.000000,E-c,6,26.0972
GPS,gps-64202,64202,2026-08-10T00:14:42.000000,E-c,12,44.0252
GPS,gps-64202,64202,2026-08-10T00:14:42.000000,E-c,24,86.0790
GPS,gps-64202,64202,2026-08-10T00:14:42.000000,E-c,48,84.1545
GPS,gps-64202,64202,2026-08-10T00:14:42.000000,E-c,72,186.6007
GPS,gps-64202,64202,2026-08-10T00:14:42.000000,E-d,1,1.4028
GPS,gps-64202,64202,2026-08-10T00:14:42.000000,E-d,6,22.1347
GPS,gps-64202,64202,2026-08-10T00:14:42.000000,E-d,12,101.4346
GPS,gps-64202,64202,2026-08-10T00:14:42.000000,E-d,24,195.4893
GPS,gps-64202,64202,2026-08-10T00:14:42.000000,E-d,48,271.3535
GPS,gps-64202,64202,2026-08-10T00:14:42.000000,E-d,72,227.2784
GPS,gps-64202,64202,2026-08-10T00:14:42.000000,E-e,1,0.5392
GPS,gps-64202,64202,2026-08-10T00:14:42.000000,E-e,6,9.7917
GPS,gps-64202,64202,2026-08-10T00:14:42.000000,E-e,12,13.8615
GPS,gps-64202,64202,2026-08-10T00:14:42.000000,E-e,24,25.7513
GPS,gps-64202,64202,2026-08-10T00:14:42.000000,E-e,48,41.0346
GPS,gps-64202,64202,2026-08-10T00:14:42.000000,E-e,72,45.9512
GPS,gps-64202,64202,2026-08-10T00:14:42.000000,E-f,1,0.5393
GPS,gps-64202,64202,2026-08-10T00:14:42.000000,E-f,6,9.6685
GPS,gps-64202,64202,2026-08-10T00:14:42.000000,E-f,12,13.7070
GPS,gps-64202,64202,2026-08-10T00:14:42.000000,E-f,24,25.4756
GPS,gps-64202,64202,2026-08-10T00:14:42.000000,E-f,48,40.5893
GPS,gps-64202,64202,2026-08-10T00:14:42.000000,E-f,72,45.3815
GPS,gps-67588,67588,2026-08-02T00:14:42.000000,E-a,1,300.3475
GPS,gps-67588,67588,2026-08-02T00:14:42.000000,E-a,6,4606.3197
GPS,gps-67588,67588,2026-08-02T00:14:42.000000,E-a,12,6558.9404
GPS,gps-67588,67588,2026-08-02T00:14:42.000000,E-a,24,13262.6216
GPS,gps-67588,67588,2026-08-02T00:14:42.000000,E-a,48,26971.3764
GPS,gps-67588,67588,2026-08-02T00:14:42.000000,E-a,72,40928.7735
GPS,gps-67588,67588,2026-08-02T00:14:42.000000,E-b,1,18.5893
GPS,gps-67588,67588,2026-08-02T00:14:42.000000,E-b,6,472.5717
GPS,gps-67588,67588,2026-08-02T00:14:42.000000,E-b,12,999.4422
GPS,gps-67588,67588,2026-08-02T00:14:42.000000,E-b,24,1832.4556
GPS,gps-67588,67588,2026-08-02T00:14:42.000000,E-b,48,3331.0831
GPS,gps-67588,67588,2026-08-02T00:14:42.000000,E-b,72,4684.5362
GPS,gps-67588,67588,2026-08-02T00:14:42.000000,E-c,1,2.0509
GPS,gps-67588,67588,2026-08-02T00:14:42.000000,E-c,6,74.9625
GPS,gps-67588,67588,2026-08-02T00:14:42.000000,E-c,12,281.5239
GPS,gps-67588,67588,2026-08-02T00:14:42.000000,E-c,24,500.8988
GPS,gps-67588,67588,2026-08-02T00:14:42.000000,E-c,48,1044.4130
GPS,gps-67588,67588,2026-08-02T00:14:42.000000,E-c,72,1629.7182
GPS,gps-67588,67588,2026-08-02T00:14:42.000000,E-d,1,2.4272
GPS,gps-67588,67588,2026-08-02T00:14:42.000000,E-d,6,109.5447
GPS,gps-67588,67588,2026-08-02T00:14:42.000000,E-d,12,267.6109
GPS,gps-67588,67588,2026-08-02T00:14:42.000000,E-d,24,472.3868
GPS,gps-67588,67588,2026-08-02T00:14:42.000000,E-d,48,980.1280
GPS,gps-67588,67588,2026-08-02T00:14:42.000000,E-d,72,1522.4990
GPS,gps-67588,67588,2026-08-02T00:14:42.000000,E-e,1,0.2099
GPS,gps-67588,67588,2026-08-02T00:14:42.000000,E-e,6,5.3778
GPS,gps-67588,67588,2026-08-02T00:14:42.000000,E-e,12,3.8915
GPS,gps-67588,67588,2026-08-02T00:14:42.000000,E-e,24,6.4232
GPS,gps-67588,67588,2026-08-02T00:14:42.000000,E-e,48,9.9121
GPS,gps-67588,67588,2026-08-02T00:14:42.000000,E-e,72,19.0776
GPS,gps-67588,67588,2026-08-02T00:14:42.000000,E-f,1,0.2127
GPS,gps-67588,67588,2026-08-02T00:14:42.000000,E-f,6,5.6541
GPS,gps-67588,67588,2026-08-02T00:14:42.000000,E-f,12,4.2950
GPS,gps-67588,67588,2026-08-02T00:14:42.000000,E-f,24,7.1408
GPS,gps-67588,67588,2026-08-02T00:14:42.000000,E-f,48,10.1310
GPS,gps-67588,67588,2026-08-02T00:14:42.000000,E-f,72,17.0468
GPS,gps-67588,67588,2026-08-06T00:14:42.000000,E-a,1,316.4346
GPS,gps-67588,67588,2026-08-06T00:14:42.000000,E-a,6,6292.6114
GPS,gps-67588,67588,2026-08-06T00:14:42.000000,E-a,12,9337.4869
GPS,gps-67588,67588,2026-08-06T00:14:42.000000,E-a,24,18647.4262
GPS,gps-67588,67588,2026-08-06T00:14:42.000000,E-a,48,37027.1023
GPS,gps-67588,67588,2026-08-06T00:14:42.000000,E-a,72,55276.5058
GPS,gps-67588,67588,2026-08-06T00:14:42.000000,E-b,1,21.8765
GPS,gps-67588,67588,2026-08-06T00:14:42.000000,E-b,6,181.3108
GPS,gps-67588,67588,2026-08-06T00:14:42.000000,E-b,12,89.3518
GPS,gps-67588,67588,2026-08-06T00:14:42.000000,E-b,24,287.7529
GPS,gps-67588,67588,2026-08-06T00:14:42.000000,E-b,48,1275.5537
GPS,gps-67588,67588,2026-08-06T00:14:42.000000,E-b,72,2942.3098
GPS,gps-67588,67588,2026-08-06T00:14:42.000000,E-c,1,2.3049
GPS,gps-67588,67588,2026-08-06T00:14:42.000000,E-c,6,80.7271
GPS,gps-67588,67588,2026-08-06T00:14:42.000000,E-c,12,274.5354
GPS,gps-67588,67588,2026-08-06T00:14:42.000000,E-c,24,486.6025
GPS,gps-67588,67588,2026-08-06T00:14:42.000000,E-c,48,1013.9677
GPS,gps-67588,67588,2026-08-06T00:14:42.000000,E-c,72,1582.0175
GPS,gps-67588,67588,2026-08-06T00:14:42.000000,E-d,1,2.7492
GPS,gps-67588,67588,2026-08-06T00:14:42.000000,E-d,6,113.6627
GPS,gps-67588,67588,2026-08-06T00:14:42.000000,E-d,12,249.6150
GPS,gps-67588,67588,2026-08-06T00:14:42.000000,E-d,24,436.2285
GPS,gps-67588,67588,2026-08-06T00:14:42.000000,E-d,48,906.2717
GPS,gps-67588,67588,2026-08-06T00:14:42.000000,E-d,72,1410.1856
GPS,gps-67588,67588,2026-08-06T00:14:42.000000,E-e,1,0.1729
GPS,gps-67588,67588,2026-08-06T00:14:42.000000,E-e,6,1.5833
GPS,gps-67588,67588,2026-08-06T00:14:42.000000,E-e,12,10.6473
GPS,gps-67588,67588,2026-08-06T00:14:42.000000,E-e,24,23.4096
GPS,gps-67588,67588,2026-08-06T00:14:42.000000,E-e,48,54.5387
GPS,gps-67588,67588,2026-08-06T00:14:42.000000,E-e,72,93.8749
GPS,gps-67588,67588,2026-08-06T00:14:42.000000,E-f,1,0.1726
GPS,gps-67588,67588,2026-08-06T00:14:42.000000,E-f,6,1.4533
GPS,gps-67588,67588,2026-08-06T00:14:42.000000,E-f,12,10.3877
GPS,gps-67588,67588,2026-08-06T00:14:42.000000,E-f,24,22.9525
GPS,gps-67588,67588,2026-08-06T00:14:42.000000,E-f,48,53.9031
GPS,gps-67588,67588,2026-08-06T00:14:42.000000,E-f,72,93.3440
GPS,gps-67588,67588,2026-08-10T00:14:42.000000,E-a,1,324.9486
GPS,gps-67588,67588,2026-08-10T00:14:42.000000,E-a,6,5973.6902
GPS,gps-67588,67588,2026-08-10T00:14:42.000000,E-a,12,11081.3328
GPS,gps-67588,67588,2026-08-10T00:14:42.000000,E-a,24,22352.9576
GPS,gps-67588,67588,2026-08-10T00:14:42.000000,E-a,48,45422.7425
GPS,gps-67588,67588,2026-08-10T00:14:42.000000,E-a,72,69396.9595
GPS,gps-67588,67588,2026-08-10T00:14:42.000000,E-b,1,35.5873
GPS,gps-67588,67588,2026-08-10T00:14:42.000000,E-b,6,2344.5566
GPS,gps-67588,67588,2026-08-10T00:14:42.000000,E-b,12,2051.5870
GPS,gps-67588,67588,2026-08-10T00:14:42.000000,E-b,24,4026.4867
GPS,gps-67588,67588,2026-08-10T00:14:42.000000,E-b,48,7850.6261
GPS,gps-67588,67588,2026-08-10T00:14:42.000000,E-b,72,11147.6192
GPS,gps-67588,67588,2026-08-10T00:14:42.000000,E-c,1,2.4735
GPS,gps-67588,67588,2026-08-10T00:14:42.000000,E-c,6,70.0494
GPS,gps-67588,67588,2026-08-10T00:14:42.000000,E-c,12,232.6502
GPS,gps-67588,67588,2026-08-10T00:14:42.000000,E-c,24,401.9740
GPS,gps-67588,67588,2026-08-10T00:14:42.000000,E-c,48,844.6861
GPS,gps-67588,67588,2026-08-10T00:14:42.000000,E-c,72,1329.0927
GPS,gps-67588,67588,2026-08-10T00:14:42.000000,E-d,1,2.8853
GPS,gps-67588,67588,2026-08-10T00:14:42.000000,E-d,6,100.4925
GPS,gps-67588,67588,2026-08-10T00:14:42.000000,E-d,12,198.3702
GPS,gps-67588,67588,2026-08-10T00:14:42.000000,E-d,24,333.4900
GPS,gps-67588,67588,2026-08-10T00:14:42.000000,E-d,48,700.9019
GPS,gps-67588,67588,2026-08-10T00:14:42.000000,E-d,72,1103.4353
GPS,gps-67588,67588,2026-08-10T00:14:42.000000,E-e,1,0.4133
GPS,gps-67588,67588,2026-08-10T00:14:42.000000,E-e,6,6.5508
GPS,gps-67588,67588,2026-08-10T00:14:42.000000,E-e,12,4.7298
GPS,gps-67588,67588,2026-08-10T00:14:42.000000,E-e,24,7.8847
GPS,gps-67588,67588,2026-08-10T00:14:42.000000,E-e,48,9.9702
GPS,gps-67588,67588,2026-08-10T00:14:42.000000,E-e,72,17.1665
GPS,gps-67588,67588,2026-08-10T00:14:42.000000,E-f,1,0.4164
GPS,gps-67588,67588,2026-08-10T00:14:42.000000,E-f,6,6.5178
GPS,gps-67588,67588,2026-08-10T00:14:42.000000,E-f,12,4.7710
GPS,gps-67588,67588,2026-08-10T00:14:42.000000,E-f,24,7.9692
GPS,gps-67588,67588,2026-08-10T00:14:42.000000,E-f,48,10.0689
GPS,gps-67588,67588,2026-08-10T00:14:42.000000,E-f,72,16.6258
GPS,gps-68791,68791,2026-08-02T00:14:42.000000,E-a,1,323.7744
GPS,gps-68791,68791,2026-08-02T00:14:42.000000,E-a,6,9966.4852
GPS,gps-68791,68791,2026-08-02T00:14:42.000000,E-a,12,16814.3475
GPS,gps-68791,68791,2026-08-02T00:14:42.000000,E-a,24,33506.3592
GPS,gps-68791,68791,2026-08-02T00:14:42.000000,E-a,48,66784.4351
GPS,gps-68791,68791,2026-08-02T00:14:42.000000,E-a,72,100060.0397
GPS,gps-68791,68791,2026-08-02T00:14:42.000000,E-b,1,31.7479
GPS,gps-68791,68791,2026-08-02T00:14:42.000000,E-b,6,955.5518
GPS,gps-68791,68791,2026-08-02T00:14:42.000000,E-b,12,1282.9813
GPS,gps-68791,68791,2026-08-02T00:14:42.000000,E-b,24,2404.4321
GPS,gps-68791,68791,2026-08-02T00:14:42.000000,E-b,48,4470.4472
GPS,gps-68791,68791,2026-08-02T00:14:42.000000,E-b,72,6479.2384
GPS,gps-68791,68791,2026-08-02T00:14:42.000000,E-c,1,4.5963
GPS,gps-68791,68791,2026-08-02T00:14:42.000000,E-c,6,106.6876
GPS,gps-68791,68791,2026-08-02T00:14:42.000000,E-c,12,69.3269
GPS,gps-68791,68791,2026-08-02T00:14:42.000000,E-c,24,155.9125
GPS,gps-68791,68791,2026-08-02T00:14:42.000000,E-c,48,181.0164
GPS,gps-68791,68791,2026-08-02T00:14:42.000000,E-c,72,116.5781
GPS,gps-68791,68791,2026-08-02T00:14:42.000000,E-d,1,4.3237
GPS,gps-68791,68791,2026-08-02T00:14:42.000000,E-d,6,115.0035
GPS,gps-68791,68791,2026-08-02T00:14:42.000000,E-d,12,112.6623
GPS,gps-68791,68791,2026-08-02T00:14:42.000000,E-d,24,241.1245
GPS,gps-68791,68791,2026-08-02T00:14:42.000000,E-d,48,345.7107
GPS,gps-68791,68791,2026-08-02T00:14:42.000000,E-d,72,315.4018
GPS,gps-68791,68791,2026-08-02T00:14:42.000000,E-e,1,0.1250
GPS,gps-68791,68791,2026-08-02T00:14:42.000000,E-e,6,1.5499
GPS,gps-68791,68791,2026-08-02T00:14:42.000000,E-e,12,0.2508
GPS,gps-68791,68791,2026-08-02T00:14:42.000000,E-e,24,3.1813
GPS,gps-68791,68791,2026-08-02T00:14:42.000000,E-e,48,20.4345
GPS,gps-68791,68791,2026-08-02T00:14:42.000000,E-e,72,51.7839
GPS,gps-68791,68791,2026-08-02T00:14:42.000000,E-f,1,0.1241
GPS,gps-68791,68791,2026-08-02T00:14:42.000000,E-f,6,1.5435
GPS,gps-68791,68791,2026-08-02T00:14:42.000000,E-f,12,0.2651
GPS,gps-68791,68791,2026-08-02T00:14:42.000000,E-f,24,3.0694
GPS,gps-68791,68791,2026-08-02T00:14:42.000000,E-f,48,20.0085
GPS,gps-68791,68791,2026-08-02T00:14:42.000000,E-f,72,50.9627
GPS,gps-68791,68791,2026-08-06T00:14:42.000000,E-a,1,316.0130
GPS,gps-68791,68791,2026-08-06T00:14:42.000000,E-a,6,10235.4523
GPS,gps-68791,68791,2026-08-06T00:14:42.000000,E-a,12,18430.4888
GPS,gps-68791,68791,2026-08-06T00:14:42.000000,E-a,24,37009.8125
GPS,gps-68791,68791,2026-08-06T00:14:42.000000,E-a,48,74932.7247
GPS,gps-68791,68791,2026-08-06T00:14:42.000000,E-a,72,113924.5734
GPS,gps-68791,68791,2026-08-06T00:14:42.000000,E-b,1,30.0587
GPS,gps-68791,68791,2026-08-06T00:14:42.000000,E-b,6,1030.3305
GPS,gps-68791,68791,2026-08-06T00:14:42.000000,E-b,12,1554.3894
GPS,gps-68791,68791,2026-08-06T00:14:42.000000,E-b,24,3265.0155
GPS,gps-68791,68791,2026-08-06T00:14:42.000000,E-b,48,7505.9365
GPS,gps-68791,68791,2026-08-06T00:14:42.000000,E-b,72,12890.4313
GPS,gps-68791,68791,2026-08-06T00:14:42.000000,E-c,1,4.5605
GPS,gps-68791,68791,2026-08-06T00:14:42.000000,E-c,6,103.4635
GPS,gps-68791,68791,2026-08-06T00:14:42.000000,E-c,12,84.6657
GPS,gps-68791,68791,2026-08-06T00:14:42.000000,E-c,24,190.3585
GPS,gps-68791,68791,2026-08-06T00:14:42.000000,E-c,48,250.6675
GPS,gps-68791,68791,2026-08-06T00:14:42.000000,E-c,72,198.8424
GPS,gps-68791,68791,2026-08-06T00:14:42.000000,E-d,1,4.2684
GPS,gps-68791,68791,2026-08-06T00:14:42.000000,E-d,6,113.8978
GPS,gps-68791,68791,2026-08-06T00:14:42.000000,E-d,12,131.9545
GPS,gps-68791,68791,2026-08-06T00:14:42.000000,E-d,24,283.6256
GPS,gps-68791,68791,2026-08-06T00:14:42.000000,E-d,48,431.9195
GPS,gps-68791,68791,2026-08-06T00:14:42.000000,E-d,72,446.3260
GPS,gps-68791,68791,2026-08-06T00:14:42.000000,E-e,1,0.1857
GPS,gps-68791,68791,2026-08-06T00:14:42.000000,E-e,6,1.9709
GPS,gps-68791,68791,2026-08-06T00:14:42.000000,E-e,12,1.2365
GPS,gps-68791,68791,2026-08-06T00:14:42.000000,E-e,24,0.9082
GPS,gps-68791,68791,2026-08-06T00:14:42.000000,E-e,48,14.9317
GPS,gps-68791,68791,2026-08-06T00:14:42.000000,E-e,72,42.0363
GPS,gps-68791,68791,2026-08-06T00:14:42.000000,E-f,1,0.1894
GPS,gps-68791,68791,2026-08-06T00:14:42.000000,E-f,6,2.0618
GPS,gps-68791,68791,2026-08-06T00:14:42.000000,E-f,12,1.4023
GPS,gps-68791,68791,2026-08-06T00:14:42.000000,E-f,24,0.6902
GPS,gps-68791,68791,2026-08-06T00:14:42.000000,E-f,48,14.7656
GPS,gps-68791,68791,2026-08-06T00:14:42.000000,E-f,72,42.3612
GPS,gps-68791,68791,2026-08-10T00:14:42.000000,E-a,1,344.2056
GPS,gps-68791,68791,2026-08-10T00:14:42.000000,E-a,6,9769.0277
GPS,gps-68791,68791,2026-08-10T00:14:42.000000,E-a,12,18829.2295
GPS,gps-68791,68791,2026-08-10T00:14:42.000000,E-a,24,37719.0504
GPS,gps-68791,68791,2026-08-10T00:14:42.000000,E-a,48,75574.6955
GPS,gps-68791,68791,2026-08-10T00:14:42.000000,E-a,72,112943.5133
GPS,gps-68791,68791,2026-08-10T00:14:42.000000,E-b,1,17.2255
GPS,gps-68791,68791,2026-08-10T00:14:42.000000,E-b,6,1005.8939
GPS,gps-68791,68791,2026-08-10T00:14:42.000000,E-b,12,1762.4424
GPS,gps-68791,68791,2026-08-10T00:14:42.000000,E-b,24,3587.8670
GPS,gps-68791,68791,2026-08-10T00:14:42.000000,E-b,48,7328.9936
GPS,gps-68791,68791,2026-08-10T00:14:42.000000,E-b,72,10597.8551
GPS,gps-68791,68791,2026-08-10T00:14:42.000000,E-c,1,4.6082
GPS,gps-68791,68791,2026-08-10T00:14:42.000000,E-c,6,102.7740
GPS,gps-68791,68791,2026-08-10T00:14:42.000000,E-c,12,106.9078
GPS,gps-68791,68791,2026-08-10T00:14:42.000000,E-c,24,237.3618
GPS,gps-68791,68791,2026-08-10T00:14:42.000000,E-c,48,344.7167
GPS,gps-68791,68791,2026-08-10T00:14:42.000000,E-c,72,330.5254
GPS,gps-68791,68791,2026-08-10T00:14:42.000000,E-d,1,4.3094
GPS,gps-68791,68791,2026-08-10T00:14:42.000000,E-d,6,115.8887
GPS,gps-68791,68791,2026-08-10T00:14:42.000000,E-d,12,156.9915
GPS,gps-68791,68791,2026-08-10T00:14:42.000000,E-d,24,336.3398
GPS,gps-68791,68791,2026-08-10T00:14:42.000000,E-d,48,537.6959
GPS,gps-68791,68791,2026-08-10T00:14:42.000000,E-d,72,604.8743
GPS,gps-68791,68791,2026-08-10T00:14:42.000000,E-e,1,0.6290
GPS,gps-68791,68791,2026-08-10T00:14:42.000000,E-e,6,9.8296
GPS,gps-68791,68791,2026-08-10T00:14:42.000000,E-e,12,15.7442
GPS,gps-68791,68791,2026-08-10T00:14:42.000000,E-e,24,27.9246
GPS,gps-68791,68791,2026-08-10T00:14:42.000000,E-e,48,42.5973
GPS,gps-68791,68791,2026-08-10T00:14:42.000000,E-e,72,44.1252
GPS,gps-68791,68791,2026-08-10T00:14:42.000000,E-f,1,0.6284
GPS,gps-68791,68791,2026-08-10T00:14:42.000000,E-f,6,9.4128
GPS,gps-68791,68791,2026-08-10T00:14:42.000000,E-f,12,14.9409
GPS,gps-68791,68791,2026-08-10T00:14:42.000000,E-f,24,26.3104
GPS,gps-68791,68791,2026-08-10T00:14:42.000000,E-f,48,39.4470
GPS,gps-68791,68791,2026-08-10T00:14:42.000000,E-f,72,39.7194
SLR,lageos1,8820,2026-08-02T00:00:00.000000,R-20,1,8.5001
SLR,lageos1,8820,2026-08-02T00:00:00.000000,R-20,6,126.0241
SLR,lageos1,8820,2026-08-02T00:00:00.000000,R-20,12,205.8659
SLR,lageos1,8820,2026-08-02T00:00:00.000000,R-20,24,427.7289
SLR,lageos1,8820,2026-08-02T00:00:00.000000,R-20,48,989.6810
SLR,lageos1,8820,2026-08-02T00:00:00.000000,R-20,72,1447.9700
SLR,lageos1,8820,2026-08-05T00:00:00.000000,R-20,1,11.6591
SLR,lageos1,8820,2026-08-05T00:00:00.000000,R-20,6,65.2723
SLR,lageos1,8820,2026-08-05T00:00:00.000000,R-20,12,115.2494
SLR,lageos1,8820,2026-08-05T00:00:00.000000,R-20,24,218.9691
SLR,lageos1,8820,2026-08-05T00:00:00.000000,R-20,48,545.4728
SLR,lageos1,8820,2026-08-05T00:00:00.000000,R-20,72,939.9506
SLR,lageos1,8820,2026-08-09T00:00:00.000000,R-20,1,9.4683
SLR,lageos1,8820,2026-08-09T00:00:00.000000,R-20,6,49.5152
SLR,lageos1,8820,2026-08-09T00:00:00.000000,R-20,12,63.8333
SLR,lageos1,8820,2026-08-09T00:00:00.000000,R-20,24,156.0910
SLR,lageos1,8820,2026-08-09T00:00:00.000000,R-20,48,96.6207
SLR,lageos1,8820,2026-08-09T00:00:00.000000,R-20,72,306.6816
SLR,lageos1,8820,2026-08-12T00:00:00.000000,R-20,1,11.8726
SLR,lageos1,8820,2026-08-12T00:00:00.000000,R-20,6,149.7801
SLR,lageos1,8820,2026-08-12T00:00:00.000000,R-20,12,250.0276
SLR,lageos1,8820,2026-08-12T00:00:00.000000,R-20,24,491.7736
SLR,lageos1,8820,2026-08-12T00:00:00.000000,R-20,48,1034.1194
SLR,lageos1,8820,2026-08-12T00:00:00.000000,R-20,72,1373.0991
SLR,lageos2,22195,2026-08-02T00:00:00.000000,R-20,1,7.8329
SLR,lageos2,22195,2026-08-02T00:00:00.000000,R-20,6,124.4527
SLR,lageos2,22195,2026-08-02T00:00:00.000000,R-20,12,197.3219
SLR,lageos2,22195,2026-08-02T00:00:00.000000,R-20,24,358.3964
SLR,lageos2,22195,2026-08-02T00:00:00.000000,R-20,48,667.7446
SLR,lageos2,22195,2026-08-02T00:00:00.000000,R-20,72,748.0480
SLR,lageos2,22195,2026-08-05T00:00:00.000000,R-20,1,13.7293
SLR,lageos2,22195,2026-08-05T00:00:00.000000,R-20,6,65.8330
SLR,lageos2,22195,2026-08-05T00:00:00.000000,R-20,12,76.8870
SLR,lageos2,22195,2026-08-05T00:00:00.000000,R-20,24,180.6482
SLR,lageos2,22195,2026-08-05T00:00:00.000000,R-20,48,346.6955
SLR,lageos2,22195,2026-08-05T00:00:00.000000,R-20,72,419.5440
SLR,lageos2,22195,2026-08-09T00:00:00.000000,R-20,1,12.4102
SLR,lageos2,22195,2026-08-09T00:00:00.000000,R-20,6,48.0311
SLR,lageos2,22195,2026-08-09T00:00:00.000000,R-20,12,68.4674
SLR,lageos2,22195,2026-08-09T00:00:00.000000,R-20,24,164.4852
SLR,lageos2,22195,2026-08-09T00:00:00.000000,R-20,48,395.7639
SLR,lageos2,22195,2026-08-09T00:00:00.000000,R-20,72,688.1100
SLR,lageos2,22195,2026-08-12T00:00:00.000000,R-20,1,11.9186
SLR,lageos2,22195,2026-08-12T00:00:00.000000,R-20,6,138.5972
SLR,lageos2,22195,2026-08-12T00:00:00.000000,R-20,12,245.8641
SLR,lageos2,22195,2026-08-12T00:00:00.000000,R-20,24,514.0802
SLR,lageos2,22195,2026-08-12T00:00:00.000000,R-20,48,1040.2011
SLR,lageos2,22195,2026-08-12T00:00:00.000000,R-20,72,1273.1042
SLR,etalon1,19751,2026-08-02T00:00:00.000000,R-20,1,16.3247
SLR,etalon1,19751,2026-08-02T00:00:00.000000,R-20,6,309.6099
SLR,etalon1,19751,2026-08-02T00:00:00.000000,R-20,12,709.6852
SLR,etalon1,19751,2026-08-02T00:00:00.000000,R-20,24,1267.0644
SLR,etalon1,19751,2026-08-02T00:00:00.000000,R-20,48,2086.4531
SLR,etalon1,19751,2026-08-02T00:00:00.000000,R-20,72,3249.2911
SLR,etalon1,19751,2026-08-05T00:00:00.000000,R-20,1,20.0635
SLR,etalon1,19751,2026-08-05T00:00:00.000000,R-20,6,309.0043
SLR,etalon1,19751,2026-08-05T00:00:00.000000,R-20,12,591.6495
SLR,etalon1,19751,2026-08-05T00:00:00.000000,R-20,24,1178.3129
SLR,etalon1,19751,2026-08-05T00:00:00.000000,R-20,48,2107.1059
SLR,etalon1,19751,2026-08-05T00:00:00.000000,R-20,72,1745.3337
SLR,etalon1,19751,2026-08-09T00:00:00.000000,R-20,1,29.3194
SLR,etalon1,19751,2026-08-09T00:00:00.000000,R-20,6,1142.4473
SLR,etalon1,19751,2026-08-09T00:00:00.000000,R-20,12,630.6850
SLR,etalon1,19751,2026-08-09T00:00:00.000000,R-20,24,1190.9590
SLR,etalon1,19751,2026-08-09T00:00:00.000000,R-20,48,2226.2019
SLR,etalon1,19751,2026-08-09T00:00:00.000000,R-20,72,3660.6305
SLR,etalon1,19751,2026-08-12T00:00:00.000000,R-20,1,24.0855
SLR,etalon1,19751,2026-08-12T00:00:00.000000,R-20,6,504.0288
SLR,etalon1,19751,2026-08-12T00:00:00.000000,R-20,12,980.1706
SLR,etalon1,19751,2026-08-12T00:00:00.000000,R-20,24,1725.7780
SLR,etalon1,19751,2026-08-12T00:00:00.000000,R-20,48,2069.1674
SLR,etalon1,19751,2026-08-12T00:00:00.000000,R-20,72,2644.2441
SLR,etalon2,20026,2026-08-02T00:00:00.000000,R-20,1,32.0272
SLR,etalon2,20026,2026-08-02T00:00:00.000000,R-20,6,796.5130
SLR,etalon2,20026,2026-08-02T00:00:00.000000,R-20,12,992.2441
SLR,etalon2,20026,2026-08-02T00:00:00.000000,R-20,24,2125.4807
SLR,etalon2,20026,2026-08-02T00:00:00.000000,R-20,48,4967.6853
SLR,etalon2,20026,2026-08-02T00:00:00.000000,R-20,72,8241.6717
SLR,etalon2,20026,2026-08-05T00:00:00.000000,R-20,1,6.9093
SLR,etalon2,20026,2026-08-05T00:00:00.000000,R-20,6,254.4037
SLR,etalon2,20026,2026-08-05T00:00:00.000000,R-20,12,453.0104
SLR,etalon2,20026,2026-08-05T00:00:00.000000,R-20,24,753.2713
SLR,etalon2,20026,2026-08-05T00:00:00.000000,R-20,48,467.9339
SLR,etalon2,20026,2026-08-05T00:00:00.000000,R-20,72,1537.9165
SLR,etalon2,20026,2026-08-09T00:00:00.000000,R-20,1,30.7492
SLR,etalon2,20026,2026-08-09T00:00:00.000000,R-20,6,1006.5352
SLR,etalon2,20026,2026-08-09T00:00:00.000000,R-20,12,640.3427
SLR,etalon2,20026,2026-08-09T00:00:00.000000,R-20,24,1176.0886
SLR,etalon2,20026,2026-08-09T00:00:00.000000,R-20,48,2091.1402
SLR,etalon2,20026,2026-08-09T00:00:00.000000,R-20,72,3529.4591
SLR,etalon2,20026,2026-08-12T00:00:00.000000,R-20,1,41.2810
SLR,etalon2,20026,2026-08-12T00:00:00.000000,R-20,6,1626.6711
SLR,etalon2,20026,2026-08-12T00:00:00.000000,R-20,12,735.0600
SLR,etalon2,20026,2026-08-12T00:00:00.000000,R-20,24,1379.2342
SLR,etalon2,20026,2026-08-12T00:00:00.000000,R-20,48,2934.3657
SLR,etalon2,20026,2026-08-12T00:00:00.000000,R-20,72,4747.3728
GPS,gps-26407,26407,2026-08-02T00:14:42.000000,R-20,1,21.9680
GPS,gps-26407,26407,2026-08-02T00:14:42.000000,R-20,6,533.4213
GPS,gps-26407,26407,2026-08-02T00:14:42.000000,R-20,12,744.3477
GPS,gps-26407,26407,2026-08-02T00:14:42.000000,R-20,24,1598.6274
GPS,gps-26407,26407,2026-08-02T00:14:42.000000,R-20,48,3607.9847
GPS,gps-26407,26407,2026-08-02T00:14:42.000000,R-20,72,5840.8910
GPS,gps-26407,26407,2026-08-06T00:14:42.000000,R-20,1,22.2672
GPS,gps-26407,26407,2026-08-06T00:14:42.000000,R-20,6,1027.7709
GPS,gps-26407,26407,2026-08-06T00:14:42.000000,R-20,12,1574.3204
GPS,gps-26407,26407,2026-08-06T00:14:42.000000,R-20,24,2981.2791
GPS,gps-26407,26407,2026-08-06T00:14:42.000000,R-20,48,5146.0001
GPS,gps-26407,26407,2026-08-06T00:14:42.000000,R-20,72,6334.6056
GPS,gps-26407,26407,2026-08-10T00:14:42.000000,R-20,1,23.9872
GPS,gps-26407,26407,2026-08-10T00:14:42.000000,R-20,6,810.1454
GPS,gps-26407,26407,2026-08-10T00:14:42.000000,R-20,12,1578.2486
GPS,gps-26407,26407,2026-08-10T00:14:42.000000,R-20,24,3203.7907
GPS,gps-26407,26407,2026-08-10T00:14:42.000000,R-20,48,6329.7597
GPS,gps-26407,26407,2026-08-10T00:14:42.000000,R-20,72,8898.1037
GPS,gps-27663,27663,2026-08-02T00:14:42.000000,R-20,1,19.1022
GPS,gps-27663,27663,2026-08-02T00:14:42.000000,R-20,6,669.4102
GPS,gps-27663,27663,2026-08-02T00:14:42.000000,R-20,12,578.5304
GPS,gps-27663,27663,2026-08-02T00:14:42.000000,R-20,24,1022.9406
GPS,gps-27663,27663,2026-08-02T00:14:42.000000,R-20,48,1685.8592
GPS,gps-27663,27663,2026-08-02T00:14:42.000000,R-20,72,2303.6913
GPS,gps-27663,27663,2026-08-06T00:14:42.000000,R-20,1,21.3809
GPS,gps-27663,27663,2026-08-06T00:14:42.000000,R-20,6,665.4012
GPS,gps-27663,27663,2026-08-06T00:14:42.000000,R-20,12,256.5844
GPS,gps-27663,27663,2026-08-06T00:14:42.000000,R-20,24,394.5571
GPS,gps-27663,27663,2026-08-06T00:14:42.000000,R-20,48,998.4638
GPS,gps-27663,27663,2026-08-06T00:14:42.000000,R-20,72,2935.4777
GPS,gps-27663,27663,2026-08-10T00:14:42.000000,R-20,1,24.7432
GPS,gps-27663,27663,2026-08-10T00:14:42.000000,R-20,6,997.7533
GPS,gps-27663,27663,2026-08-10T00:14:42.000000,R-20,12,2133.6542
GPS,gps-27663,27663,2026-08-10T00:14:42.000000,R-20,24,4349.1745
GPS,gps-27663,27663,2026-08-10T00:14:42.000000,R-20,48,8709.5183
GPS,gps-27663,27663,2026-08-10T00:14:42.000000,R-20,72,12513.2203
GPS,gps-28190,28190,2026-08-02T00:14:42.000000,R-20,1,21.9310
GPS,gps-28190,28190,2026-08-02T00:14:42.000000,R-20,6,255.3854
GPS,gps-28190,28190,2026-08-02T00:14:42.000000,R-20,12,904.2832
GPS,gps-28190,28190,2026-08-02T00:14:42.000000,R-20,24,1774.7678
GPS,gps-28190,28190,2026-08-02T00:14:42.000000,R-20,48,3295.3202
GPS,gps-28190,28190,2026-08-02T00:14:42.000000,R-20,72,4369.7200
GPS,gps-28190,28190,2026-08-06T00:14:42.000000,R-20,1,16.2189
GPS,gps-28190,28190,2026-08-06T00:14:42.000000,R-20,6,412.2903
GPS,gps-28190,28190,2026-08-06T00:14:42.000000,R-20,12,866.1341
GPS,gps-28190,28190,2026-08-06T00:14:42.000000,R-20,24,1830.1092
GPS,gps-28190,28190,2026-08-06T00:14:42.000000,R-20,48,3973.0326
GPS,gps-28190,28190,2026-08-06T00:14:42.000000,R-20,72,6197.1801
GPS,gps-28190,28190,2026-08-10T00:14:42.000000,R-20,1,33.5720
GPS,gps-28190,28190,2026-08-10T00:14:42.000000,R-20,6,1196.4086
GPS,gps-28190,28190,2026-08-10T00:14:42.000000,R-20,12,574.4087
GPS,gps-28190,28190,2026-08-10T00:14:42.000000,R-20,24,1304.2672
GPS,gps-28190,28190,2026-08-10T00:14:42.000000,R-20,48,3263.9443
GPS,gps-28190,28190,2026-08-10T00:14:42.000000,R-20,72,5863.8609
GPS,gps-28474,28474,2026-08-02T00:14:42.000000,R-20,1,18.6644
GPS,gps-28474,28474,2026-08-02T00:14:42.000000,R-20,6,419.3798
GPS,gps-28474,28474,2026-08-02T00:14:42.000000,R-20,12,1323.8347
GPS,gps-28474,28474,2026-08-02T00:14:42.000000,R-20,24,2584.9742
GPS,gps-28474,28474,2026-08-02T00:14:42.000000,R-20,48,4930.6848
GPS,gps-28474,28474,2026-08-02T00:14:42.000000,R-20,72,7104.7602
GPS,gps-28474,28474,2026-08-06T00:14:42.000000,R-20,1,21.9370
GPS,gps-28474,28474,2026-08-06T00:14:42.000000,R-20,6,114.0976
GPS,gps-28474,28474,2026-08-06T00:14:42.000000,R-20,12,103.1079
GPS,gps-28474,28474,2026-08-06T00:14:42.000000,R-20,24,177.9400
GPS,gps-28474,28474,2026-08-06T00:14:42.000000,R-20,48,446.0598
GPS,gps-28474,28474,2026-08-06T00:14:42.000000,R-20,72,1119.9981
GPS,gps-28474,28474,2026-08-10T00:14:42.000000,R-20,1,28.3522
GPS,gps-28474,28474,2026-08-10T00:14:42.000000,R-20,6,2049.5864
GPS,gps-28474,28474,2026-08-10T00:14:42.000000,R-20,12,2322.2658
GPS,gps-28474,28474,2026-08-10T00:14:42.000000,R-20,24,4668.8142
GPS,gps-28474,28474,2026-08-10T00:14:42.000000,R-20,48,9312.5144
GPS,gps-28474,28474,2026-08-10T00:14:42.000000,R-20,72,13716.9211
GPS,gps-28874,28874,2026-08-02T00:14:42.000000,R-20,1,24.3870
GPS,gps-28874,28874,2026-08-02T00:14:42.000000,R-20,6,430.5454
GPS,gps-28874,28874,2026-08-02T00:14:42.000000,R-20,12,1187.9968
GPS,gps-28874,28874,2026-08-02T00:14:42.000000,R-20,24,2325.0165
GPS,gps-28874,28874,2026-08-02T00:14:42.000000,R-20,48,4323.7955
GPS,gps-28874,28874,2026-08-02T00:14:42.000000,R-20,72,5790.3424
GPS,gps-28874,28874,2026-08-06T00:14:42.000000,R-20,1,19.1843
GPS,gps-28874,28874,2026-08-06T00:14:42.000000,R-20,6,701.0151
GPS,gps-28874,28874,2026-08-06T00:14:42.000000,R-20,12,1534.2012
GPS,gps-28874,28874,2026-08-06T00:14:42.000000,R-20,24,3174.0282
GPS,gps-28874,28874,2026-08-06T00:14:42.000000,R-20,48,6639.8098
GPS,gps-28874,28874,2026-08-06T00:14:42.000000,R-20,72,10089.3518
GPS,gps-28874,28874,2026-08-10T00:14:42.000000,R-20,1,25.9157
GPS,gps-28874,28874,2026-08-10T00:14:42.000000,R-20,6,531.9584
GPS,gps-28874,28874,2026-08-10T00:14:42.000000,R-20,12,995.4718
GPS,gps-28874,28874,2026-08-10T00:14:42.000000,R-20,24,1862.5028
GPS,gps-28874,28874,2026-08-10T00:14:42.000000,R-20,48,3189.1372
GPS,gps-28874,28874,2026-08-10T00:14:42.000000,R-20,72,4002.7565
GPS,gps-29486,29486,2026-08-02T00:14:42.000000,R-20,1,22.8937
GPS,gps-29486,29486,2026-08-02T00:14:42.000000,R-20,6,1786.1559
GPS,gps-29486,29486,2026-08-02T00:14:42.000000,R-20,12,2429.9022
GPS,gps-29486,29486,2026-08-02T00:14:42.000000,R-20,24,4728.4151
GPS,gps-29486,29486,2026-08-02T00:14:42.000000,R-20,48,8786.0994
GPS,gps-29486,29486,2026-08-02T00:14:42.000000,R-20,72,11953.0697
GPS,gps-29486,29486,2026-08-06T00:14:42.000000,R-20,1,20.7660
GPS,gps-29486,29486,2026-08-06T00:14:42.000000,R-20,6,133.8785
GPS,gps-29486,29486,2026-08-06T00:14:42.000000,R-20,12,494.1122
GPS,gps-29486,29486,2026-08-06T00:14:42.000000,R-20,24,1094.8270
GPS,gps-29486,29486,2026-08-06T00:14:42.000000,R-20,48,2479.0490
GPS,gps-29486,29486,2026-08-06T00:14:42.000000,R-20,72,3748.5987
GPS,gps-29486,29486,2026-08-10T00:14:42.000000,R-20,1,28.7051
GPS,gps-29486,29486,2026-08-10T00:14:42.000000,R-20,6,872.0715
GPS,gps-29486,29486,2026-08-10T00:14:42.000000,R-20,12,596.7314
GPS,gps-29486,29486,2026-08-10T00:14:42.000000,R-20,24,1190.5669
GPS,gps-29486,29486,2026-08-10T00:14:42.000000,R-20,48,2708.0160
GPS,gps-29486,29486,2026-08-10T00:14:42.000000,R-20,72,4850.5690
GPS,gps-29601,29601,2026-08-02T00:14:42.000000,R-20,1,27.1540
GPS,gps-29601,29601,2026-08-02T00:14:42.000000,R-20,6,1052.7775
GPS,gps-29601,29601,2026-08-02T00:14:42.000000,R-20,12,1374.5418
GPS,gps-29601,29601,2026-08-02T00:14:42.000000,R-20,24,2580.5500
GPS,gps-29601,29601,2026-08-02T00:14:42.000000,R-20,48,4584.7391
GPS,gps-29601,29601,2026-08-02T00:14:42.000000,R-20,72,6269.3921
GPS,gps-29601,29601,2026-08-06T00:14:42.000000,R-20,1,27.9758
GPS,gps-29601,29601,2026-08-06T00:14:42.000000,R-20,6,1084.3050
GPS,gps-29601,29601,2026-08-06T00:14:42.000000,R-20,12,1707.4549
GPS,gps-29601,29601,2026-08-06T00:14:42.000000,R-20,24,3560.3105
GPS,gps-29601,29601,2026-08-06T00:14:42.000000,R-20,48,7862.6790
GPS,gps-29601,29601,2026-08-06T00:14:42.000000,R-20,72,13135.8840
GPS,gps-29601,29601,2026-08-10T00:14:42.000000,R-20,1,21.6181
GPS,gps-29601,29601,2026-08-10T00:14:42.000000,R-20,6,1087.8388
GPS,gps-29601,29601,2026-08-10T00:14:42.000000,R-20,12,1878.0302
GPS,gps-29601,29601,2026-08-10T00:14:42.000000,R-20,24,3878.7049
GPS,gps-29601,29601,2026-08-10T00:14:42.000000,R-20,48,7948.4160
GPS,gps-29601,29601,2026-08-10T00:14:42.000000,R-20,72,11577.6848
GPS,gps-32260,32260,2026-08-02T00:14:42.000000,R-20,1,24.6858
GPS,gps-32260,32260,2026-08-02T00:14:42.000000,R-20,6,765.5231
GPS,gps-32260,32260,2026-08-02T00:14:42.000000,R-20,12,490.9135
GPS,gps-32260,32260,2026-08-02T00:14:42.000000,R-20,24,980.9476
GPS,gps-32260,32260,2026-08-02T00:14:42.000000,R-20,48,1896.8360
GPS,gps-32260,32260,2026-08-02T00:14:42.000000,R-20,72,2593.2409
GPS,gps-32260,32260,2026-08-06T00:14:42.000000,R-20,1,24.7314
GPS,gps-32260,32260,2026-08-06T00:14:42.000000,R-20,6,465.8529
GPS,gps-32260,32260,2026-08-06T00:14:42.000000,R-20,12,571.6155
GPS,gps-32260,32260,2026-08-06T00:14:42.000000,R-20,24,1295.7178
GPS,gps-32260,32260,2026-08-06T00:14:42.000000,R-20,48,3202.0283
GPS,gps-32260,32260,2026-08-06T00:14:42.000000,R-20,72,5636.8803
GPS,gps-32260,32260,2026-08-10T00:14:42.000000,R-20,1,25.1751
GPS,gps-32260,32260,2026-08-10T00:14:42.000000,R-20,6,1959.1810
GPS,gps-32260,32260,2026-08-10T00:14:42.000000,R-20,12,3046.7780
GPS,gps-32260,32260,2026-08-10T00:14:42.000000,R-20,24,6039.2658
GPS,gps-32260,32260,2026-08-10T00:14:42.000000,R-20,48,11668.9595
GPS,gps-32260,32260,2026-08-10T00:14:42.000000,R-20,72,16588.5875
GPS,gps-32384,32384,2026-08-02T00:14:42.000000,R-20,1,25.5755
GPS,gps-32384,32384,2026-08-02T00:14:42.000000,R-20,6,834.6675
GPS,gps-32384,32384,2026-08-02T00:14:42.000000,R-20,12,984.1898
GPS,gps-32384,32384,2026-08-02T00:14:42.000000,R-20,24,1906.8571
GPS,gps-32384,32384,2026-08-02T00:14:42.000000,R-20,48,3476.8984
GPS,gps-32384,32384,2026-08-02T00:14:42.000000,R-20,72,4553.4270
GPS,gps-32384,32384,2026-08-06T00:14:42.000000,R-20,1,25.0177
GPS,gps-32384,32384,2026-08-06T00:14:42.000000,R-20,6,1058.4067
GPS,gps-32384,32384,2026-08-06T00:14:42.000000,R-20,12,863.7949
GPS,gps-32384,32384,2026-08-06T00:14:42.000000,R-20,24,1844.5994
GPS,gps-32384,32384,2026-08-06T00:14:42.000000,R-20,48,4058.5783
GPS,gps-32384,32384,2026-08-06T00:14:42.000000,R-20,72,6382.2963
GPS,gps-32384,32384,2026-08-10T00:14:42.000000,R-20,1,23.5033
GPS,gps-32384,32384,2026-08-10T00:14:42.000000,R-20,6,1316.7213
GPS,gps-32384,32384,2026-08-10T00:14:42.000000,R-20,12,1931.0493
GPS,gps-32384,32384,2026-08-10T00:14:42.000000,R-20,24,3701.0252
GPS,gps-32384,32384,2026-08-10T00:14:42.000000,R-20,48,6695.2287
GPS,gps-32384,32384,2026-08-10T00:14:42.000000,R-20,72,8981.6765
GPS,gps-32711,32711,2026-08-02T00:14:42.000000,R-20,1,34.1637
GPS,gps-32711,32711,2026-08-02T00:14:42.000000,R-20,6,585.6224
GPS,gps-32711,32711,2026-08-02T00:14:42.000000,R-20,12,1076.8270
GPS,gps-32711,32711,2026-08-02T00:14:42.000000,R-20,24,2318.3868
GPS,gps-32711,32711,2026-08-02T00:14:42.000000,R-20,48,5440.6611
GPS,gps-32711,32711,2026-08-02T00:14:42.000000,R-20,72,9528.6128
GPS,gps-32711,32711,2026-08-06T00:14:42.000000,R-20,1,11.2536
GPS,gps-32711,32711,2026-08-06T00:14:42.000000,R-20,6,863.6397
GPS,gps-32711,32711,2026-08-06T00:14:42.000000,R-20,12,1778.2162
GPS,gps-32711,32711,2026-08-06T00:14:42.000000,R-20,24,3645.7798
GPS,gps-32711,32711,2026-08-06T00:14:42.000000,R-20,48,7386.5391
GPS,gps-32711,32711,2026-08-06T00:14:42.000000,R-20,72,10702.3327
GPS,gps-32711,32711,2026-08-10T00:14:42.000000,R-20,1,30.8319
GPS,gps-32711,32711,2026-08-10T00:14:42.000000,R-20,6,1290.7697
GPS,gps-32711,32711,2026-08-10T00:14:42.000000,R-20,12,1079.1430
GPS,gps-32711,32711,2026-08-10T00:14:42.000000,R-20,24,1901.8807
GPS,gps-32711,32711,2026-08-10T00:14:42.000000,R-20,48,2869.2298
GPS,gps-32711,32711,2026-08-10T00:14:42.000000,R-20,72,3193.5170
GPS,gps-35752,35752,2026-08-02T00:14:42.000000,R-20,1,21.9856
GPS,gps-35752,35752,2026-08-02T00:14:42.000000,R-20,6,656.7984
GPS,gps-35752,35752,2026-08-02T00:14:42.000000,R-20,12,500.8567
GPS,gps-35752,35752,2026-08-02T00:14:42.000000,R-20,24,1009.7317
GPS,gps-35752,35752,2026-08-02T00:14:42.000000,R-20,48,2096.3279
GPS,gps-35752,35752,2026-08-02T00:14:42.000000,R-20,72,3329.0492
GPS,gps-35752,35752,2026-08-06T00:14:42.000000,R-20,1,30.1035
GPS,gps-35752,35752,2026-08-06T00:14:42.000000,R-20,6,425.2444
GPS,gps-35752,35752,2026-08-06T00:14:42.000000,R-20,12,746.5062
GPS,gps-35752,35752,2026-08-06T00:14:42.000000,R-20,24,1496.3090
GPS,gps-35752,35752,2026-08-06T00:14:42.000000,R-20,48,47586.8820
GPS,gps-35752,35752,2026-08-06T00:14:42.000000,R-20,72,95028.3696
GPS,gps-35752,35752,2026-08-10T00:14:42.000000,R-20,1,29.0394
GPS,gps-35752,35752,2026-08-10T00:14:42.000000,R-20,6,1296.6087
GPS,gps-35752,35752,2026-08-10T00:14:42.000000,R-20,12,1121.7872
GPS,gps-35752,35752,2026-08-10T00:14:42.000000,R-20,24,2201.2919
GPS,gps-35752,35752,2026-08-10T00:14:42.000000,R-20,48,4272.0943
GPS,gps-35752,35752,2026-08-10T00:14:42.000000,R-20,72,6290.2486
GPS,gps-36585,36585,2026-08-02T00:14:42.000000,R-20,1,30.7318
GPS,gps-36585,36585,2026-08-02T00:14:42.000000,R-20,6,388.7836
GPS,gps-36585,36585,2026-08-02T00:14:42.000000,R-20,12,1143.3451
GPS,gps-36585,36585,2026-08-02T00:14:42.000000,R-20,24,2135.9662
GPS,gps-36585,36585,2026-08-02T00:14:42.000000,R-20,48,3779.5753
GPS,gps-36585,36585,2026-08-02T00:14:42.000000,R-20,72,5219.0049
GPS,gps-36585,36585,2026-08-06T00:14:42.000000,R-20,1,26.7354
GPS,gps-36585,36585,2026-08-06T00:14:42.000000,R-20,6,440.4774
GPS,gps-36585,36585,2026-08-06T00:14:42.000000,R-20,12,1176.3971
GPS,gps-36585,36585,2026-08-06T00:14:42.000000,R-20,24,2536.2587
GPS,gps-36585,36585,2026-08-06T00:14:42.000000,R-20,48,5932.5908
GPS,gps-36585,36585,2026-08-06T00:14:42.000000,R-20,72,10329.8869
GPS,gps-36585,36585,2026-08-10T00:14:42.000000,R-20,1,19.8370
GPS,gps-36585,36585,2026-08-10T00:14:42.000000,R-20,6,1064.7592
GPS,gps-36585,36585,2026-08-10T00:14:42.000000,R-20,12,1996.4172
GPS,gps-36585,36585,2026-08-10T00:14:42.000000,R-20,24,4058.7634
GPS,gps-36585,36585,2026-08-10T00:14:42.000000,R-20,48,8061.3393
GPS,gps-36585,36585,2026-08-10T00:14:42.000000,R-20,72,11381.0084
GPS,gps-38833,38833,2026-08-02T00:14:42.000000,R-20,1,28.5834
GPS,gps-38833,38833,2026-08-02T00:14:42.000000,R-20,6,1019.1578
GPS,gps-38833,38833,2026-08-02T00:14:42.000000,R-20,12,177.9381
GPS,gps-38833,38833,2026-08-02T00:14:42.000000,R-20,24,339.5246
GPS,gps-38833,38833,2026-08-02T00:14:42.000000,R-20,48,923.2722
GPS,gps-38833,38833,2026-08-02T00:14:42.000000,R-20,72,2207.5513
GPS,gps-38833,38833,2026-08-06T00:14:42.000000,R-20,1,21.5732
GPS,gps-38833,38833,2026-08-06T00:14:42.000000,R-20,6,963.9215
GPS,gps-38833,38833,2026-08-06T00:14:42.000000,R-20,12,856.4510
GPS,gps-38833,38833,2026-08-06T00:14:42.000000,R-20,24,1827.2181
GPS,gps-38833,38833,2026-08-06T00:14:42.000000,R-20,48,3919.8413
GPS,gps-38833,38833,2026-08-06T00:14:42.000000,R-20,72,5835.4112
GPS,gps-38833,38833,2026-08-10T00:14:42.000000,R-20,1,25.4118
GPS,gps-38833,38833,2026-08-10T00:14:42.000000,R-20,6,542.9903
GPS,gps-38833,38833,2026-08-10T00:14:42.000000,R-20,12,1050.7057
GPS,gps-38833,38833,2026-08-10T00:14:42.000000,R-20,24,2328.9770
GPS,gps-38833,38833,2026-08-10T00:14:42.000000,R-20,48,5534.1268
GPS,gps-38833,38833,2026-08-10T00:14:42.000000,R-20,72,9339.8971
GPS,gps-39166,39166,2026-08-02T00:14:42.000000,R-20,1,15.1496
GPS,gps-39166,39166,2026-08-02T00:14:42.000000,R-20,6,387.6017
GPS,gps-39166,39166,2026-08-02T00:14:42.000000,R-20,12,899.1300
GPS,gps-39166,39166,2026-08-02T00:14:42.000000,R-20,24,1749.7704
GPS,gps-39166,39166,2026-08-02T00:14:42.000000,R-20,48,3174.2472
GPS,gps-39166,39166,2026-08-02T00:14:42.000000,R-20,72,4066.2718
GPS,gps-39166,39166,2026-08-06T00:14:42.000000,R-20,1,18.2887
GPS,gps-39166,39166,2026-08-06T00:14:42.000000,R-20,6,852.4918
GPS,gps-39166,39166,2026-08-06T00:14:42.000000,R-20,12,774.7990
GPS,gps-39166,39166,2026-08-06T00:14:42.000000,R-20,24,1380.0404
GPS,gps-39166,39166,2026-08-06T00:14:42.000000,R-20,48,2263.7774
GPS,gps-39166,39166,2026-08-06T00:14:42.000000,R-20,72,3127.8813
GPS,gps-39166,39166,2026-08-10T00:14:42.000000,R-20,1,34.4282
GPS,gps-39166,39166,2026-08-10T00:14:42.000000,R-20,6,785.3881
GPS,gps-39166,39166,2026-08-10T00:14:42.000000,R-20,12,1552.0764
GPS,gps-39166,39166,2026-08-10T00:14:42.000000,R-20,24,3377.2011
GPS,gps-39166,39166,2026-08-10T00:14:42.000000,R-20,48,7829.8190
GPS,gps-39166,39166,2026-08-10T00:14:42.000000,R-20,72,13124.4969
GPS,gps-39533,39533,2026-08-02T00:14:42.000000,R-20,1,30.0720
GPS,gps-39533,39533,2026-08-02T00:14:42.000000,R-20,6,1339.8945
GPS,gps-39533,39533,2026-08-02T00:14:42.000000,R-20,12,653.9155
GPS,gps-39533,39533,2026-08-02T00:14:42.000000,R-20,24,1161.3889
GPS,gps-39533,39533,2026-08-02T00:14:42.000000,R-20,48,1660.5778
GPS,gps-39533,39533,2026-08-02T00:14:42.000000,R-20,72,1659.7117
GPS,gps-39533,39533,2026-08-06T00:14:42.000000,R-20,1,12.4700
GPS,gps-39533,39533,2026-08-06T00:14:42.000000,R-20,6,247.0088
GPS,gps-39533,39533,2026-08-06T00:14:42.000000,R-20,12,1116.4615
GPS,gps-39533,39533,2026-08-06T00:14:42.000000,R-20,24,2311.7019
GPS,gps-39533,39533,2026-08-06T00:14:42.000000,R-20,48,4688.1848
GPS,gps-39533,39533,2026-08-06T00:14:42.000000,R-20,72,6628.5397
GPS,gps-39533,39533,2026-08-10T00:14:42.000000,R-20,1,33.6969
GPS,gps-39533,39533,2026-08-10T00:14:42.000000,R-20,6,555.3202
GPS,gps-39533,39533,2026-08-10T00:14:42.000000,R-20,12,1013.1713
GPS,gps-39533,39533,2026-08-10T00:14:42.000000,R-20,24,1771.3013
GPS,gps-39533,39533,2026-08-10T00:14:42.000000,R-20,48,2605.2798
GPS,gps-39533,39533,2026-08-10T00:14:42.000000,R-20,72,2773.4235
GPS,gps-39741,39741,2026-08-02T00:14:42.000000,R-20,1,27.8235
GPS,gps-39741,39741,2026-08-02T00:14:42.000000,R-20,6,1460.5817
GPS,gps-39741,39741,2026-08-02T00:14:42.000000,R-20,12,1153.7712
GPS,gps-39741,39741,2026-08-02T00:14:42.000000,R-20,24,2255.2150
GPS,gps-39741,39741,2026-08-02T00:14:42.000000,R-20,48,4308.9442
GPS,gps-39741,39741,2026-08-02T00:14:42.000000,R-20,72,6206.2899
GPS,gps-39741,39741,2026-08-06T00:14:42.000000,R-20,1,5.7412
GPS,gps-39741,39741,2026-08-06T00:14:42.000000,R-20,6,417.4918
GPS,gps-39741,39741,2026-08-06T00:14:42.000000,R-20,12,1137.8282
GPS,gps-39741,39741,2026-08-06T00:14:42.000000,R-20,24,2286.9348
GPS,gps-39741,39741,2026-08-06T00:14:42.000000,R-20,48,4667.2980
GPS,gps-39741,39741,2026-08-06T00:14:42.000000,R-20,72,7228.9998
GPS,gps-39741,39741,2026-08-10T00:14:42.000000,R-20,1,42.4998
GPS,gps-39741,39741,2026-08-10T00:14:42.000000,R-20,6,1087.1397
GPS,gps-39741,39741,2026-08-10T00:14:42.000000,R-20,12,1083.0901
GPS,gps-39741,39741,2026-08-10T00:14:42.000000,R-20,24,2108.4063
GPS,gps-39741,39741,2026-08-10T00:14:42.000000,R-20,48,4052.5876
GPS,gps-39741,39741,2026-08-10T00:14:42.000000,R-20,72,5980.8008
GPS,gps-40105,40105,2026-08-02T00:14:42.000000,R-20,1,26.5743
GPS,gps-40105,40105,2026-08-02T00:14:42.000000,R-20,6,750.9602
GPS,gps-40105,40105,2026-08-02T00:14:42.000000,R-20,12,1410.1789
GPS,gps-40105,40105,2026-08-02T00:14:42.000000,R-20,24,2948.9479
GPS,gps-40105,40105,2026-08-02T00:14:42.000000,R-20,48,6262.6934
GPS,gps-40105,40105,2026-08-02T00:14:42.000000,R-20,72,9602.5071
GPS,gps-40105,40105,2026-08-06T00:14:42.000000,R-20,1,15.4898
GPS,gps-40105,40105,2026-08-06T00:14:42.000000,R-20,6,404.3911
GPS,gps-40105,40105,2026-08-06T00:14:42.000000,R-20,12,481.3354
GPS,gps-40105,40105,2026-08-06T00:14:42.000000,R-20,24,1002.7349
GPS,gps-40105,40105,2026-08-06T00:14:42.000000,R-20,48,2308.5599
GPS,gps-40105,40105,2026-08-06T00:14:42.000000,R-20,72,4090.3055
GPS,gps-40105,40105,2026-08-10T00:14:42.000000,R-20,1,30.0137
GPS,gps-40105,40105,2026-08-10T00:14:42.000000,R-20,6,844.5064
GPS,gps-40105,40105,2026-08-10T00:14:42.000000,R-20,12,952.1298
GPS,gps-40105,40105,2026-08-10T00:14:42.000000,R-20,24,1894.2095
GPS,gps-40105,40105,2026-08-10T00:14:42.000000,R-20,48,3579.0514
GPS,gps-40105,40105,2026-08-10T00:14:42.000000,R-20,72,4773.4399
GPS,gps-40294,40294,2026-08-02T00:14:42.000000,R-20,1,24.9957
GPS,gps-40294,40294,2026-08-02T00:14:42.000000,R-20,6,794.8710
GPS,gps-40294,40294,2026-08-02T00:14:42.000000,R-20,12,722.6884
GPS,gps-40294,40294,2026-08-02T00:14:42.000000,R-20,24,1349.3709
GPS,gps-40294,40294,2026-08-02T00:14:42.000000,R-20,48,2300.4529
GPS,gps-40294,40294,2026-08-02T00:14:42.000000,R-20,72,2883.5145
GPS,gps-40294,40294,2026-08-06T00:14:42.000000,R-20,1,22.3595
GPS,gps-40294,40294,2026-08-06T00:14:42.000000,R-20,6,811.7332
GPS,gps-40294,40294,2026-08-06T00:14:42.000000,R-20,12,495.1222
GPS,gps-40294,40294,2026-08-06T00:14:42.000000,R-20,24,1004.4903
GPS,gps-40294,40294,2026-08-06T00:14:42.000000,R-20,48,2001.9783
GPS,gps-40294,40294,2026-08-06T00:14:42.000000,R-20,72,2934.2888
GPS,gps-40294,40294,2026-08-10T00:14:42.000000,R-20,1,20.3376
GPS,gps-40294,40294,2026-08-10T00:14:42.000000,R-20,6,1223.8255
GPS,gps-40294,40294,2026-08-10T00:14:42.000000,R-20,12,1811.7822
GPS,gps-40294,40294,2026-08-10T00:14:42.000000,R-20,24,3557.2804
GPS,gps-40294,40294,2026-08-10T00:14:42.000000,R-20,48,6911.6150
GPS,gps-40294,40294,2026-08-10T00:14:42.000000,R-20,72,10190.0651
GPS,gps-40534,40534,2026-08-02T00:14:42.000000,R-20,1,20.7178
GPS,gps-40534,40534,2026-08-02T00:14:42.000000,R-20,6,550.7209
GPS,gps-40534,40534,2026-08-02T00:14:42.000000,R-20,12,1059.2513
GPS,gps-40534,40534,2026-08-02T00:14:42.000000,R-20,24,2237.2566
GPS,gps-40534,40534,2026-08-02T00:14:42.000000,R-20,48,4834.1850
GPS,gps-40534,40534,2026-08-02T00:14:42.000000,R-20,72,7465.3555
GPS,gps-40534,40534,2026-08-06T00:14:42.000000,R-20,1,22.7146
GPS,gps-40534,40534,2026-08-06T00:14:42.000000,R-20,6,511.4976
GPS,gps-40534,40534,2026-08-06T00:14:42.000000,R-20,12,1078.4823
GPS,gps-40534,40534,2026-08-06T00:14:42.000000,R-20,24,1933.5813
GPS,gps-40534,40534,2026-08-06T00:14:42.000000,R-20,48,2889.4133
GPS,gps-40534,40534,2026-08-06T00:14:42.000000,R-20,72,2885.4752
GPS,gps-40534,40534,2026-08-10T00:14:42.000000,R-20,1,25.4052
GPS,gps-40534,40534,2026-08-10T00:14:42.000000,R-20,6,862.3900
GPS,gps-40534,40534,2026-08-10T00:14:42.000000,R-20,12,1958.3954
GPS,gps-40534,40534,2026-08-10T00:14:42.000000,R-20,24,3920.3798
GPS,gps-40534,40534,2026-08-10T00:14:42.000000,R-20,48,7561.2141
GPS,gps-40534,40534,2026-08-10T00:14:42.000000,R-20,72,10427.0573
GPS,gps-40730,40730,2026-08-02T00:14:42.000000,R-20,1,15.4824
GPS,gps-40730,40730,2026-08-02T00:14:42.000000,R-20,6,575.2928
GPS,gps-40730,40730,2026-08-02T00:14:42.000000,R-20,12,1010.3878
GPS,gps-40730,40730,2026-08-02T00:14:42.000000,R-20,24,1929.5860
GPS,gps-40730,40730,2026-08-02T00:14:42.000000,R-20,48,3355.6346
GPS,gps-40730,40730,2026-08-02T00:14:42.000000,R-20,72,4067.7352
GPS,gps-40730,40730,2026-08-06T00:14:42.000000,R-20,1,22.0069
GPS,gps-40730,40730,2026-08-06T00:14:42.000000,R-20,6,446.0999
GPS,gps-40730,40730,2026-08-06T00:14:42.000000,R-20,12,806.0450
GPS,gps-40730,40730,2026-08-06T00:14:42.000000,R-20,24,1463.1296
GPS,gps-40730,40730,2026-08-06T00:14:42.000000,R-20,48,2562.6130
GPS,gps-40730,40730,2026-08-06T00:14:42.000000,R-20,72,3847.1969
GPS,gps-40730,40730,2026-08-10T00:14:42.000000,R-20,1,31.1257
GPS,gps-40730,40730,2026-08-10T00:14:42.000000,R-20,6,555.1010
GPS,gps-40730,40730,2026-08-10T00:14:42.000000,R-20,12,843.0684
GPS,gps-40730,40730,2026-08-10T00:14:42.000000,R-20,24,1948.7226
GPS,gps-40730,40730,2026-08-10T00:14:42.000000,R-20,48,4906.4614
GPS,gps-40730,40730,2026-08-10T00:14:42.000000,R-20,72,8589.3398
GPS,gps-41019,41019,2026-08-02T00:14:42.000000,R-20,1,24.1579
GPS,gps-41019,41019,2026-08-02T00:14:42.000000,R-20,6,996.8282
GPS,gps-41019,41019,2026-08-02T00:14:42.000000,R-20,12,764.8624
GPS,gps-41019,41019,2026-08-02T00:14:42.000000,R-20,24,1575.4484
GPS,gps-41019,41019,2026-08-02T00:14:42.000000,R-20,48,3354.9022
GPS,gps-41019,41019,2026-08-02T00:14:42.000000,R-20,72,5370.3598
GPS,gps-41019,41019,2026-08-06T00:14:42.000000,R-20,1,13.9199
GPS,gps-41019,41019,2026-08-06T00:14:42.000000,R-20,6,524.7596
GPS,gps-41019,41019,2026-08-06T00:14:42.000000,R-20,12,1432.7861
GPS,gps-41019,41019,2026-08-06T00:14:42.000000,R-20,24,2890.9759
GPS,gps-41019,41019,2026-08-06T00:14:42.000000,R-20,48,5780.1714
GPS,gps-41019,41019,2026-08-06T00:14:42.000000,R-20,72,8443.7288
GPS,gps-41019,41019,2026-08-10T00:14:42.000000,R-20,1,33.7780
GPS,gps-41019,41019,2026-08-10T00:14:42.000000,R-20,6,1071.4843
GPS,gps-41019,41019,2026-08-10T00:14:42.000000,R-20,12,1120.8275
GPS,gps-41019,41019,2026-08-10T00:14:42.000000,R-20,24,2356.2912
GPS,gps-41019,41019,2026-08-10T00:14:42.000000,R-20,48,5100.2959
GPS,gps-41019,41019,2026-08-10T00:14:42.000000,R-20,72,8035.4925
GPS,gps-41328,41328,2026-08-02T00:14:42.000000,R-20,1,22.6640
GPS,gps-41328,41328,2026-08-02T00:14:42.000000,R-20,6,370.1311
GPS,gps-41328,41328,2026-08-02T00:14:42.000000,R-20,12,726.9937
GPS,gps-41328,41328,2026-08-02T00:14:42.000000,R-20,24,1567.3656
GPS,gps-41328,41328,2026-08-02T00:14:42.000000,R-20,48,3511.1358
GPS,gps-41328,41328,2026-08-02T00:14:42.000000,R-20,72,5580.9669
GPS,gps-41328,41328,2026-08-06T00:14:42.000000,R-20,1,11.3444
GPS,gps-41328,41328,2026-08-06T00:14:42.000000,R-20,6,779.5619
GPS,gps-41328,41328,2026-08-06T00:14:42.000000,R-20,12,1410.8358
GPS,gps-41328,41328,2026-08-06T00:14:42.000000,R-20,24,2610.5776
GPS,gps-41328,41328,2026-08-06T00:14:42.000000,R-20,48,4249.8243
GPS,gps-41328,41328,2026-08-06T00:14:42.000000,R-20,72,4846.0465
GPS,gps-41328,41328,2026-08-10T00:14:42.000000,R-20,1,40.3244
GPS,gps-41328,41328,2026-08-10T00:14:42.000000,R-20,6,837.4276
GPS,gps-41328,41328,2026-08-10T00:14:42.000000,R-20,12,1105.3508
GPS,gps-41328,41328,2026-08-10T00:14:42.000000,R-20,24,2237.8207
GPS,gps-41328,41328,2026-08-10T00:14:42.000000,R-20,48,4910.6903
GPS,gps-41328,41328,2026-08-10T00:14:42.000000,R-20,72,8523.5132
GPS,gps-43873,43873,2026-08-02T00:14:42.000000,R-20,1,24.3562
GPS,gps-43873,43873,2026-08-02T00:14:42.000000,R-20,6,895.6604
GPS,gps-43873,43873,2026-08-02T00:14:42.000000,R-20,12,951.3315
GPS,gps-43873,43873,2026-08-02T00:14:42.000000,R-20,24,2031.5288
GPS,gps-43873,43873,2026-08-02T00:14:42.000000,R-20,48,4452.5477
GPS,gps-43873,43873,2026-08-02T00:14:42.000000,R-20,72,6952.6574
GPS,gps-43873,43873,2026-08-06T00:14:42.000000,R-20,1,20.9529
GPS,gps-43873,43873,2026-08-06T00:14:42.000000,R-20,6,276.3318
GPS,gps-43873,43873,2026-08-06T00:14:42.000000,R-20,12,416.4328
GPS,gps-43873,43873,2026-08-06T00:14:42.000000,R-20,24,942.0589
GPS,gps-43873,43873,2026-08-06T00:14:42.000000,R-20,48,2441.9673
GPS,gps-43873,43873,2026-08-06T00:14:42.000000,R-20,72,4599.0041
GPS,gps-43873,43873,2026-08-10T00:14:42.000000,R-20,1,24.1541
GPS,gps-43873,43873,2026-08-10T00:14:42.000000,R-20,6,1113.8784
GPS,gps-43873,43873,2026-08-10T00:14:42.000000,R-20,12,2850.6016
GPS,gps-43873,43873,2026-08-10T00:14:42.000000,R-20,24,5696.5702
GPS,gps-43873,43873,2026-08-10T00:14:42.000000,R-20,48,11162.3314
GPS,gps-43873,43873,2026-08-10T00:14:42.000000,R-20,72,16051.7674
GPS,gps-44506,44506,2026-08-02T00:14:42.000000,R-20,1,39.1288
GPS,gps-44506,44506,2026-08-02T00:14:42.000000,R-20,6,635.4672
GPS,gps-44506,44506,2026-08-02T00:14:42.000000,R-20,12,1284.7080
GPS,gps-44506,44506,2026-08-02T00:14:42.000000,R-20,24,2614.7997
GPS,gps-44506,44506,2026-08-02T00:14:42.000000,R-20,48,5423.4377
GPS,gps-44506,44506,2026-08-02T00:14:42.000000,R-20,72,8422.5806
GPS,gps-44506,44506,2026-08-06T00:14:42.000000,R-20,1,14.8297
GPS,gps-44506,44506,2026-08-06T00:14:42.000000,R-20,6,688.7445
GPS,gps-44506,44506,2026-08-06T00:14:42.000000,R-20,12,781.9859
GPS,gps-44506,44506,2026-08-06T00:14:42.000000,R-20,24,1588.5553
GPS,gps-44506,44506,2026-08-06T00:14:42.000000,R-20,48,3304.7791
GPS,gps-44506,44506,2026-08-06T00:14:42.000000,R-20,72,5203.3724
GPS,gps-44506,44506,2026-08-10T00:14:42.000000,R-20,1,25.2697
GPS,gps-44506,44506,2026-08-10T00:14:42.000000,R-20,6,562.0921
GPS,gps-44506,44506,2026-08-10T00:14:42.000000,R-20,12,1382.5784
GPS,gps-44506,44506,2026-08-10T00:14:42.000000,R-20,24,2835.5257
GPS,gps-44506,44506,2026-08-10T00:14:42.000000,R-20,48,5886.1205
GPS,gps-44506,44506,2026-08-10T00:14:42.000000,R-20,72,8967.3115
GPS,gps-45854,45854,2026-08-02T00:14:42.000000,R-20,1,32.1805
GPS,gps-45854,45854,2026-08-02T00:14:42.000000,R-20,6,532.2234
GPS,gps-45854,45854,2026-08-02T00:14:42.000000,R-20,12,506.5969
GPS,gps-45854,45854,2026-08-02T00:14:42.000000,R-20,24,957.8171
GPS,gps-45854,45854,2026-08-02T00:14:42.000000,R-20,48,1652.4374
GPS,gps-45854,45854,2026-08-02T00:14:42.000000,R-20,72,2017.2867
GPS,gps-45854,45854,2026-08-06T00:14:42.000000,R-20,1,15.2622
GPS,gps-45854,45854,2026-08-06T00:14:42.000000,R-20,6,1314.8977
GPS,gps-45854,45854,2026-08-06T00:14:42.000000,R-20,12,1808.1854
GPS,gps-45854,45854,2026-08-06T00:14:42.000000,R-20,24,3635.1554
GPS,gps-45854,45854,2026-08-06T00:14:42.000000,R-20,48,7264.8988
GPS,gps-45854,45854,2026-08-06T00:14:42.000000,R-20,72,10719.4214
GPS,gps-45854,45854,2026-08-10T00:14:42.000000,R-20,1,27.4798
GPS,gps-45854,45854,2026-08-10T00:14:42.000000,R-20,6,855.4955
GPS,gps-45854,45854,2026-08-10T00:14:42.000000,R-20,12,450.4327
GPS,gps-45854,45854,2026-08-10T00:14:42.000000,R-20,24,878.6550
GPS,gps-45854,45854,2026-08-10T00:14:42.000000,R-20,48,1648.5435
GPS,gps-45854,45854,2026-08-10T00:14:42.000000,R-20,72,2246.5332
GPS,gps-46826,46826,2026-08-02T00:14:42.000000,R-20,1,23.3738
GPS,gps-46826,46826,2026-08-02T00:14:42.000000,R-20,6,706.6115
GPS,gps-46826,46826,2026-08-02T00:14:42.000000,R-20,12,581.3000
GPS,gps-46826,46826,2026-08-02T00:14:42.000000,R-20,24,1237.5787
GPS,gps-46826,46826,2026-08-02T00:14:42.000000,R-20,48,2772.2571
GPS,gps-46826,46826,2026-08-02T00:14:42.000000,R-20,72,4424.3206
GPS,gps-46826,46826,2026-08-06T00:14:42.000000,R-20,1,21.3141
GPS,gps-46826,46826,2026-08-06T00:14:42.000000,R-20,6,1180.2909
GPS,gps-46826,46826,2026-08-06T00:14:42.000000,R-20,12,1042.4871
GPS,gps-46826,46826,2026-08-06T00:14:42.000000,R-20,24,1897.6587
GPS,gps-46826,46826,2026-08-06T00:14:42.000000,R-20,48,2969.7370
GPS,gps-46826,46826,2026-08-06T00:14:42.000000,R-20,72,3280.8443
GPS,gps-46826,46826,2026-08-10T00:14:42.000000,R-20,1,22.1890
GPS,gps-46826,46826,2026-08-10T00:14:42.000000,R-20,6,828.2047
GPS,gps-46826,46826,2026-08-10T00:14:42.000000,R-20,12,1643.4453
GPS,gps-46826,46826,2026-08-10T00:14:42.000000,R-20,24,3290.5044
GPS,gps-46826,46826,2026-08-10T00:14:42.000000,R-20,48,6328.3030
GPS,gps-46826,46826,2026-08-10T00:14:42.000000,R-20,72,8673.5357
GPS,gps-48859,48859,2026-08-02T00:14:42.000000,R-20,1,19.5658
GPS,gps-48859,48859,2026-08-02T00:14:42.000000,R-20,6,1605.9793
GPS,gps-48859,48859,2026-08-02T00:14:42.000000,R-20,12,2502.5627
GPS,gps-48859,48859,2026-08-02T00:14:42.000000,R-20,24,4956.8486
GPS,gps-48859,48859,2026-08-02T00:14:42.000000,R-20,48,9722.4616
GPS,gps-48859,48859,2026-08-02T00:14:42.000000,R-20,72,14329.7848
GPS,gps-48859,48859,2026-08-06T00:14:42.000000,R-20,1,17.1609
GPS,gps-48859,48859,2026-08-06T00:14:42.000000,R-20,6,239.5591
GPS,gps-48859,48859,2026-08-06T00:14:42.000000,R-20,12,556.0336
GPS,gps-48859,48859,2026-08-06T00:14:42.000000,R-20,24,1112.6814
GPS,gps-48859,48859,2026-08-06T00:14:42.000000,R-20,48,2286.2679
GPS,gps-48859,48859,2026-08-06T00:14:42.000000,R-20,72,3641.7541
GPS,gps-48859,48859,2026-08-10T00:14:42.000000,R-20,1,45.1185
GPS,gps-48859,48859,2026-08-10T00:14:42.000000,R-20,6,752.0222
GPS,gps-48859,48859,2026-08-10T00:14:42.000000,R-20,12,465.6933
GPS,gps-48859,48859,2026-08-10T00:14:42.000000,R-20,24,878.0989
GPS,gps-48859,48859,2026-08-10T00:14:42.000000,R-20,48,1585.2108
GPS,gps-48859,48859,2026-08-10T00:14:42.000000,R-20,72,2246.3417
GPS,gps-55268,55268,2026-08-02T00:14:42.000000,R-20,1,28.9150
GPS,gps-55268,55268,2026-08-02T00:14:42.000000,R-20,6,1874.2861
GPS,gps-55268,55268,2026-08-02T00:14:42.000000,R-20,12,1454.6054
GPS,gps-55268,55268,2026-08-02T00:14:42.000000,R-20,24,2777.2802
GPS,gps-55268,55268,2026-08-02T00:14:42.000000,R-20,48,4903.1421
GPS,gps-55268,55268,2026-08-02T00:14:42.000000,R-20,72,6191.7409
GPS,gps-55268,55268,2026-08-06T00:14:42.000000,R-20,1,15.2557
GPS,gps-55268,55268,2026-08-06T00:14:42.000000,R-20,6,157.9851
GPS,gps-55268,55268,2026-08-06T00:14:42.000000,R-20,12,915.4209
GPS,gps-55268,55268,2026-08-06T00:14:42.000000,R-20,24,1961.6176
GPS,gps-55268,55268,2026-08-06T00:14:42.000000,R-20,48,4242.1040
GPS,gps-55268,55268,2026-08-06T00:14:42.000000,R-20,72,6331.5774
GPS,gps-55268,55268,2026-08-10T00:14:42.000000,R-20,1,32.2768
GPS,gps-55268,55268,2026-08-10T00:14:42.000000,R-20,6,456.7478
GPS,gps-55268,55268,2026-08-10T00:14:42.000000,R-20,12,1095.3437
GPS,gps-55268,55268,2026-08-10T00:14:42.000000,R-20,24,1876.8779
GPS,gps-55268,55268,2026-08-10T00:14:42.000000,R-20,48,2548.0390
GPS,gps-55268,55268,2026-08-10T00:14:42.000000,R-20,72,2368.6206
GPS,gps-62339,62339,2026-08-02T00:14:42.000000,R-20,1,23.4801
GPS,gps-62339,62339,2026-08-02T00:14:42.000000,R-20,6,696.9032
GPS,gps-62339,62339,2026-08-02T00:14:42.000000,R-20,12,587.8344
GPS,gps-62339,62339,2026-08-02T00:14:42.000000,R-20,24,1120.1121
GPS,gps-62339,62339,2026-08-02T00:14:42.000000,R-20,48,1993.5374
GPS,gps-62339,62339,2026-08-02T00:14:42.000000,R-20,72,2613.5703
GPS,gps-62339,62339,2026-08-06T00:14:42.000000,R-20,1,22.2278
GPS,gps-62339,62339,2026-08-06T00:14:42.000000,R-20,6,244.6864
GPS,gps-62339,62339,2026-08-06T00:14:42.000000,R-20,12,205.4608
GPS,gps-62339,62339,2026-08-06T00:14:42.000000,R-20,24,458.5584
GPS,gps-62339,62339,2026-08-06T00:14:42.000000,R-20,48,1091.3311
GPS,gps-62339,62339,2026-08-06T00:14:42.000000,R-20,72,1859.2330
GPS,gps-62339,62339,2026-08-10T00:14:42.000000,R-20,1,22.7384
GPS,gps-62339,62339,2026-08-10T00:14:42.000000,R-20,6,1916.3400
GPS,gps-62339,62339,2026-08-10T00:14:42.000000,R-20,12,2827.8247
GPS,gps-62339,62339,2026-08-10T00:14:42.000000,R-20,24,5707.4801
GPS,gps-62339,62339,2026-08-10T00:14:42.000000,R-20,48,11553.1598
GPS,gps-62339,62339,2026-08-10T00:14:42.000000,R-20,72,17388.4503
GPS,gps-64202,64202,2026-08-02T00:14:42.000000,R-20,1,17.1143
GPS,gps-64202,64202,2026-08-02T00:14:42.000000,R-20,6,630.0915
GPS,gps-64202,64202,2026-08-02T00:14:42.000000,R-20,12,1475.0625
GPS,gps-64202,64202,2026-08-02T00:14:42.000000,R-20,24,3006.9427
GPS,gps-64202,64202,2026-08-02T00:14:42.000000,R-20,48,6252.3544
GPS,gps-64202,64202,2026-08-02T00:14:42.000000,R-20,72,9734.4620
GPS,gps-64202,64202,2026-08-06T00:14:42.000000,R-20,1,22.9627
GPS,gps-64202,64202,2026-08-06T00:14:42.000000,R-20,6,699.3750
GPS,gps-64202,64202,2026-08-06T00:14:42.000000,R-20,12,232.0910
GPS,gps-64202,64202,2026-08-06T00:14:42.000000,R-20,24,427.3144
GPS,gps-64202,64202,2026-08-06T00:14:42.000000,R-20,48,784.2981
GPS,gps-64202,64202,2026-08-06T00:14:42.000000,R-20,72,1249.1906
GPS,gps-64202,64202,2026-08-10T00:14:42.000000,R-20,1,40.0945
GPS,gps-64202,64202,2026-08-10T00:14:42.000000,R-20,6,470.6439
GPS,gps-64202,64202,2026-08-10T00:14:42.000000,R-20,12,843.1878
GPS,gps-64202,64202,2026-08-10T00:14:42.000000,R-20,24,1781.9371
GPS,gps-64202,64202,2026-08-10T00:14:42.000000,R-20,48,3911.8463
GPS,gps-64202,64202,2026-08-10T00:14:42.000000,R-20,72,6258.0772
GPS,gps-67588,67588,2026-08-02T00:14:42.000000,R-20,1,20.0579
GPS,gps-67588,67588,2026-08-02T00:14:42.000000,R-20,6,390.0707
GPS,gps-67588,67588,2026-08-02T00:14:42.000000,R-20,12,781.2253
GPS,gps-67588,67588,2026-08-02T00:14:42.000000,R-20,24,1462.5838
GPS,gps-67588,67588,2026-08-02T00:14:42.000000,R-20,48,2569.6240
GPS,gps-67588,67588,2026-08-02T00:14:42.000000,R-20,72,3453.9358
GPS,gps-67588,67588,2026-08-06T00:14:42.000000,R-20,1,23.3814
GPS,gps-67588,67588,2026-08-06T00:14:42.000000,R-20,6,124.0578
GPS,gps-67588,67588,2026-08-06T00:14:42.000000,R-20,12,196.5961
GPS,gps-67588,67588,2026-08-06T00:14:42.000000,R-20,24,285.2349
GPS,gps-67588,67588,2026-08-06T00:14:42.000000,R-20,48,618.6234
GPS,gps-67588,67588,2026-08-06T00:14:42.000000,R-20,72,1707.8938
GPS,gps-67588,67588,2026-08-10T00:14:42.000000,R-20,1,34.2910
GPS,gps-67588,67588,2026-08-10T00:14:42.000000,R-20,6,2242.0715
GPS,gps-67588,67588,2026-08-10T00:14:42.000000,R-20,12,1845.9535
GPS,gps-67588,67588,2026-08-10T00:14:42.000000,R-20,24,3683.2985
GPS,gps-67588,67588,2026-08-10T00:14:42.000000,R-20,48,7144.5686
GPS,gps-67588,67588,2026-08-10T00:14:42.000000,R-20,72,10066.1458
GPS,gps-68791,68791,2026-08-02T00:14:42.000000,R-20,1,28.8079
GPS,gps-68791,68791,2026-08-02T00:14:42.000000,R-20,6,1069.8458
GPS,gps-68791,68791,2026-08-02T00:14:42.000000,R-20,12,1400.4699
GPS,gps-68791,68791,2026-08-02T00:14:42.000000,R-20,24,2657.1595
GPS,gps-68791,68791,2026-08-02T00:14:42.000000,R-20,48,4853.2204
GPS,gps-68791,68791,2026-08-02T00:14:42.000000,R-20,72,6869.7040
GPS,gps-68791,68791,2026-08-06T00:14:42.000000,R-20,1,26.7635
GPS,gps-68791,68791,2026-08-06T00:14:42.000000,R-20,6,1141.9849
GPS,gps-68791,68791,2026-08-06T00:14:42.000000,R-20,12,1690.5484
GPS,gps-68791,68791,2026-08-06T00:14:42.000000,R-20,24,3559.6719
GPS,gps-68791,68791,2026-08-06T00:14:42.000000,R-20,48,7972.3619
GPS,gps-68791,68791,2026-08-06T00:14:42.000000,R-20,72,13406.3977
GPS,gps-68791,68791,2026-08-10T00:14:42.000000,R-20,1,21.3971
GPS,gps-68791,68791,2026-08-10T00:14:42.000000,R-20,6,1114.9052
GPS,gps-68791,68791,2026-08-10T00:14:42.000000,R-20,12,1907.2485
GPS,gps-68791,68791,2026-08-10T00:14:42.000000,R-20,24,3901.1028
GPS,gps-68791,68791,2026-08-10T00:14:42.000000,R-20,48,7832.0412
GPS,gps-68791,68791,2026-08-10T00:14:42.000000,R-20,72,11167.4245
